Group	SubGroup	Protein	Protein ID	Entry Name	Gene	Length	Percent Coverage	Organism	Protein Description	Protein Existence	Protein Probability	Top Peptide Probability	Total Peptides	Unique Peptides	Razor Peptides	Total Spectral Count	Unique Spectral Count	Razor Spectral Count	Total Intensity	Unique Intensity	Razor Intensity	Razor Assigned Modifications	Razor Observed Modifications	Indistinguishable Proteins
1	a	sp|A0A0B4J2D5|GAL3B_HUMAN	A0A0B4J2D5	GAL3B_HUMAN	GATD3B	268	17.50	Homo sapiens OX=9606	Glutamine amidotransferase-like class 1 domain-containing protein 3B, mitochondrial 	1:Experimental evidence at protein level	1.0000	0.9990	2	0	2	2	0	2	     0	     0	     0			sp|P0DPI2|GAL3A_HUMAN
2	a	sp|A1L0T0|HACL2_HUMAN	A1L0T0	HACL2_HUMAN	ILVBL	632	10.40	Homo sapiens OX=9606	2-hydroxyacyl-CoA lyase 2 	1:Experimental evidence at protein level	1.0000	0.9990	3	3	3	3	3	3	     0	     0	     0			
3	a	sp|B0I1T2|MYO1G_HUMAN	B0I1T2	MYO1G_HUMAN	MYO1G	1018	8.30	Homo sapiens OX=9606	Unconventional myosin-Ig 	1:Experimental evidence at protein level	1.0000	0.9990	5	5	5	5	5	5	     0	     0	     0	8C(57.0215)		
4	a	sp|B5ME19|EIFCL_HUMAN	B5ME19	EIFCL_HUMAN	EIF3CL	914	4.90	Homo sapiens OX=9606	Eukaryotic translation initiation factor 3 subunit C-like protein 	1:Experimental evidence at protein level	1.0000	0.9987	4	0	4	4	0	4	     0	     0	     0	2C(57.0215)		sp|Q99613|EIF3C_HUMAN
5	a	sp|O00116|ADAS_HUMAN	O00116	ADAS_HUMAN	AGPS	658	10.90	Homo sapiens OX=9606	Alkyldihydroxyacetonephosphate synthase, peroxisomal 	1:Experimental evidence at protein level	1.0000	0.9990	4	4	4	4	4	4	     0	     0	     0	10C(57.0215)		
6	a	sp|O00148|DX39A_HUMAN	O00148	DX39A_HUMAN	DDX39A	427	28.80	Homo sapiens OX=9606	ATP-dependent RNA helicase DDX39A 	1:Experimental evidence at protein level	1.0000	0.9990	7	3	7	9	3	9	     0	     0	     0	17C(57.0215), 25M(15.9949), 29C(57.0215), 2C(57.0215), 5C(57.0215), N-term(42.0106)		
7	a	sp|O00154|BACH_HUMAN	O00154	BACH_HUMAN	ACOT7	380	9.50	Homo sapiens OX=9606	Cytosolic acyl coenzyme A thioester hydrolase 	1:Experimental evidence at protein level	1.0000	0.9990	2	2	2	2	2	2	     0	     0	     0			
8	a	sp|O00231|PSD11_HUMAN	O00231	PSD11_HUMAN	PSMD11	422	13.30	Homo sapiens OX=9606	26S proteasome non-ATPase regulatory subunit 11 	1:Experimental evidence at protein level	1.0000	0.9990	4	4	4	4	4	4	     0	     0	     0			
9	a	sp|O00299|CLIC1_HUMAN	O00299	CLIC1_HUMAN	CLIC1	241	25.70	Homo sapiens OX=9606	Chloride intracellular channel protein 1 	1:Experimental evidence at protein level	1.0000	0.9990	3	3	3	4	4	4	     0	     0	     0	10C(57.0215), 2C(57.0215)		
10	a	sp|O00303|EIF3F_HUMAN	O00303	EIF3F_HUMAN	EIF3F	357	9.20	Homo sapiens OX=9606	Eukaryotic translation initiation factor 3 subunit F 	1:Experimental evidence at protein level	1.0000	0.9990	2	2	2	2	2	2	     0	     0	     0			
11	a	sp|O00410|IPO5_HUMAN	O00410	IPO5_HUMAN	IPO5	1097	12.30	Homo sapiens OX=9606	Importin-5 	1:Experimental evidence at protein level	1.0000	0.9990	7	7	7	7	7	7	     0	     0	     0			
12	a	sp|O00541|PESC_HUMAN	O00541	PESC_HUMAN	PES1	588	4.80	Homo sapiens OX=9606	Pescadillo homolog 	1:Experimental evidence at protein level	1.0000	0.9935	2	2	2	3	3	3	     0	     0	     0			
13	a	sp|O00567|NOP56_HUMAN	O00567	NOP56_HUMAN	NOP56	594	20.40	Homo sapiens OX=9606	Nucleolar protein 56 	1:Experimental evidence at protein level	1.0000	0.9990	7	7	7	9	9	9	     0	     0	     0	5C(57.0215)		
14	a	sp|O00629|IMA3_HUMAN	O00629	IMA3_HUMAN	KPNA4	521	15.70	Homo sapiens OX=9606	Importin subunit alpha-3 	1:Experimental evidence at protein level	1.0000	0.9990	4	4	4	4	4	4	     0	     0	     0	16C(57.0215), 8C(57.0215)		
15	a	sp|O00764|PDXK_HUMAN	O00764	PDXK_HUMAN	PDXK	312	13.50	Homo sapiens OX=9606	Pyridoxal kinase 	1:Experimental evidence at protein level	1.0000	0.9990	3	3	3	3	3	3	     0	     0	     0			
16	a	sp|O14579|COPE_HUMAN	O14579	COPE_HUMAN	COPE	308	15.30	Homo sapiens OX=9606	Coatomer subunit epsilon 	1:Experimental evidence at protein level	1.0000	0.9990	2	2	2	3	3	3	     0	     0	     0		Delta:H(4)C(3)(40.031300)	
17	a	sp|O14737|PDCD5_HUMAN	O14737	PDCD5_HUMAN	PDCD5	125	19.20	Homo sapiens OX=9606	Programmed cell death protein 5 	1:Experimental evidence at protein level	1.0000	0.9990	2	2	2	2	2	2	     0	     0	     0			
18	a	sp|O14744|ANM5_HUMAN	O14744	ANM5_HUMAN	PRMT5	637	7.10	Homo sapiens OX=9606	Protein arginine N-methyltransferase 5 	1:Experimental evidence at protein level	1.0000	0.9990	3	3	3	3	3	3	     0	     0	     0			
19	a	sp|O14773|TPP1_HUMAN	O14773	TPP1_HUMAN	TPP1	563	8.20	Homo sapiens OX=9606	Tripeptidyl-peptidase 1 	1:Experimental evidence at protein level	1.0000	0.9990	3	3	3	3	3	3	     0	     0	     0			
20	a	sp|O14828|SCAM3_HUMAN	O14828	SCAM3_HUMAN	SCAMP3	347	16.40	Homo sapiens OX=9606	Secretory carrier-associated membrane protein 3 	1:Experimental evidence at protein level	1.0000	0.9989	3	3	3	3	3	3	     0	     0	     0			
21	a	sp|O14979|HNRDL_HUMAN	O14979	HNRDL_HUMAN	HNRNPDL	420	8.10	Homo sapiens OX=9606	Heterogeneous nuclear ribonucleoprotein D-like 	1:Experimental evidence at protein level	1.0000	0.9990	2	2	2	2	2	2	     0	     0	     0	3C(57.0215)	Lys->Arg(28.006100)	
22	a	sp|O14980|XPO1_HUMAN	O14980	XPO1_HUMAN	XPO1	1071	15.70	Homo sapiens OX=9606	Exportin-1 	1:Experimental evidence at protein level	1.0000	0.9990	10	10	10	10	10	10	     0	     0	     0	12C(57.0215)		
23	a	sp|O15067|PUR4_HUMAN	O15067	PUR4_HUMAN	PFAS	1338	9.50	Homo sapiens OX=9606	Phosphoribosylformylglycinamidine synthase 	1:Experimental evidence at protein level	1.0000	0.9990	6	6	6	6	6	6	     0	     0	     0	13C(57.0215), 9C(57.0215)		
24	a	sp|O15143|ARC1B_HUMAN	O15143	ARC1B_HUMAN	ARPC1B	372	14.00	Homo sapiens OX=9606	Actin-related protein 2/3 complex subunit 1B 	1:Experimental evidence at protein level	1.0000	0.9990	3	3	3	3	3	3	     0	     0	     0	12C(57.0215), N-term(42.0106)		
25	a	sp|O15144|ARPC2_HUMAN	O15144	ARPC2_HUMAN	ARPC2	300	11.70	Homo sapiens OX=9606	Actin-related protein 2/3 complex subunit 2 	1:Experimental evidence at protein level	1.0000	0.9989	3	3	3	3	3	3	     0	     0	     0			
26	a	sp|O15371|EIF3D_HUMAN	O15371	EIF3D_HUMAN	EIF3D	548	11.50	Homo sapiens OX=9606	Eukaryotic translation initiation factor 3 subunit D 	1:Experimental evidence at protein level	1.0000	0.9990	3	3	3	3	3	3	     0	     0	     0	17C(57.0215)		
27	a	sp|O15382|BCAT2_HUMAN	O15382	BCAT2_HUMAN	BCAT2	392	7.10	Homo sapiens OX=9606	Branched-chain-amino-acid aminotransferase, mitochondrial 	1:Experimental evidence at protein level	1.0000	0.9989	2	2	2	2	2	2	     0	     0	     0			
28	a	sp|O43143|DHX15_HUMAN	O43143	DHX15_HUMAN	DHX15	795	8.20	Homo sapiens OX=9606	Pre-mRNA-splicing factor ATP-dependent RNA helicase DHX15 	1:Experimental evidence at protein level	1.0000	0.9990	5	5	5	5	5	5	     0	     0	     0	2C(57.0215)		
29	a	sp|O43169|CYB5B_HUMAN	O43169	CYB5B_HUMAN	CYB5B	150	35.30	Homo sapiens OX=9606	Cytochrome b5 type B 	1:Experimental evidence at protein level	1.0000	0.9990	2	2	2	3	3	3	     0	     0	     0			
30	a	sp|O43175|SERA_HUMAN	O43175	SERA_HUMAN	PHGDH	533	20.80	Homo sapiens OX=9606	D-3-phosphoglycerate dehydrogenase 	1:Experimental evidence at protein level	1.0000	0.9990	7	7	7	9	9	9	     0	     0	     0	11C(57.0215), 5C(57.0215), 7C(57.0215)	Carbamyl(43.005800)	
31	a	sp|O43242|PSMD3_HUMAN	O43242	PSMD3_HUMAN	PSMD3	534	5.10	Homo sapiens OX=9606	26S proteasome non-ATPase regulatory subunit 3 	1:Experimental evidence at protein level	1.0000	0.9981	2	2	2	3	3	3	     0	     0	     0			
32	a	sp|O43390|HNRPR_HUMAN	O43390	HNRPR_HUMAN	HNRNPR	633	28.30	Homo sapiens OX=9606	Heterogeneous nuclear ribonucleoprotein R 	1:Experimental evidence at protein level	1.0000	0.9990	7	7	7	9	9	9	     0	     0	     0			
33	a	sp|O43396|TXNL1_HUMAN	O43396	TXNL1_HUMAN	TXNL1	289	13.80	Homo sapiens OX=9606	Thioredoxin-like protein 1 	1:Experimental evidence at protein level	1.0000	0.9990	2	2	2	2	2	2	     0	     0	     0			
34	a	sp|O43399|TPD54_HUMAN	O43399	TPD54_HUMAN	TPD52L2	206	16.50	Homo sapiens OX=9606	Tumor protein D54 	1:Experimental evidence at protein level	1.0000	0.9990	2	2	2	3	3	3	     0	     0	     0			
35	a	sp|O43660|PLRG1_HUMAN	O43660	PLRG1_HUMAN	PLRG1	514	11.10	Homo sapiens OX=9606	Pleiotropic regulator 1 	1:Experimental evidence at protein level	1.0000	0.9990	3	3	3	3	3	3	     0	     0	     0	19C(57.0215), 1C(57.0215)		
36	a	sp|O43670|ZN207_HUMAN	O43670	ZN207_HUMAN	ZNF207	478	9.00	Homo sapiens OX=9606	BUB3-interacting and GLEBS motif-containing protein ZNF207 	1:Experimental evidence at protein level	1.0000	0.9990	3	3	3	3	3	3	     0	     0	     0			
37	a	sp|O43681|GET3_HUMAN	O43681	GET3_HUMAN	GET3	348	11.20	Homo sapiens OX=9606	ATPase GET3 	1:Experimental evidence at protein level	1.0000	0.9990	2	2	2	2	2	2	     0	     0	     0			
38	a	sp|O43684|BUB3_HUMAN	O43684	BUB3_HUMAN	BUB3	328	14.60	Homo sapiens OX=9606	Mitotic checkpoint protein BUB3 	1:Experimental evidence at protein level	1.0000	0.9990	2	2	2	4	4	4	     0	     0	     0	10C(57.0215)		
39	a	sp|O43776|SYNC_HUMAN	O43776	SYNC_HUMAN	NARS1	548	12.40	Homo sapiens OX=9606	Asparagine--tRNA ligase, cytoplasmic 	1:Experimental evidence at protein level	1.0000	0.9990	4	4	4	4	4	4	     0	     0	     0	4C(57.0215)		
40	a	sp|O43837|IDH3B_HUMAN	O43837	IDH3B_HUMAN	IDH3B	385	9.10	Homo sapiens OX=9606	Isocitrate dehydrogenase [NAD] subunit beta, mitochondrial 	1:Experimental evidence at protein level	1.0000	0.9975	2	2	2	2	2	2	     0	     0	     0			
41	a	sp|O43852|CALU_HUMAN	O43852	CALU_HUMAN	CALU	315	22.90	Homo sapiens OX=9606	Calumenin 	1:Experimental evidence at protein level	1.0000	0.9990	4	4	4	6	6	6	     0	     0	     0			
42	a	sp|O60506|HNRPQ_HUMAN	O60506	HNRPQ_HUMAN	SYNCRIP	623	28.10	Homo sapiens OX=9606	Heterogeneous nuclear ribonucleoprotein Q 	1:Experimental evidence at protein level	1.0000	0.9990	8	8	8	9	9	9	     0	     0	     0	N-term(42.0106)		
43	a	sp|O60664|PLIN3_HUMAN	O60664	PLIN3_HUMAN	PLIN3	434	25.60	Homo sapiens OX=9606	Perilipin-3 	1:Experimental evidence at protein level	1.0000	0.9990	6	6	6	6	6	6	     0	     0	     0	10C(57.0215), 11C(57.0215)		
44	a	sp|O60739|EIF1B_HUMAN	O60739	EIF1B_HUMAN	EIF1B	113	35.40	Homo sapiens OX=9606	Eukaryotic translation initiation factor 1b 	1:Experimental evidence at protein level	1.0000	0.9990	2	0	2	3	0	3	     0	     0	     0	3C(57.0215)		sp|P41567|EIF1_HUMAN
45	a	sp|O60832|DKC1_HUMAN	O60832	DKC1_HUMAN	DKC1	514	13.40	Homo sapiens OX=9606	H/ACA ribonucleoprotein complex subunit DKC1 	1:Experimental evidence at protein level	1.0000	0.9990	4	4	4	4	4	4	     0	     0	     0			
46	a	sp|O60841|IF2P_HUMAN	O60841	IF2P_HUMAN	EIF5B	1220	10.10	Homo sapiens OX=9606	Eukaryotic translation initiation factor 5B 	1:Experimental evidence at protein level	1.0000	0.9990	6	6	6	7	7	7	     0	     0	     0	5C(57.0215)		
47	a	sp|O75083|WDR1_HUMAN	O75083	WDR1_HUMAN	WDR1	606	11.40	Homo sapiens OX=9606	WD repeat-containing protein 1 	1:Experimental evidence at protein level	1.0000	0.9990	3	3	3	3	3	3	     0	     0	     0	18C(57.0215)		
48	a	sp|O75340|PDCD6_HUMAN	O75340	PDCD6_HUMAN	PDCD6	191	34.00	Homo sapiens OX=9606	Programmed cell death protein 6 	1:Experimental evidence at protein level	1.0000	0.9990	3	3	3	4	4	4	     0	     0	     0			
49	a	sp|O75369|FLNB_HUMAN	O75369	FLNB_HUMAN	FLNB	2602	28.90	Homo sapiens OX=9606	Filamin-B 	1:Experimental evidence at protein level	1.0000	0.9990	42	41	41	55	54	54	     0	     0	     0	11C(57.0215), 13C(57.0215), 14C(57.0215), 16C(57.0215), 9C(57.0215)	Delta:H(4)C(3)(40.031300)	
50	a	sp|O75475|PSIP1_HUMAN	O75475	PSIP1_HUMAN	PSIP1	530	5.50	Homo sapiens OX=9606	PC4 and SFRS1-interacting protein 	1:Experimental evidence at protein level	1.0000	0.9989	2	2	2	2	2	2	     0	     0	     0			
51	a	sp|O75533|SF3B1_HUMAN	O75533	SF3B1_HUMAN	SF3B1	1304	10.40	Homo sapiens OX=9606	Splicing factor 3B subunit 1 	1:Experimental evidence at protein level	1.0000	0.9990	8	8	8	8	8	8	     0	     0	     0			
52	a	sp|O75534|CSDE1_HUMAN	O75534	CSDE1_HUMAN	CSDE1	798	2.90	Homo sapiens OX=9606	Cold shock domain-containing protein E1 	1:Experimental evidence at protein level	1.0000	0.9987	2	2	2	2	2	2	     0	     0	     0			
53	a	sp|O75607|NPM3_HUMAN	O75607	NPM3_HUMAN	NPM3	178	44.90	Homo sapiens OX=9606	Nucleoplasmin-3 	1:Experimental evidence at protein level	1.0000	0.9990	4	4	4	4	4	4	     0	     0	     0	14C(57.0215), 17C(57.0215), 3C(57.0215)		
54	a	sp|O75643|U520_HUMAN	O75643	U520_HUMAN	SNRNP200	2136	4.80	Homo sapiens OX=9606	U5 small nuclear ribonucleoprotein 200 kDa helicase 	1:Experimental evidence at protein level	1.0000	0.9990	6	6	6	7	7	7	     0	     0	     0	18C(57.0215)		
55	a	sp|O75694|NU155_HUMAN	O75694	NU155_HUMAN	NUP155	1391	2.70	Homo sapiens OX=9606	Nuclear pore complex protein Nup155 	1:Experimental evidence at protein level	1.0000	0.9990	2	2	2	2	2	2	     0	     0	     0			
56	a	sp|O75821|EIF3G_HUMAN	O75821	EIF3G_HUMAN	EIF3G	320	10.00	Homo sapiens OX=9606	Eukaryotic translation initiation factor 3 subunit G 	1:Experimental evidence at protein level	1.0000	0.9990	2	2	2	2	2	2	     0	     0	     0			
57	a	sp|O75822|EIF3J_HUMAN	O75822	EIF3J_HUMAN	EIF3J	258	31.00	Homo sapiens OX=9606	Eukaryotic translation initiation factor 3 subunit J 	1:Experimental evidence at protein level	1.0000	0.9990	5	5	5	5	5	5	     0	     0	     0	N-term(42.0106)		
58	a	sp|O75832|PSD10_HUMAN	O75832	PSD10_HUMAN	PSMD10	226	14.20	Homo sapiens OX=9606	26S proteasome non-ATPase regulatory subunit 10 	1:Experimental evidence at protein level	1.0000	0.9990	2	2	2	2	2	2	     0	     0	     0	18C(57.0215)		
59	a	sp|O75947|ATP5H_HUMAN	O75947	ATP5H_HUMAN	ATP5PD	161	23.60	Homo sapiens OX=9606	ATP synthase subunit d, mitochondrial 	1:Experimental evidence at protein level	1.0000	0.9990	2	2	2	2	2	2	     0	     0	     0			
60	a	sp|O76003|GLRX3_HUMAN	O76003	GLRX3_HUMAN	GLRX3	335	8.10	Homo sapiens OX=9606	Glutaredoxin-3 	1:Experimental evidence at protein level	1.0000	0.9989	2	2	2	2	2	2	     0	     0	     0			
61	a	sp|O76021|RL1D1_HUMAN	O76021	RL1D1_HUMAN	RSL1D1	490	11.80	Homo sapiens OX=9606	Ribosomal L1 domain-containing protein 1 	1:Experimental evidence at protein level	1.0000	0.9990	3	3	3	3	3	3	     0	     0	     0	N-term(42.0106)		
62	a	sp|O94826|TOM70_HUMAN	O94826	TOM70_HUMAN	TOMM70	608	4.10	Homo sapiens OX=9606	Mitochondrial import receptor subunit TOM70 	1:Experimental evidence at protein level	1.0000	0.9971	2	2	2	2	2	2	     0	     0	     0			
63	a	sp|O94979|SC31A_HUMAN	O94979	SC31A_HUMAN	SEC31A	1220	4.70	Homo sapiens OX=9606	Protein transport protein Sec31A 	1:Experimental evidence at protein level	1.0000	0.9990	3	3	3	3	3	3	     0	     0	     0			
64	a	sp|O95197|RTN3_HUMAN	O95197	RTN3_HUMAN	RTN3	1032	6.20	Homo sapiens OX=9606	Reticulon-3 	1:Experimental evidence at protein level	1.0000	0.9990	3	3	3	4	4	4	     0	     0	     0	33C(57.0215), N-term(42.0106)		
65	a	sp|O95292|VAPB_HUMAN	O95292	VAPB_HUMAN	VAPB	243	13.60	Homo sapiens OX=9606	Vesicle-associated membrane protein-associated protein B/C 	1:Experimental evidence at protein level	1.0000	0.9990	2	2	2	2	2	2	     0	     0	     0	1C(57.0215)		
66	a	sp|O95336|6PGL_HUMAN	O95336	6PGL_HUMAN	PGLS	258	29.80	Homo sapiens OX=9606	6-phosphogluconolactonase 	1:Experimental evidence at protein level	1.0000	0.9990	4	4	4	5	5	5	     0	     0	     0			
67	a	sp|O95373|IPO7_HUMAN	O95373	IPO7_HUMAN	IPO7	1038	11.30	Homo sapiens OX=9606	Importin-7 	1:Experimental evidence at protein level	1.0000	0.9990	7	7	7	7	7	7	     0	     0	     0	12C(57.0215), 5C(57.0215)		
68	a	sp|O95433|AHSA1_HUMAN	O95433	AHSA1_HUMAN	AHSA1	338	10.70	Homo sapiens OX=9606	Activator of 90 kDa heat shock protein ATPase homolog 1 	1:Experimental evidence at protein level	1.0000	0.9990	2	2	2	2	2	2	     0	     0	     0			
69	a	sp|O96008|TOM40_HUMAN	O96008	TOM40_HUMAN	TOMM40	361	12.70	Homo sapiens OX=9606	Mitochondrial import receptor subunit TOM40 homolog 	1:Experimental evidence at protein level	1.0000	0.9990	2	2	2	2	2	2	     0	     0	     0	18C(57.0215), 20C(57.0215), 30C(57.0215)		
70	a	sp|O96019|ACL6A_HUMAN	O96019	ACL6A_HUMAN	ACTL6A	429	11.20	Homo sapiens OX=9606	Actin-like protein 6A 	1:Experimental evidence at protein level	1.0000	0.9990	2	2	2	2	2	2	     0	     0	     0			
71	a	sp|P00338|LDHA_HUMAN	P00338	LDHA_HUMAN	LDHA	332	18.10	Homo sapiens OX=9606	L-lactate dehydrogenase A chain 	1:Experimental evidence at protein level	1.0000	0.9990	4	4	4	15	15	15	     0	     0	     0	3M(15.9949), 9C(57.0215)		
72	a	sp|P00403|COX2_HUMAN	P00403	COX2_HUMAN	MT-CO2	227	8.80	Homo sapiens OX=9606	Cytochrome c oxidase subunit 2 	1:Experimental evidence at protein level	1.0000	0.9990	1	1	1	2	2	2	     0	     0	     0	1M(15.9949)		
73	a	sp|P00441|SODC_HUMAN	P00441	SODC_HUMAN	SOD1	154	46.10	Homo sapiens	Superoxide dismutase [Cu-Zn] 	1:Experimental evidence at protein level	1.0000	0.9990	3	3	3	3	3	3	     0	     0	     0	20C(57.0215), 21C(57.0215)		
74	a	sp|P00491|PNPH_HUMAN	P00491	PNPH_HUMAN	PNP	289	33.90	Homo sapiens OX=9606	Purine nucleoside phosphorylase 	1:Experimental evidence at protein level	1.0000	0.9990	6	6	6	8	8	8	     0	     0	     0	21C(57.0215)		
75	a	sp|P00492|HPRT_HUMAN	P00492	HPRT_HUMAN	HPRT1	218	18.30	Homo sapiens OX=9606	Hypoxanthine-guanine phosphoribosyltransferase 	1:Experimental evidence at protein level	1.0000	0.9990	3	3	3	4	4	4	     0	     0	     0	6C(57.0215)		
76	a	sp|P00505|AATM_HUMAN	P00505	AATM_HUMAN	GOT2	430	8.80	Homo sapiens OX=9606	Aspartate aminotransferase, mitochondrial 	1:Experimental evidence at protein level	1.0000	0.9985	2	2	2	2	2	2	     0	     0	     0	12C(57.0215)		
77	a	sp|P00533|EGFR_HUMAN	P00533	EGFR_HUMAN	EGFR	1210	3.90	Homo sapiens OX=9606	Epidermal growth factor receptor 	1:Experimental evidence at protein level	1.0000	0.9988	3	3	3	3	3	3	     0	     0	     0	10C(57.0215)		
78	a	sp|P00558|PGK1_HUMAN	P00558	PGK1_HUMAN	PGK1	417	44.40	Homo sapiens OX=9606	Phosphoglycerate kinase 1 	1:Experimental evidence at protein level	1.0000	0.9990	13	10	13	24	19	24	     0	     0	     0	14C(57.0215), 15C(57.0215), 16M(15.9949), 19C(57.0215), 2C(57.0215), 5M(15.9949)	Carbamyl(43.005800), Carbamyl(43.005800), Delta:H(4)C(3)(40.031300)	
79	a	sp|P00568|KAD1_HUMAN	P00568	KAD1_HUMAN	AK1	194	18.00	Homo sapiens OX=9606	Adenylate kinase isoenzyme 1 	1:Experimental evidence at protein level	1.0000	0.9990	2	2	2	3	3	3	     0	     0	     0	15C(57.0215)	Delta:H(4)C(3)(40.031300)	
80	a	sp|P00734|THRB_HUMAN	P00734	THRB_HUMAN	F2	622	11.10	Homo sapiens OX=9606	Prothrombin 	1:Experimental evidence at protein level	1.0000	0.9990	4	4	4	4	4	4	     0	     0	     0	28C(57.0215), 7C(57.0215)	Carboxymethyl:13C(2)(60.012100)	
81	a	sp|P00761|TRYP_PIG	P00761	TRYP_PIG		231	21.60	Sus scrofa	Trypsin 	1:Experimental evidence at protein level	1.0000	0.9990	2	2	2	2	2	2	     0	     0	     0			
82	a	sp|P00966|ASSY_HUMAN	P00966	ASSY_HUMAN	ASS1	412	13.80	Homo sapiens OX=9606	Argininosuccinate synthase 	1:Experimental evidence at protein level	1.0000	0.9990	5	5	5	8	8	8	     0	     0	     0			
83	a	sp|P01024|CO3_HUMAN	P01024	CO3_HUMAN	C3	1663	3.10	Homo sapiens OX=9606	Complement C3 	1:Experimental evidence at protein level	1.0000	0.9990	3	3	3	4	4	4	     0	     0	     0			
84	a	sp|P02042|HBD_HUMAN	P02042	HBD_HUMAN	HBD	147	21.80	Homo sapiens OX=9606	Hemoglobin subunit delta 	1:Experimental evidence at protein level	1.0000	0.9990	2	2	2	2	2	2	     0	     0	     0	11C(57.0215)		
85	a	sp|P02545|LMNA_HUMAN	P02545	LMNA_HUMAN	LMNA	664	23.50	Homo sapiens OX=9606	Prelamin-A/C 	1:Experimental evidence at protein level	1.0000	0.9990	11	11	11	12	12	12	     0	     0	     0			
86	a	sp|P02786|TFR1_HUMAN	P02786	TFR1_HUMAN	TFRC	760	14.60	Homo sapiens OX=9606	Transferrin receptor protein 1 	1:Experimental evidence at protein level	1.0000	0.9990	6	6	6	6	6	6	     0	     0	     0			
87	a	sp|P04040|CATA_HUMAN	P04040	CATA_HUMAN	CAT	527	13.90	Homo sapiens	Catalase 	1:Experimental evidence at protein level	1.0000	0.9990	5	5	5	5	5	5	     0	     0	     0	12C(57.0215), 2C(57.0215)		
88	a	sp|P04075|ALDOA_HUMAN	P04075	ALDOA_HUMAN	ALDOA	364	48.60	Homo sapiens OX=9606	Fructose-bisphosphate aldolase A 	1:Experimental evidence at protein level	1.0000	0.9990	9	3	9	22	5	22	     0	     0	     0	10C(57.0215), 5C(57.0215)		
89	a	sp|P04080|CYTB_HUMAN	P04080	CYTB_HUMAN	CSTB	98	58.20	Homo sapiens OX=9606	Cystatin-B 	1:Experimental evidence at protein level	1.0000	0.9990	4	4	4	5	5	5	     0	     0	     0	3C(57.0215), N-term(42.0106)		
90	a	sp|P04083|ANXA1_HUMAN	P04083	ANXA1_HUMAN	ANXA1	346	29.50	Homo sapiens OX=9606	Annexin A1 	1:Experimental evidence at protein level	1.0000	0.9990	6	6	6	7	7	7	     0	     0	     0	21C(57.0215), 5M(15.9949)	Delta:H(4)C(3)(40.031300)	
91	a	sp|P04406|G3P_HUMAN	P04406	G3P_HUMAN	GAPDH	335	46.30	Homo sapiens OX=9606	Glyceraldehyde-3-phosphate dehydrogenase 	1:Experimental evidence at protein level	1.0000	0.9990	10	10	10	41	41	41	     0	     0	     0	11C(57.0215), 12M(15.9949), 13C(57.0215), 13M(15.9949), 15M(15.9949), 19M(15.9949), 7C(57.0215)	Cation:Ca[II](37.946900), Cation:Fe[III](52.911400)	
92	a	sp|P04632|CPNS1_HUMAN	P04632	CPNS1_HUMAN	CAPNS1	268	14.60	Homo sapiens OX=9606	Calpain small subunit 1 	1:Experimental evidence at protein level	1.0000	0.9990	2	2	2	2	2	2	     0	     0	     0			
93	a	sp|P04792|HSPB1_HUMAN	P04792	HSPB1_HUMAN	HSPB1	205	40.00	Homo sapiens OX=9606	Heat shock protein beta-1 	1:Experimental evidence at protein level	1.0000	0.9990	4	4	4	5	5	5	     0	     0	     0		Cation:Fe[III](52.911400)	
94	a	sp|P04843|RPN1_HUMAN	P04843	RPN1_HUMAN	RPN1	607	15.00	Homo sapiens OX=9606	Dolichyl-diphosphooligosaccharide--protein glycosyltransferase subunit 1 	1:Experimental evidence at protein level	1.0000	0.9990	5	5	5	5	5	5	     0	     0	     0			
95	a	sp|P04844|RPN2_HUMAN	P04844	RPN2_HUMAN	RPN2	631	16.60	Homo sapiens OX=9606	Dolichyl-diphosphooligosaccharide--protein glycosyltransferase subunit 2 	1:Experimental evidence at protein level	1.0000	0.9990	5	5	5	5	5	5	     0	     0	     0			
96	a	sp|P05198|IF2A_HUMAN	P05198	IF2A_HUMAN	EIF2S1	315	12.40	Homo sapiens OX=9606	Eukaryotic translation initiation factor 2 subunit 1 	1:Experimental evidence at protein level	1.0000	0.9990	2	2	2	3	3	3	     0	     0	     0			
97	a	sp|P05386|RLA1_HUMAN	P05386	RLA1_HUMAN	RPLP1	114	37.70	Homo sapiens OX=9606	60S acidic ribosomal protein P1 	1:Experimental evidence at protein level	1.0000	0.9990	1	1	1	5	5	5	     0	     0	     0	12C(57.0215)		
98	a	sp|P05387|RLA2_HUMAN	P05387	RLA2_HUMAN	RPLP2	115	69.60	Homo sapiens OX=9606	60S acidic ribosomal protein P2 	1:Experimental evidence at protein level	1.0000	0.9990	4	4	4	11	11	11	     0	     0	     0			
99	a	sp|P05388|RLA0_HUMAN	P05388	RLA0_HUMAN	RPLP0	317	20.20	Homo sapiens OX=9606	60S acidic ribosomal protein P0 	1:Experimental evidence at protein level	1.0000	0.9990	3	1	1	8	2	2	     0	     0	     0			
100	a	sp|P05455|LA_HUMAN	P05455	LA_HUMAN	SSB	408	8.80	Homo sapiens OX=9606	Lupus La protein 	1:Experimental evidence at protein level	1.0000	0.9990	2	2	2	2	2	2	     0	     0	     0	2C(57.0215)	Phospho(79.966300)	
101	a	sp|P05556|ITB1_HUMAN	P05556	ITB1_HUMAN	ITGB1	798	6.50	Homo sapiens OX=9606	Integrin beta-1 	1:Experimental evidence at protein level	1.0000	0.9990	3	3	3	3	3	3	     0	     0	     0	13C(57.0215)		
102	a	sp|P05783|K1C18_HUMAN	P05783	K1C18_HUMAN	KRT18	430	31.60	Homo sapiens OX=9606	Keratin, type I cytoskeletal 18 	1:Experimental evidence at protein level	1.0000	0.9990	9	9	9	18	18	18	     0	     0	     0	20M(15.9949), 3M(15.9949)		
103	a	sp|P06396|GELS_HUMAN	P06396	GELS_HUMAN	GSN	782	5.60	Homo sapiens	Gelsolin 	1:Experimental evidence at protein level	1.0000	0.9990	3	3	3	3	3	3	     0	     0	     0	4C(57.0215)		
104	a	sp|P06454|PTMA_HUMAN	P06454	PTMA_HUMAN	PTMA	111	13.50	Homo sapiens OX=9606	Prothymosin alpha 	1:Experimental evidence at protein level	1.0000	0.9990	3	3	3	3	3	3	     0	     0	     0			
105	a	sp|P06576|ATPB_HUMAN	P06576	ATPB_HUMAN	ATP5F1B	529	29.30	Homo sapiens OX=9606	ATP synthase subunit beta, mitochondrial 	1:Experimental evidence at protein level	1.0000	0.9990	9	9	9	12	12	12	     0	     0	     0	16M(15.9949), 2M(15.9949)	Delta:H(4)C(3)(40.031300)	
106	a	sp|P06733|ENOA_HUMAN	P06733	ENOA_HUMAN	ENO1	434	53.00	Homo sapiens OX=9606	Alpha-enolase 	1:Experimental evidence at protein level	1.0000	0.9990	15	12	15	56	48	56	     0	     0	     0	10M(15.9949), 14C(57.0215), 3M(15.9949), 5M(15.9949), 7M(15.9949)	Amidine(41.026500), Carbamyl(43.005800), Cation:Ca[II](37.946900), Cation:Fe[III](52.911400), Cation:Fe[II](53.919200), Delta:H(4)C(3)(40.031300), Delta:H(4)C(3)(40.031300)	
107	a	sp|P06744|G6PI_HUMAN	P06744	G6PI_HUMAN	GPI	558	21.00	Homo sapiens OX=9606	Glucose-6-phosphate isomerase 	1:Experimental evidence at protein level	1.0000	0.9990	8	8	8	11	11	11	     0	     0	     0	4C(57.0215)		
108	a	sp|P06748|NPM_HUMAN	P06748	NPM_HUMAN	NPM1	294	41.50	Homo sapiens OX=9606	Nucleophosmin 	1:Experimental evidence at protein level	1.0000	0.9990	6	6	6	34	34	34	     0	     0	     0	11M(15.9949), 1C(57.0215), 1M(15.9949), 21C(57.0215), 5M(15.9949), 7M(15.9949), N-term(42.0106)	Phospho(79.966300), Phospho(79.966300), Phospho(79.966300)	
109	a	sp|P07108|ACBP_HUMAN	P07108	ACBP_HUMAN	DBI	87	41.40	Homo sapiens OX=9606	Acyl-CoA-binding protein 	1:Experimental evidence at protein level	1.0000	0.9990	2	2	2	2	2	2	     0	     0	     0			
110	a	sp|P07195|LDHB_HUMAN	P07195	LDHB_HUMAN	LDHB	334	20.40	Homo sapiens OX=9606	L-lactate dehydrogenase B chain 	1:Experimental evidence at protein level	1.0000	0.9990	4	4	4	11	11	11	     0	     0	     0	13C(57.0215), 3M(15.9949)		
111	a	sp|P07203|GPX1_HUMAN	P07203	GPX1_HUMAN	GPX1	203	23.60	Homo sapiens OX=9606	Glutathione peroxidase 1 	1:Experimental evidence at protein level	1.0000	0.9990	3	3	3	3	3	3	     0	     0	     0	9C(57.0215)		
112	a	sp|P07205|PGK2_HUMAN	P07205	PGK2_HUMAN	PGK2	417	18.50	Homo sapiens OX=9606	Phosphoglycerate kinase 2 	1:Experimental evidence at protein level	1.0000	0.9990	5	2	2	8	3	3	     0	     0	     0	2C(57.0215)		
113	a	sp|P07237|PDIA1_HUMAN	P07237	PDIA1_HUMAN	P4HB	508	23.20	Homo sapiens OX=9606	Protein disulfide-isomerase 	1:Experimental evidence at protein level	1.0000	0.9990	9	9	9	10	10	10	     0	     0	     0		Pro->HAVA(18.010500)	
114	a	sp|P07355|ANXA2_HUMAN	P07355	ANXA2_HUMAN	ANXA2	339	34.50	Homo sapiens OX=9606	Annexin A2 	1:Experimental evidence at protein level	1.0000	0.9990	8	3	8	14	5	14	     0	     0	     0	13C(57.0215), 14C(57.0215)	Cation:Fe[III](52.911400), DTT(151.996500)	
115	a	sp|P07602|SAP_HUMAN	P07602	SAP_HUMAN	PSAP	524	7.60	Homo sapiens OX=9606	Prosaposin 	1:Experimental evidence at protein level	1.0000	0.9990	2	2	2	2	2	2	     0	     0	     0			
116	a	sp|P07686|HEXB_HUMAN	P07686	HEXB_HUMAN	HEXB	556	6.70	Homo sapiens OX=9606	Beta-hexosaminidase subunit beta 	1:Experimental evidence at protein level	1.0000	0.9987	2	2	2	2	2	2	     0	     0	     0			
117	a	sp|P07737|PROF1_HUMAN	P07737	PROF1_HUMAN	PFN1	140	60.00	Homo sapiens OX=9606	Profilin-1 	1:Experimental evidence at protein level	1.0000	0.9990	6	6	6	10	10	10	     0	     0	     0	11M(15.9949), 16C(57.0215), 17C(57.0215), 1C(57.0215), N-term(42.0106)	Cation:Fe[II](53.919200), Delta:H(4)C(3)(40.031300)	
118	a	sp|P07814|SYEP_HUMAN	P07814	SYEP_HUMAN	EPRS1	1512	11.80	Homo sapiens OX=9606	Bifunctional glutamate/proline--tRNA ligase 	1:Experimental evidence at protein level	1.0000	0.9990	9	9	9	10	10	10	     0	     0	     0	10C(57.0215), 11C(57.0215), 17C(57.0215), 3C(57.0215), 4C(57.0215)		
119	a	sp|P07919|QCR6_HUMAN	P07919	QCR6_HUMAN	UQCRH	91	19.80	Homo sapiens OX=9606	Cytochrome b-c1 complex subunit 6, mitochondrial 	1:Experimental evidence at protein level	1.0000	0.9990	1	1	1	2	2	2	     0	     0	     0	7C(57.0215)		
120	a	sp|P07954|FUMH_HUMAN	P07954	FUMH_HUMAN	FH	510	19.20	Homo sapiens OX=9606	Fumarate hydratase, mitochondrial 	1:Experimental evidence at protein level	1.0000	0.9990	4	4	4	4	4	4	     0	     0	     0	22C(57.0215)		
121	a	sp|P08133|ANXA6_HUMAN	P08133	ANXA6_HUMAN	ANXA6	673	8.00	Homo sapiens OX=9606	Annexin A6 	1:Experimental evidence at protein level	1.0000	0.9990	3	3	3	3	3	3	     0	     0	     0			
122	a	sp|P08174|DAF_HUMAN	P08174	DAF_HUMAN	CD55	381	18.90	Homo sapiens OX=9606	Complement decay-accelerating factor 	1:Experimental evidence at protein level	1.0000	0.9990	4	4	4	7	7	7	     0	     0	     0	12C(57.0215), 19C(57.0215), 28C(57.0215), 4C(57.0215)		
123	a	sp|P08195|4F2_HUMAN	P08195	4F2_HUMAN	SLC3A2	630	22.50	Homo sapiens OX=9606	4F2 cell-surface antigen heavy chain 	1:Experimental evidence at protein level	1.0000	0.9990	9	9	9	10	10	10	     0	     0	     0	N-term(42.0106)	Delta:H(4)C(3)(40.031300)	
124	a	sp|P08243|ASNS_HUMAN	P08243	ASNS_HUMAN	ASNS	561	20.10	Homo sapiens OX=9606	Asparagine synthetase [glutamine-hydrolyzing] 	1:Experimental evidence at protein level	1.0000	0.9990	6	6	6	9	9	9	     0	     0	     0	10C(57.0215), 11C(57.0215), 3C(57.0215)		
125	a	sp|P08574|CY1_HUMAN	P08574	CY1_HUMAN	CYC1	325	11.10	Homo sapiens OX=9606	Cytochrome c1, heme protein, mitochondrial 	1:Experimental evidence at protein level	1.0000	0.9990	2	2	2	2	2	2	     0	     0	     0	15C(57.0215)		
126	a	sp|P08621|RU17_HUMAN	P08621	RU17_HUMAN	SNRNP70	437	3.00	Homo sapiens OX=9606	U1 small nuclear ribonucleoprotein 70 kDa 	1:Experimental evidence at protein level	1.0000	0.9990	1	1	1	2	2	2	     0	     0	     0			
127	a	sp|P08670|VIME_HUMAN	P08670	VIME_HUMAN	VIM	466	21.00	Homo sapiens OX=9606	Vimentin 	1:Experimental evidence at protein level	1.0000	0.9990	7	7	7	9	9	9	     0	     0	     0		Delta:H(4)C(3)(40.031300)	
128	a	sp|P08708|RS17_HUMAN	P08708	RS17_HUMAN	RPS17	135	43.00	Homo sapiens OX=9606	40S ribosomal protein S17 	1:Experimental evidence at protein level	1.0000	0.9990	5	5	5	10	10	10	     0	     0	     0	19M(15.9949), 2C(57.0215), 3C(57.0215)		
129	a	sp|P08729|K2C7_HUMAN	P08729	K2C7_HUMAN	KRT7	469	19.80	Homo sapiens OX=9606	Keratin, type II cytoskeletal 7 	1:Experimental evidence at protein level	1.0000	0.9990	8	7	7	10	8	8	     0	     0	     0	23M(15.9949)		
130	a	sp|P08758|ANXA5_HUMAN	P08758	ANXA5_HUMAN	ANXA5	320	19.10	Homo sapiens	Annexin A5 	1:Experimental evidence at protein level	1.0000	0.9990	3	3	3	3	3	3	     0	     0	     0			
131	a	sp|P08865|RSSA_HUMAN	P08865	RSSA_HUMAN	RPSA	295	29.20	Homo sapiens OX=9606	40S ribosomal protein SA 	1:Experimental evidence at protein level	1.0000	0.9990	6	6	6	11	11	11	     0	     0	     0	20C(57.0215)		
132	a	sp|P09012|SNRPA_HUMAN	P09012	SNRPA_HUMAN	SNRPA	282	13.10	Homo sapiens OX=9606	U1 small nuclear ribonucleoprotein A 	1:Experimental evidence at protein level	1.0000	0.9990	2	2	2	2	2	2	     0	     0	     0			
133	a	sp|P09104|ENOG_HUMAN	P09104	ENOG_HUMAN	ENO2	434	21.20	Homo sapiens OX=9606	Gamma-enolase 	1:Experimental evidence at protein level	1.0000	0.9941	5	3	3	11	5	5	     0	     0	     0	10M(15.9949)		
134	a	sp|P09382|LEG1_HUMAN	P09382	LEG1_HUMAN	LGALS1	135	33.30	Homo sapiens OX=9606	Galectin-1 	1:Experimental evidence at protein level	1.0000	0.9990	3	3	3	3	3	3	     0	     0	     0	12C(57.0215), 16C(57.0215), 2C(57.0215), 6C(57.0215), N-term(42.0106)		
135	a	sp|P09622|DLDH_HUMAN	P09622	DLDH_HUMAN	DLD	509	6.30	Homo sapiens OX=9606	Dihydrolipoyl dehydrogenase, mitochondrial 	1:Experimental evidence at protein level	1.0000	0.9990	2	2	2	2	2	2	     0	     0	     0	2C(57.0215)		
136	a	sp|P09874|PARP1_HUMAN	P09874	PARP1_HUMAN	PARP1	1014	15.70	Homo sapiens OX=9606	Poly [ADP-ribose] polymerase 1 	1:Experimental evidence at protein level	1.0000	0.9990	9	9	9	11	11	11	     0	     0	     0	13C(57.0215), 16C(57.0215)		
137	a	sp|P09960|LKHA4_HUMAN	P09960	LKHA4_HUMAN	LTA4H	611	13.40	Homo sapiens OX=9606	Leukotriene A-4 hydrolase 	1:Experimental evidence at protein level	1.0000	0.9990	5	5	5	6	6	6	     0	     0	     0			
138	a	sp|P0DMM9|ST1A3_HUMAN	P0DMM9	ST1A3_HUMAN	SULT1A3	295	14.20	Homo sapiens OX=9606	Sulfotransferase 1A3 	1:Experimental evidence at protein level	1.0000	0.9990	2	0	2	2	0	2	     0	     0	     0			sp|P0DMN0|ST1A4_HUMAN
139	a	sp|P0DP23|CALM1_HUMAN	P0DP23	CALM1_HUMAN	CALM1	149	28.20	Homo sapiens OX=9606	Calmodulin-1 	1:Experimental evidence at protein level	1.0000	0.9990	2	0	2	3	0	3	     0	     0	     0			sp|P0DP24|CALM2_HUMAN, sp|P0DP25|CALM3_HUMAN
140	a	sp|P10809|CH60_HUMAN	P10809	CH60_HUMAN	HSPD1	573	32.50	Homo sapiens OX=9606	60 kDa heat shock protein, mitochondrial 	1:Experimental evidence at protein level	1.0000	0.9990	11	11	11	23	23	23	     0	     0	     0	13C(57.0215), 18M(15.9949), 1C(57.0215), 2M(15.9949)	Cation:Fe[III](52.911400), Cation:Fe[III](52.911400)	
141	a	sp|P11021|BIP_HUMAN	P11021	BIP_HUMAN	HSPA5	654	31.50	Homo sapiens OX=9606	Endoplasmic reticulum chaperone BiP 	1:Experimental evidence at protein level	1.0000	0.9990	14	13	13	16	15	15	     0	     0	     0	18C(57.0215)		
142	a	sp|P11172|UMPS_HUMAN	P11172	UMPS_HUMAN	UMPS	480	6.50	Homo sapiens OX=9606	Uridine 5'-monophosphate synthase 	1:Experimental evidence at protein level	1.0000	0.9990	2	2	2	2	2	2	     0	     0	     0			
143	a	sp|P11177|ODPB_HUMAN	P11177	ODPB_HUMAN	PDHB	359	8.90	Homo sapiens OX=9606	Pyruvate dehydrogenase E1 component subunit beta, mitochondrial 	1:Experimental evidence at protein level	1.0000	0.9990	2	2	2	2	2	2	     0	     0	     0			
144	a	sp|P11387|TOP1_HUMAN	P11387	TOP1_HUMAN	TOP1	765	3.40	Homo sapiens OX=9606	DNA topoisomerase 1 	1:Experimental evidence at protein level	1.0000	0.9990	2	2	2	2	2	2	     0	     0	     0	6C(57.0215), N-term(42.0106)		
145	a	sp|P11413|G6PD_HUMAN	P11413	G6PD_HUMAN	G6PD	515	25.40	Homo sapiens OX=9606	Glucose-6-phosphate 1-dehydrogenase 	1:Experimental evidence at protein level	1.0000	0.9990	8	8	8	9	9	9	     0	     0	     0	15C(57.0215), 1C(57.0215), 5M(15.9949)		
146	a	sp|P11498|PYC_HUMAN	P11498	PYC_HUMAN	PC	1178	5.30	Homo sapiens OX=9606	Pyruvate carboxylase, mitochondrial 	1:Experimental evidence at protein level	1.0000	0.9990	4	4	4	4	4	4	     0	     0	     0			
147	a	sp|P11586|C1TC_HUMAN	P11586	C1TC_HUMAN	MTHFD1	935	14.70	Homo sapiens OX=9606	C-1-tetrahydrofolate synthase, cytoplasmic 	1:Experimental evidence at protein level	1.0000	0.9990	8	8	8	8	8	8	     0	     0	     0	20C(57.0215)		
148	a	sp|P11766|ADHX_HUMAN	P11766	ADHX_HUMAN	ADH5	374	9.60	Homo sapiens OX=9606	Alcohol dehydrogenase class-3 	1:Experimental evidence at protein level	1.0000	0.9990	2	2	2	2	2	2	     0	     0	     0	2C(57.0215), 6C(57.0215)		
149	a	sp|P12004|PCNA_HUMAN	P12004	PCNA_HUMAN	PCNA	261	23.80	Homo sapiens OX=9606	Proliferating cell nuclear antigen 	1:Experimental evidence at protein level	1.0000	0.9990	3	3	3	4	4	4	     0	     0	     0	13C(57.0215), 18C(57.0215), 2M(15.9949)		
150	a	sp|P12268|IMDH2_HUMAN	P12268	IMDH2_HUMAN	IMPDH2	514	34.40	Homo sapiens OX=9606	Inosine-5'-monophosphate dehydrogenase 2 	1:Experimental evidence at protein level	1.0000	0.9990	11	11	11	12	12	12	     0	     0	     0	13C(57.0215), 17C(57.0215), 4C(57.0215), 6C(57.0215), 9C(57.0215)		
151	a	sp|P12270|TPR_HUMAN	P12270	TPR_HUMAN	TPR	2363	3.80	Homo sapiens OX=9606	Nucleoprotein TPR 	1:Experimental evidence at protein level	1.0000	0.9990	4	4	4	4	4	4	     0	     0	     0			
152	a	sp|P12277|KCRB_HUMAN	P12277	KCRB_HUMAN	CKB	381	11.00	Homo sapiens OX=9606	Creatine kinase B-type 	1:Experimental evidence at protein level	1.0000	0.9990	2	2	2	2	2	2	     0	     0	     0			
153	a	sp|P12429|ANXA3_HUMAN	P12429	ANXA3_HUMAN	ANXA3	323	9.90	Homo sapiens OX=9606	Annexin A3 	1:Experimental evidence at protein level	1.0000	0.9990	2	2	2	2	2	2	     0	     0	     0			
154	a	sp|P12956|XRCC6_HUMAN	P12956	XRCC6_HUMAN	XRCC6	609	12.80	Homo sapiens OX=9606	X-ray repair cross-complementing protein 6 	1:Experimental evidence at protein level	1.0000	0.9990	5	5	5	6	6	6	     0	     0	     0	2M(15.9949)		
155	a	sp|P13010|XRCC5_HUMAN	P13010	XRCC5_HUMAN	XRCC5	732	20.60	Homo sapiens OX=9606	X-ray repair cross-complementing protein 5 	1:Experimental evidence at protein level	1.0000	0.9990	8	8	8	8	8	8	     0	     0	     0			
156	a	sp|P13284|GILT_HUMAN	P13284	GILT_HUMAN	IFI30	250	15.20	Homo sapiens OX=9606	Gamma-interferon-inducible lysosomal thiol reductase 	1:Experimental evidence at protein level	1.0000	0.9990	2	2	2	2	2	2	     0	     0	     0	13C(57.0215)		
157	a	sp|P13489|RINI_HUMAN	P13489	RINI_HUMAN	RNH1	461	8.90	Homo sapiens OX=9606	Ribonuclease inhibitor 	1:Experimental evidence at protein level	1.0000	0.9990	2	2	2	2	2	2	     0	     0	     0	10C(57.0215), 11C(57.0215), 21C(57.0215)		
158	a	sp|P13639|EF2_HUMAN	P13639	EF2_HUMAN	EEF2	858	25.30	Homo sapiens OX=9606	Elongation factor 2 	1:Experimental evidence at protein level	1.0000	0.9990	13	13	13	19	19	19	     0	     0	     0	10C(57.0215), 11C(57.0215), 16C(57.0215), 1C(57.0215), 3C(57.0215), 8C(57.0215)	Delta:H(4)C(3)(40.031300)	
159	a	sp|P13667|PDIA4_HUMAN	P13667	PDIA4_HUMAN	PDIA4	645	12.10	Homo sapiens OX=9606	Protein disulfide-isomerase A4 	1:Experimental evidence at protein level	1.0000	0.9990	5	5	5	5	5	5	     0	     0	     0			
160	a	sp|P13804|ETFA_HUMAN	P13804	ETFA_HUMAN	ETFA	333	25.80	Homo sapiens OX=9606	Electron transfer flavoprotein subunit alpha, mitochondrial 	1:Experimental evidence at protein level	1.0000	0.9990	5	5	5	6	6	6	     0	     0	     0	8C(57.0215)		
161	a	sp|P13929|ENOB_HUMAN	P13929	ENOB_HUMAN	ENO3	434	17.70	Homo sapiens OX=9606	Beta-enolase 	1:Experimental evidence at protein level	1.0000	0.9990	5	2	2	11	3	3	     0	     0	     0			
162	a	sp|P13987|CD59_HUMAN	P13987	CD59_HUMAN	CD59	128	18.80	Homo sapiens OX=9606	CD59 glycoprotein 	1:Experimental evidence at protein level	1.0000	0.9990	2	2	2	2	2	2	     0	     0	     0	10C(57.0215), 11C(57.0215), 4C(57.0215)		
163	a	sp|P14209|CD99_HUMAN	P14209	CD99_HUMAN	CD99	185	23.20	Homo sapiens OX=9606	CD99 antigen 	1:Experimental evidence at protein level	1.0000	0.9990	2	2	2	2	2	2	     0	     0	     0			
164	a	sp|P14314|GLU2B_HUMAN	P14314	GLU2B_HUMAN	PRKCSH	528	31.20	Homo sapiens OX=9606	Glucosidase 2 subunit beta 	1:Experimental evidence at protein level	1.0000	0.9990	9	9	9	12	12	12	     0	     0	     0	11C(57.0215), 18C(57.0215), 21C(57.0215), 23C(57.0215), 25C(57.0215), 4C(57.0215), 6C(57.0215), 8C(57.0215), 9C(57.0215)	HexNAc(203.079300)	
165	a	sp|P14324|FPPS_HUMAN	P14324	FPPS_HUMAN	FDPS	419	7.20	Homo sapiens OX=9606	Farnesyl pyrophosphate synthase 	1:Experimental evidence at protein level	1.0000	0.9987	2	2	2	2	2	2	     0	     0	     0			
166	a	sp|P14384|CBPM_HUMAN	P14384	CBPM_HUMAN	CPM	443	9.00	Homo sapiens OX=9606	Carboxypeptidase M 	1:Experimental evidence at protein level	1.0000	0.9990	2	2	2	2	2	2	     0	     0	     0			
167	a	sp|P14550|AK1A1_HUMAN	P14550	AK1A1_HUMAN	AKR1A1	325	14.50	Homo sapiens OX=9606	Aldo-keto reductase family 1 member A1 	1:Experimental evidence at protein level	1.0000	0.9990	3	3	3	3	3	3	     0	     0	     0	7C(57.0215)		
168	a	sp|P14618|KPYM_HUMAN	P14618	KPYM_HUMAN	PKM	531	40.50	Homo sapiens OX=9606	Pyruvate kinase PKM 	1:Experimental evidence at protein level	1.0000	0.9990	13	13	13	40	40	40	     0	     0	     0	11M(15.9949), 13M(15.9949), 16C(57.0215), 18M(15.9949), 28C(57.0215), 7C(57.0215), 9M(15.9949)	Carbamyl(43.005800), Cation:Ca[II](37.946900), Cation:Ca[II](37.946900), Cation:Na(21.981900)	
169	a	sp|P14854|CX6B1_HUMAN	P14854	CX6B1_HUMAN	COX6B1	86	33.70	Homo sapiens OX=9606	Cytochrome c oxidase subunit 6B1 	1:Experimental evidence at protein level	1.0000	0.9990	2	2	2	2	2	2	     0	     0	     0	2C(57.0215), 6C(57.0215)		
170	a	sp|P14866|HNRPL_HUMAN	P14866	HNRPL_HUMAN	HNRNPL	589	21.20	Homo sapiens OX=9606	Heterogeneous nuclear ribonucleoprotein L 	1:Experimental evidence at protein level	1.0000	0.9990	6	6	6	6	6	6	     0	     0	     0		Delta:H(4)C(3)(40.031300)	
171	a	sp|P14868|SYDC_HUMAN	P14868	SYDC_HUMAN	DARS1	501	17.60	Homo sapiens OX=9606	Aspartate--tRNA ligase, cytoplasmic 	1:Experimental evidence at protein level	1.0000	0.9990	6	6	6	6	6	6	     0	     0	     0	4C(57.0215), 6C(57.0215)		
172	a	sp|P15121|ALDR_HUMAN	P15121	ALDR_HUMAN	AKR1B1	316	27.80	Homo sapiens OX=9606	Aldo-keto reductase family 1 member B1 	1:Experimental evidence at protein level	1.0000	0.9990	6	6	6	8	8	8	     0	     0	     0	10C(57.0215), 2C(57.0215), 4C(57.0215), 5C(57.0215), 7C(57.0215)		
173	a	sp|P15170|ERF3A_HUMAN	P15170	ERF3A_HUMAN	GSPT1	499	15.20	Homo sapiens OX=9606	Eukaryotic peptide chain release factor GTP-binding subunit ERF3A 	1:Experimental evidence at protein level	1.0000	0.9990	4	2	4	5	2	5	     0	     0	     0	14C(57.0215), 20C(57.0215), 7C(57.0215)		
174	a	sp|P15311|EZRI_HUMAN	P15311	EZRI_HUMAN	EZR	586	17.90	Homo sapiens OX=9606	Ezrin 	1:Experimental evidence at protein level	1.0000	0.9990	7	5	5	7	5	5	     0	     0	     0	10C(57.0215)		
175	a	sp|P15328|FOLR1_HUMAN	P15328	FOLR1_HUMAN	FOLR1	257	12.80	Homo sapiens OX=9606	Folate receptor alpha 	1:Experimental evidence at protein level	1.0000	0.9990	2	2	2	2	2	2	     0	     0	     0	13C(57.0215), 1C(57.0215), 6C(57.0215)		
176	a	sp|P15374|UCHL3_HUMAN	P15374	UCHL3_HUMAN	UCHL3	230	17.40	Homo sapiens OX=9606	Ubiquitin carboxyl-terminal hydrolase isozyme L3 	1:Experimental evidence at protein level	1.0000	0.9990	2	2	2	2	2	2	     0	     0	     0	7C(57.0215)		
177	a	sp|P15559|NQO1_HUMAN	P15559	NQO1_HUMAN	NQO1	274	8.80	Homo sapiens	NAD(P)H dehydrogenase [quinone] 1 	1:Experimental evidence at protein level	1.0000	0.9981	2	2	2	2	2	2	     0	     0	     0		Delta:H(4)C(3)(40.031300)	
178	a	sp|P15880|RS2_HUMAN	P15880	RS2_HUMAN	RPS2	293	12.60	Homo sapiens OX=9606	40S ribosomal protein S2 	1:Experimental evidence at protein level	1.0000	0.9990	3	3	3	4	4	4	     0	     0	     0			
179	a	sp|P15927|RFA2_HUMAN	P15927	RFA2_HUMAN	RPA2	270	13.30	Homo sapiens OX=9606	Replication protein A 32 kDa subunit 	1:Experimental evidence at protein level	1.0000	0.9990	2	2	2	2	2	2	     0	     0	     0	2C(57.0215)		
180	a	sp|P16083|NQO2_HUMAN	P16083	NQO2_HUMAN	NQO2	231	18.20	Homo sapiens	Ribosyldihydronicotinamide dehydrogenase [quinone] 	1:Experimental evidence at protein level	1.0000	0.9990	2	2	2	2	2	2	     0	     0	     0			
181	a	sp|P16435|NCPR_HUMAN	P16435	NCPR_HUMAN	POR	677	6.50	Homo sapiens OX=9606	NADPH--cytochrome P450 reductase 	1:Experimental evidence at protein level	1.0000	0.9990	2	2	2	2	2	2	     0	     0	     0			
182	a	sp|P16615|AT2A2_HUMAN	P16615	AT2A2_HUMAN	ATP2A2	1042	6.90	Homo sapiens OX=9606	Sarcoplasmic/endoplasmic reticulum calcium ATPase 2 	1:Experimental evidence at protein level	1.0000	0.9990	3	3	3	3	3	3	     0	     0	     0	20C(57.0215), 23C(57.0215), 6C(57.0215), 7C(57.0215)		
183	a	sp|P17174|AATC_HUMAN	P17174	AATC_HUMAN	GOT1	413	23.50	Homo sapiens OX=9606	Aspartate aminotransferase, cytoplasmic 	1:Experimental evidence at protein level	1.0000	0.9990	5	5	5	5	5	5	     0	     0	     0	4C(57.0215)		
184	a	sp|P17655|CAN2_HUMAN	P17655	CAN2_HUMAN	CAPN2	700	7.00	Homo sapiens OX=9606	Calpain-2 catalytic subunit 	1:Experimental evidence at protein level	1.0000	0.9990	3	3	3	3	3	3	     0	     0	     0	4C(57.0215), 6C(57.0215)		
185	a	sp|P17844|DDX5_HUMAN	P17844	DDX5_HUMAN	DDX5	614	15.80	Homo sapiens OX=9606	Probable ATP-dependent RNA helicase DDX5 	1:Experimental evidence at protein level	1.0000	0.9990	5	4	5	5	4	5	     0	     0	     0	14C(57.0215)		
186	a	sp|P17931|LEG3_HUMAN	P17931	LEG3_HUMAN	LGALS3	250	14.40	Homo sapiens OX=9606	Galectin-3 	1:Experimental evidence at protein level	1.0000	0.9990	3	3	3	3	3	3	     0	     0	     0			
187	a	sp|P17980|PRS6A_HUMAN	P17980	PRS6A_HUMAN	PSMC3	439	12.50	Homo sapiens OX=9606	26S proteasome regulatory subunit 6A 	1:Experimental evidence at protein level	1.0000	0.9990	3	3	3	3	3	3	     0	     0	     0			
188	a	sp|P17987|TCPA_HUMAN	P17987	TCPA_HUMAN	TCP1	556	22.70	Homo sapiens OX=9606	T-complex protein 1 subunit alpha 	1:Experimental evidence at protein level	1.0000	0.9990	8	8	8	8	8	8	     0	     0	     0	19C(57.0215), 7C(57.0215)		
189	a	sp|P18085|ARF4_HUMAN	P18085	ARF4_HUMAN	ARF4	180	21.70	Homo sapiens OX=9606	ADP-ribosylation factor 4 	1:Experimental evidence at protein level	1.0000	0.9990	2	0	2	3	0	3	     0	     0	     0			sp|P61204|ARF3_HUMAN, sp|P84077|ARF1_HUMAN, sp|P84085|ARF5_HUMAN
190	a	sp|P18124|RL7_HUMAN	P18124	RL7_HUMAN	RPL7	248	17.30	Homo sapiens OX=9606	60S ribosomal protein L7 	1:Experimental evidence at protein level	1.0000	0.9990	4	4	4	6	6	6	     0	     0	     0			
191	a	sp|P18206|VINC_HUMAN	P18206	VINC_HUMAN	VCL	1134	14.60	Homo sapiens OX=9606	Vinculin 	1:Experimental evidence at protein level	1.0000	0.9990	7	7	7	7	7	7	     0	     0	     0			
192	a	sp|P18621|RL17_HUMAN	P18621	RL17_HUMAN	RPL17	184	36.40	Homo sapiens OX=9606	60S ribosomal protein L17 	1:Experimental evidence at protein level	1.0000	0.9990	4	4	4	5	5	5	     0	     0	     0	9C(57.0215)		
193	a	sp|P18754|RCC1_HUMAN	P18754	RCC1_HUMAN	RCC1	421	24.70	Homo sapiens OX=9606	Regulator of chromosome condensation 	1:Experimental evidence at protein level	1.0000	0.9990	5	5	5	5	5	5	     0	     0	     0	22C(57.0215), 23C(57.0215), 9C(57.0215)		
194	a	sp|P19338|NUCL_HUMAN	P19338	NUCL_HUMAN	NCL	710	8.50	Homo sapiens OX=9606	Nucleolin 	1:Experimental evidence at protein level	1.0000	0.9990	4	4	4	6	6	6	     0	     0	     0			
195	a	sp|P19623|SPEE_HUMAN	P19623	SPEE_HUMAN	SRM	302	13.90	Homo sapiens OX=9606	Spermidine synthase 	1:Experimental evidence at protein level	1.0000	0.9990	2	2	2	2	2	2	     0	     0	     0	10C(57.0215), 15C(57.0215)		
196	a	sp|P19823|ITIH2_HUMAN	P19823	ITIH2_HUMAN	ITIH2	946	8.00	Homo sapiens OX=9606	Inter-alpha-trypsin inhibitor heavy chain H2 	1:Experimental evidence at protein level	1.0000	0.9990	4	4	4	4	4	4	     0	     0	     0		Asn->His(23.015900)	
197	a	sp|P20042|IF2B_HUMAN	P20042	IF2B_HUMAN	EIF2S2	333	20.70	Homo sapiens OX=9606	Eukaryotic translation initiation factor 2 subunit 2 	1:Experimental evidence at protein level	1.0000	0.9990	5	5	5	5	5	5	     0	     0	     0	5C(57.0215), 6C(57.0215), 8C(57.0215), 9C(57.0215)		
198	a	sp|P20290|BTF3_HUMAN	P20290	BTF3_HUMAN	BTF3	206	35.00	Homo sapiens OX=9606	Transcription factor BTF3 	1:Experimental evidence at protein level	1.0000	0.9990	3	3	3	6	6	6	     0	     0	     0		Delta:H(4)C(3)(40.031300)	
199	a	sp|P20618|PSB1_HUMAN	P20618	PSB1_HUMAN	PSMB1	241	29.90	Homo sapiens OX=9606	Proteasome subunit beta type-1 	1:Experimental evidence at protein level	1.0000	0.9990	4	4	4	5	5	5	     0	     0	     0	12C(57.0215), 5C(57.0215)		
200	a	sp|P20700|LMNB1_HUMAN	P20700	LMNB1_HUMAN	LMNB1	586	12.10	Homo sapiens OX=9606	Lamin-B1 	1:Experimental evidence at protein level	1.0000	0.9990	4	4	4	6	6	6	     0	     0	     0	1C(57.0215)		
201	a	sp|P20810|ICAL_HUMAN	P20810	ICAL_HUMAN	CAST	708	19.10	Homo sapiens OX=9606	Calpastatin 	1:Experimental evidence at protein level	1.0000	0.9990	6	6	6	7	7	7	     0	     0	     0	17C(57.0215), 18C(57.0215), 19C(57.0215)		
202	a	sp|P21291|CSRP1_HUMAN	P21291	CSRP1_HUMAN	CSRP1	193	26.40	Homo sapiens OX=9606	Cysteine and glycine-rich protein 1 	1:Experimental evidence at protein level	1.0000	0.9990	3	3	3	4	4	4	     0	     0	     0	10C(57.0215), 16C(57.0215)		
203	a	sp|P21796|VDAC1_HUMAN	P21796	VDAC1_HUMAN	VDAC1	283	33.60	Homo sapiens OX=9606	Voltage-dependent anion-selective channel protein 1 	1:Experimental evidence at protein level	1.0000	0.9990	5	5	5	5	5	5	     0	     0	     0	7C(57.0215)		
204	a	sp|P22061|PIMT_HUMAN	P22061	PIMT_HUMAN	PCMT1	227	19.40	Homo sapiens OX=9606	Protein-L-isoaspartate(D-aspartate) O-methyltransferase 	1:Experimental evidence at protein level	1.0000	0.9990	2	2	2	3	3	3	     0	     0	     0			
205	a	sp|P22102|PUR2_HUMAN	P22102	PUR2_HUMAN	GART	1010	19.70	Homo sapiens OX=9606	Trifunctional purine biosynthetic protein adenosine-3 	1:Experimental evidence at protein level	1.0000	0.9990	10	10	10	10	10	10	     0	     0	     0	13C(57.0215), 17C(57.0215), 18C(57.0215), 9C(57.0215)		
206	a	sp|P22234|PUR6_HUMAN	P22234	PUR6_HUMAN	PAICS	425	21.20	Homo sapiens OX=9606	Multifunctional protein ADE2 	1:Experimental evidence at protein level	1.0000	0.9990	6	6	6	7	7	7	     0	     0	     0	14C(57.0215), 4C(57.0215)		
207	a	sp|P22314|UBA1_HUMAN	P22314	UBA1_HUMAN	UBA1	1058	27.80	Homo sapiens OX=9606	Ubiquitin-like modifier-activating enzyme 1 	1:Experimental evidence at protein level	1.0000	0.9990	18	18	18	25	25	25	     0	     0	     0	7C(57.0215), 8C(57.0215)		
208	a	sp|P22626|ROA2_HUMAN	P22626	ROA2_HUMAN	HNRNPA2B1	353	37.10	Homo sapiens OX=9606	Heterogeneous nuclear ribonucleoproteins A2/B1 	1:Experimental evidence at protein level	1.0000	0.9990	9	8	8	17	14	14	     0	     0	     0	4C(57.0215)	Carbamyl(43.005800), Carbamyl(43.005800)	
209	a	sp|P22695|QCR2_HUMAN	P22695	QCR2_HUMAN	UQCRC2	453	18.80	Homo sapiens OX=9606	Cytochrome b-c1 complex subunit 2, mitochondrial 	1:Experimental evidence at protein level	1.0000	0.9990	5	5	5	5	5	5	     0	     0	     0			
210	a	sp|P23246|SFPQ_HUMAN	P23246	SFPQ_HUMAN	SFPQ	707	14.90	Homo sapiens OX=9606	Splicing factor, proline- and glutamine-rich 	1:Experimental evidence at protein level	1.0000	0.9990	7	7	7	7	7	7	     0	     0	     0			
211	a	sp|P23381|SYWC_HUMAN	P23381	SYWC_HUMAN	WARS1	471	23.80	Homo sapiens OX=9606	Tryptophan--tRNA ligase, cytoplasmic 	1:Experimental evidence at protein level	1.0000	0.9990	5	5	5	7	7	7	     0	     0	     0	11C(57.0215), 3C(57.0215), 7C(57.0215)		
212	a	sp|P23396|RS3_HUMAN	P23396	RS3_HUMAN	RPS3	243	20.20	Homo sapiens OX=9606	40S ribosomal protein S3 	1:Experimental evidence at protein level	1.0000	0.9990	3	3	3	3	3	3	     0	     0	     0			
213	a	sp|P23526|SAHH_HUMAN	P23526	SAHH_HUMAN	AHCY	432	18.10	Homo sapiens OX=9606	Adenosylhomocysteinase 	1:Experimental evidence at protein level	1.0000	0.9990	5	5	5	6	6	6	     0	     0	     0	6M(15.9949), 9C(57.0215)		
214	a	sp|P23528|COF1_HUMAN	P23528	COF1_HUMAN	CFL1	166	26.50	Homo sapiens OX=9606	Cofilin-1 	1:Experimental evidence at protein level	1.0000	0.9990	3	3	3	8	8	8	     0	     0	     0	5C(57.0215), 7C(57.0215)		
215	a	sp|P23588|IF4B_HUMAN	P23588	IF4B_HUMAN	EIF4B	611	19.10	Homo sapiens OX=9606	Eukaryotic translation initiation factor 4B 	1:Experimental evidence at protein level	1.0000	0.9990	6	6	6	6	6	6	     0	     0	     0	4C(57.0215)		
216	a	sp|P23921|RIR1_HUMAN	P23921	RIR1_HUMAN	RRM1	792	12.60	Homo sapiens OX=9606	Ribonucleoside-diphosphate reductase large subunit 	1:Experimental evidence at protein level	1.0000	0.9990	5	5	5	5	5	5	     0	     0	     0	13C(57.0215)		
217	a	sp|P24534|EF1B_HUMAN	P24534	EF1B_HUMAN	EEF1B2	225	27.60	Homo sapiens OX=9606	Elongation factor 1-beta 	1:Experimental evidence at protein level	1.0000	0.9990	3	2	2	4	2	2	     0	     0	     0	28C(57.0215)		
218	a	sp|P24539|AT5F1_HUMAN	P24539	AT5F1_HUMAN	ATP5PB	256	9.40	Homo sapiens OX=9606	ATP synthase F(0) complex subunit B1, mitochondrial 	1:Experimental evidence at protein level	1.0000	0.9988	2	2	2	2	2	2	     0	     0	     0			
219	a	sp|P24752|THIL_HUMAN	P24752	THIL_HUMAN	ACAT1	427	18.70	Homo sapiens OX=9606	Acetyl-CoA acetyltransferase, mitochondrial 	1:Experimental evidence at protein level	1.0000	0.9990	4	4	4	4	4	4	     0	     0	     0	14C(57.0215), 6C(57.0215)		
220	a	sp|P25205|MCM3_HUMAN	P25205	MCM3_HUMAN	MCM3	808	6.70	Homo sapiens OX=9606	DNA replication licensing factor MCM3 	1:Experimental evidence at protein level	1.0000	0.9990	4	4	4	4	4	4	     0	     0	     0			
221	a	sp|P25398|RS12_HUMAN	P25398	RS12_HUMAN	RPS12	132	41.70	Homo sapiens OX=9606	40S ribosomal protein S12 	1:Experimental evidence at protein level	1.0000	0.9990	3	3	3	5	5	5	     0	     0	     0	11C(57.0215), 11M(15.9949), 15M(15.9949), 5C(57.0215), 6C(57.0215), N-term(42.0106)		
222	a	sp|P25705|ATPA_HUMAN	P25705	ATPA_HUMAN	ATP5F1A	553	27.70	Homo sapiens OX=9606	ATP synthase subunit alpha, mitochondrial 	1:Experimental evidence at protein level	1.0000	0.9990	10	10	10	13	13	13	     0	     0	     0		Delta:H(4)C(3)(40.031300)	
223	a	sp|P25786|PSA1_HUMAN	P25786	PSA1_HUMAN	PSMA1	263	18.60	Homo sapiens OX=9606	Proteasome subunit alpha type-1 	1:Experimental evidence at protein level	1.0000	0.9990	4	4	4	4	4	4	     0	     0	     0	8C(57.0215)		
224	a	sp|P25787|PSA2_HUMAN	P25787	PSA2_HUMAN	PSMA2	234	26.10	Homo sapiens OX=9606	Proteasome subunit alpha type-2 	1:Experimental evidence at protein level	1.0000	0.9990	3	3	3	4	4	4	     0	     0	     0			
225	a	sp|P25788|PSA3_HUMAN	P25788	PSA3_HUMAN	PSMA3	255	9.40	Homo sapiens OX=9606	Proteasome subunit alpha type-3 	1:Experimental evidence at protein level	1.0000	0.9990	2	2	2	2	2	2	     0	     0	     0			
226	a	sp|P25789|PSA4_HUMAN	P25789	PSA4_HUMAN	PSMA4	261	17.60	Homo sapiens OX=9606	Proteasome subunit alpha type-4 	1:Experimental evidence at protein level	1.0000	0.9990	2	2	2	2	2	2	     0	     0	     0	11C(57.0215), 19C(57.0215), 7C(57.0215)		
227	a	sp|P26038|MOES_HUMAN	P26038	MOES_HUMAN	MSN	577	26.90	Homo sapiens OX=9606	Moesin 	1:Experimental evidence at protein level	1.0000	0.9990	9	6	9	11	8	11	     0	     0	     0	10C(57.0215), 5C(57.0215)	Cation:Fe[III](52.911400), Delta:H(4)C(3)(40.031300)	
228	a	sp|P26196|DDX6_HUMAN	P26196	DDX6_HUMAN	DDX6	483	8.90	Homo sapiens OX=9606	Probable ATP-dependent RNA helicase DDX6 	1:Experimental evidence at protein level	1.0000	0.9989	2	2	2	2	2	2	     0	     0	     0			
229	a	sp|P26358|DNMT1_HUMAN	P26358	DNMT1_HUMAN	DNMT1	1616	1.90	Homo sapiens OX=9606	DNA (cytosine-5)-methyltransferase 1 	1:Experimental evidence at protein level	1.0000	0.9936	2	2	2	2	2	2	     0	     0	     0			
230	a	sp|P26368|U2AF2_HUMAN	P26368	U2AF2_HUMAN	U2AF2	475	21.70	Homo sapiens OX=9606	Splicing factor U2AF 65 kDa subunit 	1:Experimental evidence at protein level	1.0000	0.9990	5	5	5	7	7	7	     0	     0	     0	16C(57.0215), 2C(57.0215)	Delta:H(4)C(3)(40.031300)	
231	a	sp|P26447|S10A4_HUMAN	P26447	S10A4_HUMAN	S100A4	101	16.80	Homo sapiens OX=9606	Protein S100-A4 	1:Experimental evidence at protein level	1.0000	0.9990	2	2	2	5	5	5	     0	     0	     0	2C(57.0215), 5M(15.9949)		
232	a	sp|P26583|HMGB2_HUMAN	P26583	HMGB2_HUMAN	HMGB2	209	12.90	Homo sapiens OX=9606	High mobility group protein B2 	1:Experimental evidence at protein level	1.0000	0.9990	3	3	3	3	3	3	     0	     0	     0			
233	a	sp|P26599|PTBP1_HUMAN	P26599	PTBP1_HUMAN	PTBP1	531	25.20	Homo sapiens OX=9606	Polypyrimidine tract-binding protein 1 	1:Experimental evidence at protein level	1.0000	0.9990	6	6	6	10	10	10	     0	     0	     0			
234	a	sp|P26639|SYTC_HUMAN	P26639	SYTC_HUMAN	TARS1	723	13.40	Homo sapiens OX=9606	Threonine--tRNA ligase 1, cytoplasmic 	1:Experimental evidence at protein level	1.0000	0.9990	5	5	5	5	5	5	     0	     0	     0	10C(57.0215), 15C(57.0215), 16C(57.0215), 8C(57.0215)		
235	a	sp|P26640|SYVC_HUMAN	P26640	SYVC_HUMAN	VARS1	1264	8.10	Homo sapiens OX=9606	Valine--tRNA ligase 	1:Experimental evidence at protein level	1.0000	0.9990	6	6	6	6	6	6	     0	     0	     0	10C(57.0215)		
236	a	sp|P26641|EF1G_HUMAN	P26641	EF1G_HUMAN	EEF1G	437	18.80	Homo sapiens OX=9606	Elongation factor 1-gamma 	1:Experimental evidence at protein level	1.0000	0.9990	6	6	6	8	8	8	     0	     0	     0	10M(15.9949), 13C(57.0215)		
237	a	sp|P26885|FKBP2_HUMAN	P26885	FKBP2_HUMAN	FKBP2	142	27.50	Homo sapiens OX=9606	Peptidyl-prolyl cis-trans isomerase FKBP2 	1:Experimental evidence at protein level	1.0000	0.9990	2	2	2	2	2	2	     0	     0	     0			
238	a	sp|P27348|1433T_HUMAN	P27348	1433T_HUMAN	YWHAQ	245	31.00	Homo sapiens OX=9606	14-3-3 protein theta 	1:Experimental evidence at protein level	1.0000	0.9990	5	4	4	7	6	6	     0	     0	     0	11C(57.0215), 7C(57.0215)		
239	a	sp|P27694|RFA1_HUMAN	P27694	RFA1_HUMAN	RPA1	616	5.70	Homo sapiens OX=9606	Replication protein A 70 kDa DNA-binding subunit 	1:Experimental evidence at protein level	1.0000	0.9987	2	2	2	2	2	2	     0	     0	     0			
240	a	sp|P27695|APEX1_HUMAN	P27695	APEX1_HUMAN	APEX1	318	34.00	Homo sapiens OX=9606	DNA-(apurinic or apyrimidinic site) endonuclease 	1:Experimental evidence at protein level	1.0000	0.9990	6	6	6	8	8	8	     0	     0	     0	15C(57.0215), 6C(57.0215)		
241	a	sp|P27708|PYR1_HUMAN	P27708	PYR1_HUMAN	CAD	2225	3.70	Homo sapiens OX=9606	CAD protein 	1:Experimental evidence at protein level	1.0000	0.9990	4	4	4	4	4	4	     0	     0	     0	1C(57.0215)		
242	a	sp|P27797|CALR_HUMAN	P27797	CALR_HUMAN	CALR	417	36.00	Homo sapiens OX=9606	Calreticulin 	1:Experimental evidence at protein level	1.0000	0.9990	7	7	7	12	12	12	     0	     0	     0	26C(57.0215), 7C(57.0215), 9M(15.9949)		
243	a	sp|P27816|MAP4_HUMAN	P27816	MAP4_HUMAN	MAP4	1152	5.60	Homo sapiens OX=9606	Microtubule-associated protein 4 	1:Experimental evidence at protein level	1.0000	0.9987	4	4	4	4	4	4	     0	     0	     0	3C(57.0215)		
244	a	sp|P27824|CALX_HUMAN	P27824	CALX_HUMAN	CANX	592	25.20	Homo sapiens OX=9606	Calnexin 	1:Experimental evidence at protein level	1.0000	0.9990	12	12	12	13	13	13	     0	     0	     0	1C(57.0215), 7C(57.0215)		
245	a	sp|P28062|PSB8_HUMAN	P28062	PSB8_HUMAN	PSMB8	276	9.40	Homo sapiens OX=9606	Proteasome subunit beta type-8 	1:Experimental evidence at protein level	1.0000	0.9989	2	2	2	2	2	2	     0	     0	     0			
246	a	sp|P28066|PSA5_HUMAN	P28066	PSA5_HUMAN	PSMA5	241	24.90	Homo sapiens OX=9606	Proteasome subunit alpha type-5 	1:Experimental evidence at protein level	1.0000	0.9990	3	3	3	3	3	3	     0	     0	     0	16C(57.0215)		
247	a	sp|P28074|PSB5_HUMAN	P28074	PSB5_HUMAN	PSMB5	263	9.90	Homo sapiens OX=9606	Proteasome subunit beta type-5 	1:Experimental evidence at protein level	1.0000	0.9990	2	2	2	2	2	2	     0	     0	     0			
248	a	sp|P28331|NDUS1_HUMAN	P28331	NDUS1_HUMAN	NDUFS1	727	10.70	Homo sapiens OX=9606	NADH-ubiquinone oxidoreductase 75 kDa subunit, mitochondrial 	1:Experimental evidence at protein level	1.0000	0.9990	4	4	4	4	4	4	     0	     0	     0			
249	a	sp|P29401|TKT_HUMAN	P29401	TKT_HUMAN	TKT	623	38.40	Homo sapiens OX=9606	Transketolase 	1:Experimental evidence at protein level	1.0000	0.9990	12	12	12	18	18	18	     0	     0	     0	19C(57.0215), 1C(57.0215), 20C(57.0215), 21M(15.9949), 2M(15.9949), 5C(57.0215)		
250	a	sp|P29692|EF1D_HUMAN	P29692	EF1D_HUMAN	EEF1D	281	22.80	Homo sapiens OX=9606	Elongation factor 1-delta 	1:Experimental evidence at protein level	1.0000	0.9990	4	3	4	5	3	5	     0	     0	     0	6C(57.0215)		
251	a	sp|P30040|ERP29_HUMAN	P30040	ERP29_HUMAN	ERP29	261	18.80	Homo sapiens OX=9606	Endoplasmic reticulum resident protein 29 	1:Experimental evidence at protein level	1.0000	0.9990	2	2	2	2	2	2	     0	     0	     0	11C(57.0215)		
252	a	sp|P30041|PRDX6_HUMAN	P30041	PRDX6_HUMAN	PRDX6	224	25.40	Homo sapiens OX=9606	Peroxiredoxin-6 	1:Experimental evidence at protein level	1.0000	0.9990	3	3	3	9	9	9	     0	     0	     0		Cation:Ca[II](37.946900), Cation:Fe[III](52.911400)	
253	a	sp|P30043|BLVRB_HUMAN	P30043	BLVRB_HUMAN	BLVRB	206	45.10	Homo sapiens OX=9606	Flavin reductase (NADPH) 	1:Experimental evidence at protein level	1.0000	0.9990	6	6	6	7	7	7	     0	     0	     0	1C(57.0215)		
254	a	sp|P30044|PRDX5_HUMAN	P30044	PRDX5_HUMAN	PRDX5	214	33.60	Homo sapiens OX=9606	Peroxiredoxin-5, mitochondrial 	1:Experimental evidence at protein level	1.0000	0.9990	4	4	4	7	7	7	     0	     0	     0	13C(57.0215)	Delta:H(4)C(3)(40.031300)	
255	a	sp|P30048|PRDX3_HUMAN	P30048	PRDX3_HUMAN	PRDX3	256	20.30	Homo sapiens OX=9606	Thioredoxin-dependent peroxide reductase, mitochondrial 	1:Experimental evidence at protein level	1.0000	0.9990	3	3	3	5	5	5	     0	     0	     0	12C(57.0215), 7M(15.9949)		
256	a	sp|P30050|RL12_HUMAN	P30050	RL12_HUMAN	RPL12	165	28.50	Homo sapiens OX=9606	60S ribosomal protein L12 	1:Experimental evidence at protein level	1.0000	0.9990	3	3	3	3	3	3	     0	     0	     0	11C(57.0215)		
257	a	sp|P30084|ECHM_HUMAN	P30084	ECHM_HUMAN	ECHS1	290	26.90	Homo sapiens OX=9606	Enoyl-CoA hydratase, mitochondrial 	1:Experimental evidence at protein level	1.0000	0.9990	5	5	5	6	6	6	     0	     0	     0	14C(57.0215), 2C(57.0215), 6C(57.0215)		
258	a	sp|P30085|KCY_HUMAN	P30085	KCY_HUMAN	CMPK1	196	16.80	Homo sapiens OX=9606	UMP-CMP kinase 	1:Experimental evidence at protein level	1.0000	0.9985	2	2	2	4	4	4	     0	     0	     0			
259	a	sp|P30086|PEBP1_HUMAN	P30086	PEBP1_HUMAN	PEBP1	187	50.80	Homo sapiens OX=9606	Phosphatidylethanolamine-binding protein 1 	1:Experimental evidence at protein level	1.0000	0.9990	5	5	5	7	7	7	     0	     0	     0			
260	a	sp|P30101|PDIA3_HUMAN	P30101	PDIA3_HUMAN	PDIA3	505	27.90	Homo sapiens OX=9606	Protein disulfide-isomerase A3 	1:Experimental evidence at protein level	1.0000	0.9990	8	8	8	9	9	9	     0	     0	     0	10C(57.0215)		
261	a	sp|P30405|PPIF_HUMAN	P30405	PPIF_HUMAN	PPIF	207	23.20	Homo sapiens OX=9606	Peptidyl-prolyl cis-trans isomerase F, mitochondrial 	1:Experimental evidence at protein level	1.0000	0.9990	2	2	2	2	2	2	     0	     0	     0	24C(57.0215), 7C(57.0215)		
262	a	sp|P30419|NMT1_HUMAN	P30419	NMT1_HUMAN	NMT1	496	6.90	Homo sapiens OX=9606	Glycylpeptide N-tetradecanoyltransferase 1 	1:Experimental evidence at protein level	1.0000	0.9990	2	2	2	3	3	3	     0	     0	     0			
263	a	sp|P30520|PURA2_HUMAN	P30520	PURA2_HUMAN	ADSS2	456	8.60	Homo sapiens OX=9606	Adenylosuccinate synthetase isozyme 2 	1:Experimental evidence at protein level	1.0000	0.9990	2	2	2	2	2	2	     0	     0	     0			
264	a	sp|P30613|KPYR_HUMAN	P30613	KPYR_HUMAN	PKLR	574	4.40	Homo sapiens OX=9606	Pyruvate kinase PKLR 	1:Experimental evidence at protein level	1.0000	0.9990	1	1	1	2	2	2	     0	     0	     0	16C(57.0215)		
265	a	sp|P30740|ILEU_HUMAN	P30740	ILEU_HUMAN	SERPINB1	379	11.60	Homo sapiens OX=9606	Leukocyte elastase inhibitor 	1:Experimental evidence at protein level	1.0000	0.9990	3	3	3	3	3	3	     0	     0	     0			
266	a	sp|P31040|SDHA_HUMAN	P31040	SDHA_HUMAN	SDHA	664	14.30	Homo sapiens OX=9606	Succinate dehydrogenase [ubiquinone] flavoprotein subunit, mitochondrial 	1:Experimental evidence at protein level	1.0000	0.9990	5	5	5	5	5	5	     0	     0	     0	10C(57.0215), 2C(57.0215)		
267	a	sp|P31153|METK2_HUMAN	P31153	METK2_HUMAN	MAT2A	395	22.80	Homo sapiens OX=9606	S-adenosylmethionine synthase isoform type-2 	1:Experimental evidence at protein level	1.0000	0.9990	5	3	5	6	4	6	     0	     0	     0	2C(57.0215)		
268	a	sp|P31327|CPSM_HUMAN	P31327	CPSM_HUMAN	CPS1	1500	31.10	Homo sapiens OX=9606	Carbamoyl-phosphate synthase [ammonia], mitochondrial 	1:Experimental evidence at protein level	1.0000	0.9990	24	24	24	36	36	36	     0	     0	     0	11C(57.0215), 11M(15.9949), 15M(15.9949), 18C(57.0215), 19C(57.0215), 1C(57.0215), 1M(15.9949), 2C(57.0215), 6C(57.0215)	Delta:H(4)C(3)(40.031300)	
269	a	sp|P31689|DNJA1_HUMAN	P31689	DNJA1_HUMAN	DNAJA1	397	9.60	Homo sapiens OX=9606	DnaJ homolog subfamily A member 1 	1:Experimental evidence at protein level	1.0000	0.9990	2	2	2	3	3	3	     0	     0	     0			
270	a	sp|P31930|QCR1_HUMAN	P31930	QCR1_HUMAN	UQCRC1	480	41.20	Homo sapiens OX=9606	Cytochrome b-c1 complex subunit 1, mitochondrial 	1:Experimental evidence at protein level	1.0000	0.9990	10	10	10	10	10	10	     0	     0	     0	12C(57.0215), 14C(57.0215), 20C(57.0215), 6C(57.0215)	Pro->HAVA(18.010500)	
271	a	sp|P31939|PUR9_HUMAN	P31939	PUR9_HUMAN	ATIC	592	21.80	Homo sapiens OX=9606	Bifunctional purine biosynthesis protein ATIC 	1:Experimental evidence at protein level	1.0000	0.9990	7	7	7	7	7	7	     0	     0	     0			
272	a	sp|P31942|HNRH3_HUMAN	P31942	HNRH3_HUMAN	HNRNPH3	346	14.70	Homo sapiens OX=9606	Heterogeneous nuclear ribonucleoprotein H3 	1:Experimental evidence at protein level	1.0000	0.9990	3	3	3	5	5	5	     0	     0	     0			
273	a	sp|P31943|HNRH1_HUMAN	P31943	HNRH1_HUMAN	HNRNPH1	449	33.90	Homo sapiens OX=9606	Heterogeneous nuclear ribonucleoprotein H 	1:Experimental evidence at protein level	1.0000	0.9990	9	4	9	10	4	10	     0	     0	     0	15C(57.0215), 5C(57.0215)		
274	a	sp|P31946|1433B_HUMAN	P31946	1433B_HUMAN	YWHAB	246	27.60	Homo sapiens OX=9606	14-3-3 protein beta/alpha 	1:Experimental evidence at protein level	1.0000	0.9990	5	3	4	8	6	7	     0	     0	     0	4M(15.9949)		
275	a	sp|P31947|1433S_HUMAN	P31947	1433S_HUMAN	SFN	248	17.30	Homo sapiens OX=9606	14-3-3 protein sigma 	1:Experimental evidence at protein level	1.0000	0.9990	3	2	2	3	2	2	     0	     0	     0			
276	a	sp|P31948|STIP1_HUMAN	P31948	STIP1_HUMAN	STIP1	543	14.50	Homo sapiens OX=9606	Stress-induced-phosphoprotein 1 	1:Experimental evidence at protein level	1.0000	0.9990	6	6	6	8	8	8	     0	     0	     0	13C(57.0215), 18C(57.0215), 4M(15.9949)	2-monomethylsuccinyl(130.026600)	
277	a	sp|P31949|S10AB_HUMAN	P31949	S10AB_HUMAN	S100A11	105	25.70	Homo sapiens OX=9606	Protein S100-A11 	1:Experimental evidence at protein level	1.0000	0.9990	2	2	2	3	3	3	     0	     0	     0	1C(57.0215)		
278	a	sp|P32004|L1CAM_HUMAN	P32004	L1CAM_HUMAN	L1CAM	1257	2.70	Homo sapiens OX=9606	Neural cell adhesion molecule L1 	1:Experimental evidence at protein level	1.0000	0.9982	2	2	2	2	2	2	     0	     0	     0			
279	a	sp|P32119|PRDX2_HUMAN	P32119	PRDX2_HUMAN	PRDX2	198	33.80	Homo sapiens OX=9606	Peroxiredoxin-2 	1:Experimental evidence at protein level	1.0000	0.9990	8	7	8	13	12	13	     0	     0	     0	15C(57.0215), 5C(57.0215)	Cation:Ca[II](37.946900), Delta:H(4)C(3)(40.031300)	
280	a	sp|P32320|CDD_HUMAN	P32320	CDD_HUMAN	CDA	146	26.00	Homo sapiens OX=9606	Cytidine deaminase 	1:Experimental evidence at protein level	1.0000	0.9990	2	2	2	2	2	2	     0	     0	     0	14C(57.0215), 2C(57.0215), 4C(57.0215), 8C(57.0215)		
281	a	sp|P32969|RL9_HUMAN	P32969	RL9_HUMAN	RPL9	192	44.30	Homo sapiens OX=9606	60S ribosomal protein L9 	1:Experimental evidence at protein level	1.0000	0.9990	5	5	5	7	7	7	     0	     0	     0	3C(57.0215), 7C(57.0215)		
282	a	sp|P33316|DUT_HUMAN	P33316	DUT_HUMAN	DUT	252	17.50	Homo sapiens OX=9606	Deoxyuridine 5'-triphosphate nucleotidohydrolase, mitochondrial 	1:Experimental evidence at protein level	1.0000	0.9990	3	3	3	3	3	3	     0	     0	     0			
283	a	sp|P33991|MCM4_HUMAN	P33991	MCM4_HUMAN	MCM4	863	12.40	Homo sapiens OX=9606	DNA replication licensing factor MCM4 	1:Experimental evidence at protein level	1.0000	0.9990	7	7	7	8	8	8	     0	     0	     0	16C(57.0215)		
284	a	sp|P33992|MCM5_HUMAN	P33992	MCM5_HUMAN	MCM5	734	7.50	Homo sapiens OX=9606	DNA replication licensing factor MCM5 	1:Experimental evidence at protein level	1.0000	0.9990	4	4	4	4	4	4	     0	     0	     0			
285	a	sp|P33993|MCM7_HUMAN	P33993	MCM7_HUMAN	MCM7	719	13.10	Homo sapiens OX=9606	DNA replication licensing factor MCM7 	1:Experimental evidence at protein level	1.0000	0.9990	6	6	6	6	6	6	     0	     0	     0			
286	a	sp|P34897|GLYM_HUMAN	P34897	GLYM_HUMAN	SHMT2	504	16.90	Homo sapiens OX=9606	Serine hydroxymethyltransferase, mitochondrial 	1:Experimental evidence at protein level	1.0000	0.9990	5	5	5	6	6	6	     0	     0	     0	15C(57.0215), 5C(57.0215)		
287	a	sp|P34932|HSP74_HUMAN	P34932	HSP74_HUMAN	HSPA4	840	10.20	Homo sapiens OX=9606	Heat shock 70 kDa protein 4 	1:Experimental evidence at protein level	1.0000	0.9990	5	5	5	5	5	5	     0	     0	     0	12C(57.0215), 6C(57.0215)		
288	a	sp|P35232|PHB_HUMAN	P35232	PHB_HUMAN	PHB	272	19.10	Homo sapiens OX=9606	Prohibitin 	1:Experimental evidence at protein level	1.0000	0.9990	3	3	3	4	4	4	     0	     0	     0			
289	a	sp|P35241|RADI_HUMAN	P35241	RADI_HUMAN	RDX	583	17.00	Homo sapiens OX=9606	Radixin 	1:Experimental evidence at protein level	1.0000	0.9990	6	3	3	6	3	3	     0	     0	     0	10C(57.0215)		
290	a	sp|P35244|RFA3_HUMAN	P35244	RFA3_HUMAN	RPA3	121	27.30	Homo sapiens OX=9606	Replication protein A 14 kDa subunit 	1:Experimental evidence at protein level	1.0000	0.9990	2	2	2	2	2	2	     0	     0	     0			
291	a	sp|P35610|SOAT1_HUMAN	P35610	SOAT1_HUMAN	SOAT1	550	4.90	Homo sapiens OX=9606	Sterol O-acyltransferase 1 	1:Experimental evidence at protein level	1.0000	0.9987	2	2	2	2	2	2	     0	     0	     0			
292	a	sp|P35613|BASI_HUMAN	P35613	BASI_HUMAN	BSG	385	21.60	Homo sapiens OX=9606	Basigin 	1:Experimental evidence at protein level	1.0000	0.9990	4	4	4	4	4	4	     0	     0	     0	12C(57.0215), 15C(57.0215)		
293	a	sp|P35637|FUS_HUMAN	P35637	FUS_HUMAN	FUS	526	4.60	Homo sapiens OX=9606	RNA-binding protein FUS 	1:Experimental evidence at protein level	1.0000	0.9990	1	1	1	2	2	2	     0	     0	     0			
294	a	sp|P36542|ATPG_HUMAN	P36542	ATPG_HUMAN	ATP5F1C	298	7.70	Homo sapiens OX=9606	ATP synthase subunit gamma, mitochondrial 	1:Experimental evidence at protein level	1.0000	0.9987	2	2	2	2	2	2	     0	     0	     0	3C(57.0215)		
295	a	sp|P36578|RL4_HUMAN	P36578	RL4_HUMAN	RPL4	427	19.20	Homo sapiens OX=9606	60S ribosomal protein L4 	1:Experimental evidence at protein level	1.0000	0.9990	5	5	5	9	9	9	     0	     0	     0	4C(57.0215)	Carbamyl(43.005800)	
296	a	sp|P36776|LONM_HUMAN	P36776	LONM_HUMAN	LONP1	959	4.60	Homo sapiens OX=9606	Lon protease homolog, mitochondrial 	1:Experimental evidence at protein level	1.0000	0.9990	2	2	2	2	2	2	     0	     0	     0			
297	a	sp|P36871|PGM1_HUMAN	P36871	PGM1_HUMAN	PGM1	562	13.00	Homo sapiens OX=9606	Phosphoglucomutase-1 	1:Experimental evidence at protein level	1.0000	0.9990	4	4	4	4	4	4	     0	     0	     0	4C(57.0215)		
298	a	sp|P36873|PP1G_HUMAN	P36873	PP1G_HUMAN	PPP1CC	323	30.30	Homo sapiens OX=9606	Serine/threonine-protein phosphatase PP1-gamma catalytic subunit 	1:Experimental evidence at protein level	1.0000	0.9990	2	0	2	2	0	2	     0	     0	     0	14C(57.0215), 2C(57.0215)		sp|P62136|PP1A_HUMAN
299	a	sp|P36952|SPB5_HUMAN	P36952	SPB5_HUMAN	SERPINB5	375	33.30	Homo sapiens OX=9606	Serpin B5 	1:Experimental evidence at protein level	1.0000	0.9990	7	7	7	7	7	7	     0	     0	     0	2C(57.0215), N-term(42.0106)		
300	a	sp|P36957|ODO2_HUMAN	P36957	ODO2_HUMAN	DLST	453	7.30	Homo sapiens OX=9606	Dihydrolipoyllysine-residue succinyltransferase component of 2-oxoglutarate dehydrogenase complex, mitochondrial 	1:Experimental evidence at protein level	1.0000	0.9990	2	2	2	2	2	2	     0	     0	     0			
301	a	sp|P37108|SRP14_HUMAN	P37108	SRP14_HUMAN	SRP14	136	30.90	Homo sapiens OX=9606	Signal recognition particle 14 kDa protein 	1:Experimental evidence at protein level	1.0000	0.9990	2	2	2	2	2	2	     0	     0	     0			
302	a	sp|P37802|TAGL2_HUMAN	P37802	TAGL2_HUMAN	TAGLN2	199	26.60	Homo sapiens OX=9606	Transgelin-2 	1:Experimental evidence at protein level	1.0000	0.9990	3	3	3	4	4	4	     0	     0	     0	6C(57.0215)		
303	a	sp|P38117|ETFB_HUMAN	P38117	ETFB_HUMAN	ETFB	255	19.60	Homo sapiens OX=9606	Electron transfer flavoprotein subunit beta 	1:Experimental evidence at protein level	1.0000	0.9990	3	3	3	5	5	5	     0	     0	     0	12C(57.0215), 7C(57.0215)		
304	a	sp|P38606|VATA_HUMAN	P38606	VATA_HUMAN	ATP6V1A	617	5.80	Homo sapiens OX=9606	V-type proton ATPase catalytic subunit A 	1:Experimental evidence at protein level	1.0000	0.9989	2	2	2	2	2	2	     0	     0	     0	22C(57.0215), 8C(57.0215)		
305	a	sp|P38646|GRP75_HUMAN	P38646	GRP75_HUMAN	HSPA9	679	24.40	Homo sapiens OX=9606	Stress-70 protein, mitochondrial 	1:Experimental evidence at protein level	1.0000	0.9990	9	8	8	12	11	11	     0	     0	     0	14C(57.0215), 1C(57.0215)		
306	a	sp|P38919|IF4A3_HUMAN	P38919	IF4A3_HUMAN	EIF4A3	411	15.10	Homo sapiens OX=9606	Eukaryotic initiation factor 4A-III 	1:Experimental evidence at protein level	1.0000	0.9990	3	3	3	3	3	3	     0	     0	     0			
307	a	sp|P39748|FEN1_HUMAN	P39748	FEN1_HUMAN	FEN1	380	32.60	Homo sapiens OX=9606	Flap endonuclease 1 	1:Experimental evidence at protein level	1.0000	0.9990	7	7	7	8	8	8	     0	     0	     0	11C(57.0215), 21C(57.0215)		
308	a	sp|P40121|CAPG_HUMAN	P40121	CAPG_HUMAN	CAPG	348	23.60	Homo sapiens OX=9606	Macrophage-capping protein 	1:Experimental evidence at protein level	1.0000	0.9990	4	4	4	5	5	5	     0	     0	     0	N-term(42.0106)		
309	a	sp|P40227|TCPZ_HUMAN	P40227	TCPZ_HUMAN	CCT6A	531	16.80	Homo sapiens OX=9606	T-complex protein 1 subunit zeta 	1:Experimental evidence at protein level	1.0000	0.9990	4	4	4	5	5	5	     0	     0	     0	10C(57.0215), 7C(57.0215)		
310	a	sp|P40261|NNMT_HUMAN	P40261	NNMT_HUMAN	NNMT	264	18.60	Homo sapiens OX=9606	Nicotinamide N-methyltransferase 	1:Experimental evidence at protein level	1.0000	0.9990	3	3	3	3	3	3	     0	     0	     0	16C(57.0215)		
311	a	sp|P40925|MDHC_HUMAN	P40925	MDHC_HUMAN	MDH1	334	10.50	Homo sapiens OX=9606	Malate dehydrogenase, cytoplasmic 	1:Experimental evidence at protein level	1.0000	0.9990	2	2	2	3	3	3	     0	     0	     0			
312	a	sp|P40926|MDHM_HUMAN	P40926	MDHM_HUMAN	MDH2	338	15.70	Homo sapiens OX=9606	Malate dehydrogenase, mitochondrial 	1:Experimental evidence at protein level	1.0000	0.9990	3	3	3	4	4	4	     0	     0	     0			
313	a	sp|P40937|RFC5_HUMAN	P40937	RFC5_HUMAN	RFC5	340	10.30	Homo sapiens OX=9606	Replication factor C subunit 5 	1:Experimental evidence at protein level	1.0000	0.9990	2	2	2	2	2	2	     0	     0	     0			
314	a	sp|P40938|RFC3_HUMAN	P40938	RFC3_HUMAN	RFC3	356	14.00	Homo sapiens OX=9606	Replication factor C subunit 3 	1:Experimental evidence at protein level	1.0000	0.9990	3	3	3	3	3	3	     0	     0	     0	10C(57.0215), 17C(57.0215), 5C(57.0215)		
315	a	sp|P40939|ECHA_HUMAN	P40939	ECHA_HUMAN	HADHA	763	10.90	Homo sapiens OX=9606	Trifunctional enzyme subunit alpha, mitochondrial 	1:Experimental evidence at protein level	1.0000	0.9990	4	4	4	5	5	5	     0	     0	     0	10C(57.0215)		
316	a	sp|P41223|BUD31_HUMAN	P41223	BUD31_HUMAN	BUD31	144	20.10	Homo sapiens OX=9606	Protein BUD31 homolog 	1:Experimental evidence at protein level	1.0000	0.9990	2	2	2	2	2	2	     0	     0	     0	4C(57.0215), 7C(57.0215), 9C(57.0215)		
317	a	sp|P41250|GARS_HUMAN	P41250	GARS_HUMAN	GARS1	739	16.50	Homo sapiens OX=9606	Glycine--tRNA ligase 	1:Experimental evidence at protein level	1.0000	0.9990	7	7	7	7	7	7	     0	     0	     0	2C(57.0215), 7C(57.0215)		
318	a	sp|P41252|SYIC_HUMAN	P41252	SYIC_HUMAN	IARS1	1262	12.40	Homo sapiens OX=9606	Isoleucine--tRNA ligase, cytoplasmic 	1:Experimental evidence at protein level	1.0000	0.9990	8	8	8	9	9	9	     0	     0	     0	13C(57.0215), 5C(57.0215), 6C(57.0215)	Delta:H(4)C(3)(40.031300)	
319	a	sp|P42166|LAP2A_HUMAN	P42166	LAP2A_HUMAN	TMPO	694	16.40	Homo sapiens OX=9606	Lamina-associated polypeptide 2, isoform alpha 	1:Experimental evidence at protein level	1.0000	0.9989	6	3	3	8	3	3	     0	     0	     0	9C(57.0215)		
320	a	sp|P42167|LAP2B_HUMAN	P42167	LAP2B_HUMAN	TMPO	454	28.00	Homo sapiens OX=9606	Lamina-associated polypeptide 2, isoforms beta/gamma 	1:Experimental evidence at protein level	1.0000	0.9990	7	4	7	10	5	10	     0	     0	     0			
321	a	sp|P42285|MTREX_HUMAN	P42285	MTREX_HUMAN	MTREX	1042	4.90	Homo sapiens OX=9606	Exosome RNA helicase MTR4 	1:Experimental evidence at protein level	1.0000	0.9987	2	2	2	2	2	2	     0	     0	     0	10C(57.0215)		
322	a	sp|P42704|LPPRC_HUMAN	P42704	LPPRC_HUMAN	LRPPRC	1394	11.80	Homo sapiens OX=9606	Leucine-rich PPR motif-containing protein, mitochondrial 	1:Experimental evidence at protein level	1.0000	0.9990	9	9	9	9	9	9	     0	     0	     0	12C(57.0215), 21C(57.0215)		
323	a	sp|P42765|THIM_HUMAN	P42765	THIM_HUMAN	ACAA2	397	37.80	Homo sapiens OX=9606	3-ketoacyl-CoA thiolase, mitochondrial 	1:Experimental evidence at protein level	1.0000	0.9990	7	7	7	8	8	8	     0	     0	     0	13C(57.0215), 17C(57.0215), 2C(57.0215), 9C(57.0215)		
324	a	sp|P43243|MATR3_HUMAN	P43243	MATR3_HUMAN	MATR3	847	21.00	Homo sapiens OX=9606	Matrin-3 	1:Experimental evidence at protein level	1.0000	0.9990	12	12	12	13	13	13	     0	     0	     0	10C(57.0215), 4C(57.0215), 6C(57.0215), 9C(57.0215)		
325	a	sp|P43246|MSH2_HUMAN	P43246	MSH2_HUMAN	MSH2	934	4.40	Homo sapiens OX=9606	DNA mismatch repair protein Msh2 	1:Experimental evidence at protein level	1.0000	0.9990	2	2	2	2	2	2	     0	     0	     0			
326	a	sp|P43307|SSRA_HUMAN	P43307	SSRA_HUMAN	SSR1	286	23.10	Homo sapiens OX=9606	Translocon-associated protein subunit alpha 	1:Experimental evidence at protein level	1.0000	0.9990	3	3	3	3	3	3	     0	     0	     0			
327	a	sp|P43487|RANG_HUMAN	P43487	RANG_HUMAN	RANBP1	201	16.90	Homo sapiens OX=9606	Ran-specific GTPase-activating protein 	1:Experimental evidence at protein level	1.0000	0.9990	1	1	1	2	2	2	     0	     0	     0			
328	a	sp|P43490|NAMPT_HUMAN	P43490	NAMPT_HUMAN	NAMPT	491	16.50	Homo sapiens OX=9606	Nicotinamide phosphoribosyltransferase 	1:Experimental evidence at protein level	1.0000	0.9990	5	5	5	6	6	6	     0	     0	     0			
329	a	sp|P43686|PRS6B_HUMAN	P43686	PRS6B_HUMAN	PSMC4	418	15.10	Homo sapiens OX=9606	26S proteasome regulatory subunit 6B 	1:Experimental evidence at protein level	1.0000	0.9990	4	4	4	4	4	4	     0	     0	     0			
330	a	sp|P45880|VDAC2_HUMAN	P45880	VDAC2_HUMAN	VDAC2	294	28.60	Homo sapiens OX=9606	Voltage-dependent anion-selective channel protein 2 	1:Experimental evidence at protein level	1.0000	0.9990	4	4	4	5	5	5	     0	     0	     0	18C(57.0215), 2C(57.0215)		
331	a	sp|P46063|RECQ1_HUMAN	P46063	RECQ1_HUMAN	RECQL	649	8.20	Homo sapiens OX=9606	ATP-dependent DNA helicase Q1 	1:Experimental evidence at protein level	1.0000	0.9990	3	3	3	3	3	3	     0	     0	     0			
332	a	sp|P46087|NOP2_HUMAN	P46087	NOP2_HUMAN	NOP2	812	5.30	Homo sapiens OX=9606	Probable 28S rRNA (cytosine(4447)-C(5))-methyltransferase 	1:Experimental evidence at protein level	1.0000	0.9990	2	2	2	2	2	2	     0	     0	     0			
333	a	sp|P46777|RL5_HUMAN	P46777	RL5_HUMAN	RPL5	297	27.90	Homo sapiens OX=9606	60S ribosomal protein L5 	1:Experimental evidence at protein level	1.0000	0.9990	6	6	6	11	11	11	     0	     0	     0	11C(57.0215), 8C(57.0215)	Delta:H(4)C(3)(40.031300)	
334	a	sp|P46778|RL21_HUMAN	P46778	RL21_HUMAN	RPL21	160	16.20	Homo sapiens OX=9606	60S ribosomal protein L21 	1:Experimental evidence at protein level	1.0000	0.9990	2	2	2	2	2	2	     0	     0	     0			
335	a	sp|P46782|RS5_HUMAN	P46782	RS5_HUMAN	RPS5	204	22.50	Homo sapiens OX=9606	40S ribosomal protein S5 	1:Experimental evidence at protein level	1.0000	0.9989	4	4	4	5	5	5	     0	     0	     0	13C(57.0215), 5C(57.0215), 9C(57.0215)		
336	a	sp|P46783|RS10_HUMAN	P46783	RS10_HUMAN	RPS10	165	15.20	Homo sapiens OX=9606	40S ribosomal protein S10 	1:Experimental evidence at protein level	1.0000	0.9990	2	2	2	2	2	2	     0	     0	     0			
337	a	sp|P46940|IQGA1_HUMAN	P46940	IQGA1_HUMAN	IQGAP1	1657	17.30	Homo sapiens OX=9606	Ras GTPase-activating-like protein IQGAP1 	1:Experimental evidence at protein level	1.0000	0.9990	18	18	18	18	18	18	     0	     0	     0	13C(57.0215), 17C(57.0215)		
338	a	sp|P47756|CAPZB_HUMAN	P47756	CAPZB_HUMAN	CAPZB	277	10.80	Homo sapiens OX=9606	F-actin-capping protein subunit beta 	1:Experimental evidence at protein level	1.0000	0.9990	2	2	2	2	2	2	     0	     0	     0	2C(57.0215), 7C(57.0215)		
339	a	sp|P47897|SYQ_HUMAN	P47897	SYQ_HUMAN	QARS1	775	13.30	Homo sapiens OX=9606	Glutamine--tRNA ligase 	1:Experimental evidence at protein level	1.0000	0.9990	7	7	7	7	7	7	     0	     0	     0	18C(57.0215)		
340	a	sp|P48047|ATPO_HUMAN	P48047	ATPO_HUMAN	ATP5PO	213	23.50	Homo sapiens OX=9606	ATP synthase subunit O, mitochondrial 	1:Experimental evidence at protein level	1.0000	0.9990	3	3	3	3	3	3	     0	     0	     0			
341	a	sp|P48643|TCPE_HUMAN	P48643	TCPE_HUMAN	CCT5	541	18.10	Homo sapiens OX=9606	T-complex protein 1 subunit epsilon 	1:Experimental evidence at protein level	1.0000	0.9990	6	5	5	9	6	6	     0	     0	     0	12C(57.0215), 6C(57.0215)	Delta:H(4)C(3)(40.031300)	
342	a	sp|P49257|LMAN1_HUMAN	P49257	LMAN1_HUMAN	LMAN1	510	23.30	Homo sapiens OX=9606	Protein ERGIC-53 	1:Experimental evidence at protein level	1.0000	0.9990	5	5	5	5	5	5	     0	     0	     0	30C(57.0215)		
343	a	sp|P49321|NASP_HUMAN	P49321	NASP_HUMAN	NASP	788	11.00	Homo sapiens OX=9606	Nuclear autoantigenic sperm protein 	1:Experimental evidence at protein level	1.0000	0.9990	5	5	5	6	6	6	     0	     0	     0	10C(57.0215), 11C(57.0215)		
344	a	sp|P49327|FAS_HUMAN	P49327	FAS_HUMAN	FASN	2511	12.20	Homo sapiens OX=9606	Fatty acid synthase 	1:Experimental evidence at protein level	1.0000	0.9990	18	18	18	18	18	18	     0	     0	     0	11C(57.0215), 16C(57.0215), 1C(57.0215), 2C(57.0215), 9C(57.0215)		
345	a	sp|P49368|TCPG_HUMAN	P49368	TCPG_HUMAN	CCT3	545	19.60	Homo sapiens OX=9606	T-complex protein 1 subunit gamma 	1:Experimental evidence at protein level	1.0000	0.9990	5	5	5	5	5	5	     0	     0	     0	6C(57.0215)		
346	a	sp|P49411|EFTU_HUMAN	P49411	EFTU_HUMAN	TUFM	452	32.70	Homo sapiens OX=9606	Elongation factor Tu, mitochondrial 	1:Experimental evidence at protein level	1.0000	0.9990	11	11	11	14	14	14	     0	     0	     0	12C(57.0215), 13C(57.0215), 5C(57.0215)	Delta:H(4)C(3)(40.031300)	
347	a	sp|P49419|AL7A1_HUMAN	P49419	AL7A1_HUMAN	ALDH7A1	539	11.10	Homo sapiens OX=9606	Alpha-aminoadipic semialdehyde dehydrogenase 	1:Experimental evidence at protein level	1.0000	0.9990	3	3	3	4	4	4	     0	     0	     0	4C(57.0215)		
348	a	sp|P49588|SYAC_HUMAN	P49588	SYAC_HUMAN	AARS1	968	24.70	Homo sapiens OX=9606	Alanine--tRNA ligase, cytoplasmic 	1:Experimental evidence at protein level	1.0000	0.9990	13	13	13	15	15	15	     0	     0	     0	12C(57.0215), 15C(57.0215), 2C(57.0215), 3C(57.0215), 5C(57.0215)		
349	a	sp|P49589|SYCC_HUMAN	P49589	SYCC_HUMAN	CARS1	748	5.60	Homo sapiens OX=9606	Cysteine--tRNA ligase, cytoplasmic 	1:Experimental evidence at protein level	1.0000	0.9989	3	3	3	3	3	3	     0	     0	     0			
350	a	sp|P49591|SYSC_HUMAN	P49591	SYSC_HUMAN	SARS1	514	15.20	Homo sapiens OX=9606	Serine--tRNA ligase, cytoplasmic 	1:Experimental evidence at protein level	1.0000	0.9990	5	5	5	5	5	5	     0	     0	     0			
351	a	sp|P49720|PSB3_HUMAN	P49720	PSB3_HUMAN	PSMB3	205	16.10	Homo sapiens OX=9606	Proteasome subunit beta type-3 	1:Experimental evidence at protein level	1.0000	0.9990	2	2	2	2	2	2	     0	     0	     0			
352	a	sp|P49736|MCM2_HUMAN	P49736	MCM2_HUMAN	MCM2	904	3.00	Homo sapiens OX=9606	DNA replication licensing factor MCM2 	1:Experimental evidence at protein level	1.0000	0.9990	2	2	2	2	2	2	     0	     0	     0			
353	a	sp|P49748|ACADV_HUMAN	P49748	ACADV_HUMAN	ACADVL	655	17.90	Homo sapiens OX=9606	Very long-chain specific acyl-CoA dehydrogenase, mitochondrial 	1:Experimental evidence at protein level	1.0000	0.9990	6	6	6	7	7	7	     0	     0	     0	11C(57.0215), 19C(57.0215)	Delta:H(4)C(3)(40.031300)	
354	a	sp|P49755|TMEDA_HUMAN	P49755	TMEDA_HUMAN	TMED10	219	15.10	Homo sapiens OX=9606	Transmembrane emp24 domain-containing protein 10 	1:Experimental evidence at protein level	1.0000	0.9990	2	2	2	3	3	3	     0	     0	     0			
355	a	sp|P49756|RBM25_HUMAN	P49756	RBM25_HUMAN	RBM25	843	3.60	Homo sapiens OX=9606	RNA-binding protein 25 	1:Experimental evidence at protein level	1.0000	0.9990	2	2	2	2	2	2	     0	     0	     0			
356	a	sp|P49773|HINT1_HUMAN	P49773	HINT1_HUMAN	HINT1	126	46.00	Homo sapiens OX=9606	Histidine triad nucleotide-binding protein 1 	1:Experimental evidence at protein level	1.0000	0.9990	3	3	3	4	4	4	     0	     0	     0	1C(57.0215)		
357	a	sp|P49915|GUAA_HUMAN	P49915	GUAA_HUMAN	GMPS	693	23.80	Homo sapiens OX=9606	GMP synthase [glutamine-hydrolyzing] 	1:Experimental evidence at protein level	1.0000	0.9990	10	10	10	11	11	11	     0	     0	     0	9C(57.0215)		
358	a	sp|P50213|IDH3A_HUMAN	P50213	IDH3A_HUMAN	IDH3A	366	18.30	Homo sapiens OX=9606	Isocitrate dehydrogenase [NAD] subunit alpha, mitochondrial 	1:Experimental evidence at protein level	1.0000	0.9990	3	3	3	3	3	3	     0	     0	     0	11C(57.0215)		
359	a	sp|P50238|CRIP1_HUMAN	P50238	CRIP1_HUMAN	CRIP1	77	36.40	Homo sapiens OX=9606	Cysteine-rich protein 1 	1:Experimental evidence at protein level	1.0000	0.9990	2	2	2	4	4	4	     0	     0	     0	11M(15.9949), 3C(57.0215), 7C(57.0215)	Carbamyl(43.005800)	
360	a	sp|P50402|EMD_HUMAN	P50402	EMD_HUMAN	EMD	254	20.10	Homo sapiens OX=9606	Emerin 	1:Experimental evidence at protein level	1.0000	0.9990	3	3	3	5	5	5	     0	     0	     0			
361	a	sp|P50416|CPT1A_HUMAN	P50416	CPT1A_HUMAN	CPT1A	773	3.00	Homo sapiens OX=9606	Carnitine O-palmitoyltransferase 1, liver isoform 	1:Experimental evidence at protein level	1.0000	0.9986	2	2	2	3	3	3	     0	     0	     0	3C(57.0215)		
362	a	sp|P50454|SERPH_HUMAN	P50454	SERPH_HUMAN	SERPINH1	418	30.60	Homo sapiens OX=9606	Serpin H1 	1:Experimental evidence at protein level	1.0000	0.9990	9	9	9	10	10	10	     0	     0	     0	5C(57.0215)		
363	a	sp|P50552|VASP_HUMAN	P50552	VASP_HUMAN	VASP	380	6.30	Homo sapiens OX=9606	Vasodilator-stimulated phosphoprotein 	1:Experimental evidence at protein level	1.0000	0.9987	2	2	2	2	2	2	     0	     0	     0			
364	a	sp|P50570|DYN2_HUMAN	P50570	DYN2_HUMAN	DNM2	870	4.60	Homo sapiens OX=9606	Dynamin-2 	1:Experimental evidence at protein level	1.0000	0.9990	2	2	2	3	3	3	     0	     0	     0	12C(57.0215)		
365	a	sp|P50914|RL14_HUMAN	P50914	RL14_HUMAN	RPL14	215	11.20	Homo sapiens OX=9606	60S ribosomal protein L14 	1:Experimental evidence at protein level	1.0000	0.9990	2	2	2	2	2	2	     0	     0	     0			
366	a	sp|P50990|TCPQ_HUMAN	P50990	TCPQ_HUMAN	CCT8	548	16.20	Homo sapiens OX=9606	T-complex protein 1 subunit theta 	1:Experimental evidence at protein level	1.0000	0.9990	6	6	6	6	6	6	     0	     0	     0	10C(57.0215), 11C(57.0215), 16C(57.0215), 9C(57.0215)	Delta:H(4)C(3)(40.031300)	
367	a	sp|P50991|TCPD_HUMAN	P50991	TCPD_HUMAN	CCT4	539	22.10	Homo sapiens OX=9606	T-complex protein 1 subunit delta 	1:Experimental evidence at protein level	1.0000	0.9990	8	7	8	11	8	11	     0	     0	     0	11C(57.0215), 7C(57.0215), 8C(57.0215)		
368	a	sp|P51659|DHB4_HUMAN	P51659	DHB4_HUMAN	HSD17B4	736	8.80	Homo sapiens OX=9606	Peroxisomal multifunctional enzyme type 2 	1:Experimental evidence at protein level	1.0000	0.9990	4	4	4	4	4	4	     0	     0	     0	5C(57.0215)		
369	a	sp|P51665|PSMD7_HUMAN	P51665	PSMD7_HUMAN	PSMD7	324	18.50	Homo sapiens OX=9606	26S proteasome non-ATPase regulatory subunit 7 	1:Experimental evidence at protein level	1.0000	0.9990	3	3	3	4	4	4	     0	     0	     0			
370	a	sp|P51858|HDGF_HUMAN	P51858	HDGF_HUMAN	HDGF	240	33.30	Homo sapiens OX=9606	Hepatoma-derived growth factor 	1:Experimental evidence at protein level	1.0000	0.9990	4	4	4	4	4	4	     0	     0	     0	2C(57.0215)		
371	a	sp|P51970|NDUA8_HUMAN	P51970	NDUA8_HUMAN	NDUFA8	172	7.60	Homo sapiens OX=9606	NADH dehydrogenase [ubiquinone] 1 alpha subcomplex subunit 8 	1:Experimental evidence at protein level	1.0000	0.9990	1	1	1	2	2	2	     0	     0	     0			
372	a	sp|P51991|ROA3_HUMAN	P51991	ROA3_HUMAN	HNRNPA3	378	7.40	Homo sapiens OX=9606	Heterogeneous nuclear ribonucleoprotein A3 	1:Experimental evidence at protein level	1.0000	0.9936	2	2	2	2	2	2	     0	     0	     0			
373	a	sp|P52209|6PGD_HUMAN	P52209	6PGD_HUMAN	PGD	483	14.50	Homo sapiens OX=9606	6-phosphogluconate dehydrogenase, decarboxylating 	1:Experimental evidence at protein level	1.0000	0.9990	4	4	4	5	5	5	     0	     0	     0	7C(57.0215), 8C(57.0215)		
374	a	sp|P52272|HNRPM_HUMAN	P52272	HNRPM_HUMAN	HNRNPM	730	12.90	Homo sapiens OX=9606	Heterogeneous nuclear ribonucleoprotein M 	1:Experimental evidence at protein level	1.0000	0.9990	5	5	5	5	5	5	     0	     0	     0			
375	a	sp|P52292|IMA1_HUMAN	P52292	IMA1_HUMAN	KPNA2	529	8.30	Homo sapiens OX=9606	Importin subunit alpha-1 	1:Experimental evidence at protein level	1.0000	0.9990	2	2	2	2	2	2	     0	     0	     0	3C(57.0215)		
376	a	sp|P52434|RPAB3_HUMAN	P52434	RPAB3_HUMAN	POLR2H	150	28.70	Homo sapiens OX=9606	DNA-directed RNA polymerases I, II, and III subunit RPABC3 	1:Experimental evidence at protein level	1.0000	0.9986	2	2	2	2	2	2	     0	     0	     0			
377	a	sp|P52565|GDIR1_HUMAN	P52565	GDIR1_HUMAN	ARHGDIA	204	24.00	Homo sapiens OX=9606	Rho GDP-dissociation inhibitor 1 	1:Experimental evidence at protein level	1.0000	0.9990	2	2	2	4	4	4	     0	     0	     0	N-term(42.0106)		
378	a	sp|P52597|HNRPF_HUMAN	P52597	HNRPF_HUMAN	HNRNPF	415	19.50	Homo sapiens OX=9606	Heterogeneous nuclear ribonucleoprotein F 	1:Experimental evidence at protein level	1.0000	0.9990	5	3	3	6	3	3	     0	     0	     0			
379	a	sp|P52788|SPSY_HUMAN	P52788	SPSY_HUMAN	SMS	366	11.50	Homo sapiens OX=9606	Spermine synthase 	1:Experimental evidence at protein level	1.0000	0.9990	2	2	2	2	2	2	     0	     0	     0			
380	a	sp|P53396|ACLY_HUMAN	P53396	ACLY_HUMAN	ACLY	1101	10.70	Homo sapiens OX=9606	ATP-citrate synthase 	1:Experimental evidence at protein level	1.0000	0.9990	7	7	7	7	7	7	     0	     0	     0			
381	a	sp|P53597|SUCA_HUMAN	P53597	SUCA_HUMAN	SUCLG1	346	15.60	Homo sapiens OX=9606	Succinate--CoA ligase [ADP/GDP-forming] subunit alpha, mitochondrial 	1:Experimental evidence at protein level	1.0000	0.9990	3	3	3	3	3	3	     0	     0	     0			
382	a	sp|P53618|COPB_HUMAN	P53618	COPB_HUMAN	COPB1	953	7.30	Homo sapiens OX=9606	Coatomer subunit beta 	1:Experimental evidence at protein level	1.0000	0.9990	5	5	5	5	5	5	     0	     0	     0			
383	a	sp|P53621|COPA_HUMAN	P53621	COPA_HUMAN	COPA	1224	8.40	Homo sapiens OX=9606	Coatomer subunit alpha 	1:Experimental evidence at protein level	1.0000	0.9990	6	6	6	6	6	6	     0	     0	     0	6C(57.0215)		
384	a	sp|P54136|SYRC_HUMAN	P54136	SYRC_HUMAN	RARS1	660	8.20	Homo sapiens OX=9606	Arginine--tRNA ligase, cytoplasmic 	1:Experimental evidence at protein level	1.0000	0.9990	3	3	3	3	3	3	     0	     0	     0	18C(57.0215)		
385	a	sp|P54577|SYYC_HUMAN	P54577	SYYC_HUMAN	YARS1	528	10.40	Homo sapiens OX=9606	Tyrosine--tRNA ligase, cytoplasmic 	1:Experimental evidence at protein level	1.0000	0.9990	4	4	4	4	4	4	     0	     0	     0			
386	a	sp|P54819|KAD2_HUMAN	P54819	KAD2_HUMAN	AK2	239	13.80	Homo sapiens OX=9606	Adenylate kinase 2, mitochondrial 	1:Experimental evidence at protein level	1.0000	0.9990	2	2	2	2	2	2	     0	     0	     0	6C(57.0215), 8C(57.0215)		
387	a	sp|P54886|P5CS_HUMAN	P54886	P5CS_HUMAN	ALDH18A1	795	4.80	Homo sapiens OX=9606	Delta-1-pyrroline-5-carboxylate synthase 	1:Experimental evidence at protein level	1.0000	0.9990	3	3	3	3	3	3	     0	     0	     0			
388	a	sp|P55060|XPO2_HUMAN	P55060	XPO2_HUMAN	CSE1L	971	6.20	Homo sapiens OX=9606	Exportin-2 	1:Experimental evidence at protein level	1.0000	0.9990	4	4	4	4	4	4	     0	     0	     0			
389	a	sp|P55072|TERA_HUMAN	P55072	TERA_HUMAN	VCP	806	28.00	Homo sapiens OX=9606	Transitional endoplasmic reticulum ATPase 	1:Experimental evidence at protein level	1.0000	0.9990	13	13	13	14	14	14	     0	     0	     0	10C(57.0215), 20C(57.0215), 26C(57.0215), 5C(57.0215)		
390	a	sp|P55084|ECHB_HUMAN	P55084	ECHB_HUMAN	HADHB	474	9.70	Homo sapiens OX=9606	Trifunctional enzyme subunit beta, mitochondrial 	1:Experimental evidence at protein level	1.0000	0.9990	2	2	2	2	2	2	     0	     0	     0	19C(57.0215)		
391	a	sp|P55209|NP1L1_HUMAN	P55209	NP1L1_HUMAN	NAP1L1	391	29.70	Homo sapiens OX=9606	Nucleosome assembly protein 1-like 1 	1:Experimental evidence at protein level	1.0000	0.9990	6	5	6	6	5	6	     0	     0	     0	19C(57.0215), 22C(57.0215)		
392	a	sp|P55263|ADK_HUMAN	P55263	ADK_HUMAN	ADK	362	10.20	Homo sapiens OX=9606	Adenosine kinase 	1:Experimental evidence at protein level	1.0000	0.9990	2	2	2	2	2	2	     0	     0	     0	18C(57.0215)		
393	a	sp|P55265|DSRAD_HUMAN	P55265	DSRAD_HUMAN	ADAR	1226	3.30	Homo sapiens OX=9606	Double-stranded RNA-specific adenosine deaminase 	1:Experimental evidence at protein level	1.0000	0.9989	3	3	3	3	3	3	     0	     0	     0	7C(57.0215)		
394	a	sp|P55735|SEC13_HUMAN	P55735	SEC13_HUMAN	SEC13	322	24.80	Homo sapiens OX=9606	Protein SEC13 homolog 	1:Experimental evidence at protein level	1.0000	0.9990	3	3	3	3	3	3	     0	     0	     0	18C(57.0215), 9C(57.0215), N-term(42.0106)		
395	a	sp|P55795|HNRH2_HUMAN	P55795	HNRH2_HUMAN	HNRNPH2	449	20.90	Homo sapiens OX=9606	Heterogeneous nuclear ribonucleoprotein H2 	1:Experimental evidence at protein level	1.0000	0.9990	6	2	2	6	2	2	     0	     0	     0			
396	a	sp|P55884|EIF3B_HUMAN	P55884	EIF3B_HUMAN	EIF3B	814	10.10	Homo sapiens OX=9606	Eukaryotic translation initiation factor 3 subunit B 	1:Experimental evidence at protein level	1.0000	0.9990	5	5	5	6	6	6	     0	     0	     0	14C(57.0215)		
397	a	sp|P56192|SYMC_HUMAN	P56192	SYMC_HUMAN	MARS1	900	15.40	Homo sapiens OX=9606	Methionine--tRNA ligase, cytoplasmic 	1:Experimental evidence at protein level	1.0000	0.9990	8	8	8	9	9	9	     0	     0	     0	13C(57.0215), 19C(57.0215), 2C(57.0215)		
398	a	sp|P56537|IF6_HUMAN	P56537	IF6_HUMAN	EIF6	245	17.10	Homo sapiens OX=9606	Eukaryotic translation initiation factor 6 	1:Experimental evidence at protein level	1.0000	0.9990	2	2	2	4	4	4	     0	     0	     0			
399	a	sp|P60174|TPIS_HUMAN	P60174	TPIS_HUMAN	TPI1	249	68.70	Homo sapiens OX=9606	Triosephosphate isomerase 	1:Experimental evidence at protein level	1.0000	0.9990	10	10	10	20	20	20	     0	     0	     0	14C(57.0215), 2C(57.0215), 9C(57.0215)	Carbamyl(43.005800), Cation:Ca[II](37.946900), Cation:Ca[II](37.946900)	
400	a	sp|P60842|IF4A1_HUMAN	P60842	IF4A1_HUMAN	EIF4A1	406	28.10	Homo sapiens OX=9606	Eukaryotic initiation factor 4A-I 	1:Experimental evidence at protein level	1.0000	0.9990	6	5	6	8	7	8	     0	     0	     0	13C(57.0215), 14M(15.9949), 16C(57.0215)		
401	a	sp|P60900|PSA6_HUMAN	P60900	PSA6_HUMAN	PSMA6	246	16.30	Homo sapiens OX=9606	Proteasome subunit alpha type-6 	1:Experimental evidence at protein level	1.0000	0.9990	3	3	3	3	3	3	     0	     0	     0			
402	a	sp|P60953|CDC42_HUMAN	P60953	CDC42_HUMAN	CDC42	191	20.40	Homo sapiens OX=9606	Cell division control protein 42 homolog 	1:Experimental evidence at protein level	1.0000	0.9990	3	3	3	3	3	3	     0	     0	     0	9C(57.0215)		
403	a	sp|P61106|RAB14_HUMAN	P61106	RAB14_HUMAN	RAB14	215	21.40	Homo sapiens OX=9606	Ras-related protein Rab-14 	1:Experimental evidence at protein level	1.0000	0.9990	3	3	3	3	3	3	     0	     0	     0	2C(57.0215)		
404	a	sp|P61158|ARP3_HUMAN	P61158	ARP3_HUMAN	ACTR3	418	12.20	Homo sapiens OX=9606	Actin-related protein 3 	1:Experimental evidence at protein level	1.0000	0.9990	2	2	2	2	2	2	     0	     0	     0	28C(57.0215)		
405	a	sp|P61247|RS3A_HUMAN	P61247	RS3A_HUMAN	RPS3A	264	16.70	Homo sapiens OX=9606	40S ribosomal protein S3a 	1:Experimental evidence at protein level	1.0000	0.9990	3	3	3	3	3	3	     0	     0	     0	2C(57.0215)		
406	a	sp|P61254|RL26_HUMAN	P61254	RL26_HUMAN	RPL26	145	15.20	Homo sapiens OX=9606	60S ribosomal protein L26 	1:Experimental evidence at protein level	1.0000	0.9989	2	0	2	3	0	3	     0	     0	     0			sp|Q9UNX3|RL26L_HUMAN
407	a	sp|P61289|PSME3_HUMAN	P61289	PSME3_HUMAN	PSME3	254	16.90	Homo sapiens OX=9606	Proteasome activator complex subunit 3 	1:Experimental evidence at protein level	1.0000	0.9990	3	3	3	3	3	3	     0	     0	     0	5C(57.0215)		
408	a	sp|P61313|RL15_HUMAN	P61313	RL15_HUMAN	RPL15	204	9.80	Homo sapiens OX=9606	60S ribosomal protein L15 	1:Experimental evidence at protein level	1.0000	0.9990	2	2	2	2	2	2	     0	     0	     0			
409	a	sp|P61353|RL27_HUMAN	P61353	RL27_HUMAN	RPL27	136	23.50	Homo sapiens OX=9606	60S ribosomal protein L27 	1:Experimental evidence at protein level	1.0000	0.9990	2	2	2	3	3	3	     0	     0	     0			
410	a	sp|P61769|B2MG_HUMAN	P61769	B2MG_HUMAN	B2M	119	26.90	Homo sapiens	Beta-2-microglobulin 	1:Experimental evidence at protein level	1.0000	0.9936	2	2	2	2	2	2	     0	     0	     0	6C(57.0215)		
411	a	sp|P61970|NTF2_HUMAN	P61970	NTF2_HUMAN	NUTF2	127	33.90	Homo sapiens OX=9606	Nuclear transport factor 2 	1:Experimental evidence at protein level	1.0000	0.9990	2	2	2	2	2	2	     0	     0	     0	17C(57.0215)		
412	a	sp|P61978|HNRPK_HUMAN	P61978	HNRPK_HUMAN	HNRNPK	463	38.20	Homo sapiens OX=9606	Heterogeneous nuclear ribonucleoprotein K 	1:Experimental evidence at protein level	1.0000	0.9990	10	10	10	18	18	18	     0	     0	     0	29C(57.0215), 5C(57.0215), 6C(57.0215), N-term(42.0106)		
413	a	sp|P62081|RS7_HUMAN	P62081	RS7_HUMAN	RPS7	194	26.80	Homo sapiens OX=9606	40S ribosomal protein S7 	1:Experimental evidence at protein level	1.0000	0.9990	3	3	3	5	5	5	     0	     0	     0			
414	a	sp|P62140|PP1B_HUMAN	P62140	PP1B_HUMAN	PPP1CB	327	30.00	Homo sapiens OX=9606	Serine/threonine-protein phosphatase PP1-beta catalytic subunit 	1:Experimental evidence at protein level	1.0000	0.9990	2	2	2	2	2	2	     0	     0	     0	14C(57.0215), 2C(57.0215)		
415	a	sp|P62191|PRS4_HUMAN	P62191	PRS4_HUMAN	PSMC1	440	20.00	Homo sapiens OX=9606	26S proteasome regulatory subunit 4 	1:Experimental evidence at protein level	1.0000	0.9990	5	5	5	5	5	5	     0	     0	     0	10C(57.0215), 7C(57.0215)		
416	a	sp|P62195|PRS8_HUMAN	P62195	PRS8_HUMAN	PSMC5	406	14.30	Homo sapiens OX=9606	26S proteasome regulatory subunit 8 	1:Experimental evidence at protein level	1.0000	0.9990	4	4	4	4	4	4	     0	     0	     0	8C(57.0215)		
417	a	sp|P62241|RS8_HUMAN	P62241	RS8_HUMAN	RPS8	208	32.70	Homo sapiens OX=9606	40S ribosomal protein S8 	1:Experimental evidence at protein level	1.0000	0.9990	5	5	5	5	5	5	     0	     0	     0			
418	a	sp|P62244|RS15A_HUMAN	P62244	RS15A_HUMAN	RPS15A	130	17.70	Homo sapiens OX=9606	40S ribosomal protein S15a 	1:Experimental evidence at protein level	1.0000	0.9990	2	2	2	3	3	3	     0	     0	     0			
419	a	sp|P62249|RS16_HUMAN	P62249	RS16_HUMAN	RPS16	146	16.40	Homo sapiens OX=9606	40S ribosomal protein S16 	1:Experimental evidence at protein level	1.0000	0.9990	2	2	2	2	2	2	     0	     0	     0			
420	a	sp|P62258|1433E_HUMAN	P62258	1433E_HUMAN	YWHAE	255	38.00	Homo sapiens OX=9606	14-3-3 protein epsilon 	1:Experimental evidence at protein level	1.0000	0.9990	7	6	6	8	7	7	     0	     0	     0			
421	a	sp|P62269|RS18_HUMAN	P62269	RS18_HUMAN	RPS18	152	13.20	Homo sapiens OX=9606	40S ribosomal protein S18 	1:Experimental evidence at protein level	1.0000	0.9990	2	2	2	2	2	2	     0	     0	     0			
422	a	sp|P62277|RS13_HUMAN	P62277	RS13_HUMAN	RPS13	151	18.50	Homo sapiens OX=9606	40S ribosomal protein S13 	1:Experimental evidence at protein level	1.0000	0.9990	2	2	2	3	3	3	     0	     0	     0			
423	a	sp|P62280|RS11_HUMAN	P62280	RS11_HUMAN	RPS11	158	28.50	Homo sapiens OX=9606	40S ribosomal protein S11 	1:Experimental evidence at protein level	1.0000	0.9990	3	3	3	4	4	4	     0	     0	     0	13C(57.0215), 9C(57.0215)		
424	a	sp|P62314|SMD1_HUMAN	P62314	SMD1_HUMAN	SNRPD1	119	20.20	Homo sapiens OX=9606	Small nuclear ribonucleoprotein Sm D1 	1:Experimental evidence at protein level	1.0000	0.9990	2	2	2	2	2	2	     0	     0	     0			
425	a	sp|P62316|SMD2_HUMAN	P62316	SMD2_HUMAN	SNRPD2	118	24.60	Homo sapiens OX=9606	Small nuclear ribonucleoprotein Sm D2 	1:Experimental evidence at protein level	1.0000	0.9990	3	3	3	3	3	3	     0	     0	     0	2C(57.0215)		
426	a	sp|P62318|SMD3_HUMAN	P62318	SMD3_HUMAN	SNRPD3	126	43.70	Homo sapiens OX=9606	Small nuclear ribonucleoprotein Sm D3 	1:Experimental evidence at protein level	1.0000	0.9990	3	3	3	4	4	4	     0	     0	     0	10C(57.0215), 12C(57.0215)		
427	a	sp|P62333|PRS10_HUMAN	P62333	PRS10_HUMAN	PSMC6	389	6.20	Homo sapiens OX=9606	26S proteasome regulatory subunit 10B 	1:Experimental evidence at protein level	1.0000	0.9990	2	2	2	2	2	2	     0	     0	     0			
428	a	sp|P62424|RL7A_HUMAN	P62424	RL7A_HUMAN	RPL7A	266	10.90	Homo sapiens OX=9606	60S ribosomal protein L7a 	1:Experimental evidence at protein level	1.0000	0.9990	2	2	2	3	3	3	     0	     0	     0	2C(57.0215)		
429	a	sp|P62491|RB11A_HUMAN	P62491	RB11A_HUMAN	RAB11A	216	11.10	Homo sapiens OX=9606	Ras-related protein Rab-11A 	1:Experimental evidence at protein level	1.0000	0.9986	2	0	2	2	0	2	     0	     0	     0			sp|Q15907|RB11B_HUMAN
430	a	sp|P62495|ERF1_HUMAN	P62495	ERF1_HUMAN	ETF1	437	8.20	Homo sapiens OX=9606	Eukaryotic peptide chain release factor subunit 1 	1:Experimental evidence at protein level	1.0000	0.9990	2	2	2	2	2	2	     0	     0	     0	18C(57.0215)		
431	a	sp|P62633|CNBP_HUMAN	P62633	CNBP_HUMAN	CNBP	177	15.80	Homo sapiens OX=9606	Cellular nucleic acid-binding protein 	1:Experimental evidence at protein level	1.0000	0.9990	2	2	2	2	2	2	     0	     0	     0	11C(57.0215), 13C(57.0215), 1C(57.0215)		
432	a	sp|P62714|PP2AB_HUMAN	P62714	PP2AB_HUMAN	PPP2CB	309	14.90	Homo sapiens OX=9606	Serine/threonine-protein phosphatase 2A catalytic subunit beta isoform 	1:Experimental evidence at protein level	1.0000	0.9990	2	0	2	2	0	2	     0	     0	     0	11C(57.0215)		sp|P67775|PP2AA_HUMAN
433	a	sp|P62750|RL23A_HUMAN	P62750	RL23A_HUMAN	RPL23A	156	12.20	Homo sapiens OX=9606	60S ribosomal protein L23a 	1:Experimental evidence at protein level	1.0000	0.9990	2	2	2	2	2	2	     0	     0	     0			
434	a	sp|P62753|RS6_HUMAN	P62753	RS6_HUMAN	RPS6	249	10.40	Homo sapiens OX=9606	40S ribosomal protein S6 	1:Experimental evidence at protein level	1.0000	0.9990	2	2	2	2	2	2	     0	     0	     0			
435	a	sp|P62826|RAN_HUMAN	P62826	RAN_HUMAN	RAN	216	19.40	Homo sapiens OX=9606	GTP-binding nuclear protein Ran 	1:Experimental evidence at protein level	1.0000	0.9990	3	3	3	4	4	4	     0	     0	     0	10C(57.0215), 2C(57.0215), N-term(42.0106)		
436	a	sp|P62829|RL23_HUMAN	P62829	RL23_HUMAN	RPL23	140	25.00	Homo sapiens OX=9606	60S ribosomal protein L23 	1:Experimental evidence at protein level	1.0000	0.9990	2	2	2	3	3	3	     0	     0	     0	13C(57.0215)		
437	a	sp|P62841|RS15_HUMAN	P62841	RS15_HUMAN	RPS15	145	30.30	Homo sapiens OX=9606	40S ribosomal protein S15 	1:Experimental evidence at protein level	1.0000	0.9990	3	3	3	5	5	5	     0	     0	     0			
438	a	sp|P62854|RS26_HUMAN	P62854	RS26_HUMAN	RPS26	115	21.70	Homo sapiens OX=9606	40S ribosomal protein S26 	1:Experimental evidence at protein level	1.0000	0.9990	2	0	2	2	0	2	     0	     0	     0	4C(57.0215), 7C(57.0215)		sp|Q5JNZ5|RS26L_HUMAN
439	a	sp|P62888|RL30_HUMAN	P62888	RL30_HUMAN	RPL30	115	33.00	Homo sapiens OX=9606	60S ribosomal protein L30 	1:Experimental evidence at protein level	1.0000	0.9990	1	1	1	3	3	3	     0	     0	     0	17C(57.0215)		
440	a	sp|P62906|RL10A_HUMAN	P62906	RL10A_HUMAN	RPL10A	217	31.30	Homo sapiens OX=9606	60S ribosomal protein L10a 	1:Experimental evidence at protein level	1.0000	0.9990	5	5	5	5	5	5	     0	     0	     0	12C(57.0215), 3C(57.0215), 4C(57.0215)	Pro->HAVA(18.010500)	
441	a	sp|P62917|RL8_HUMAN	P62917	RL8_HUMAN	RPL8	257	35.80	Homo sapiens OX=9606	60S ribosomal protein L8 	1:Experimental evidence at protein level	1.0000	0.9990	5	5	5	10	10	10	     0	     0	     0	14M(15.9949), 18C(57.0215), 21C(57.0215), 22C(57.0215), 4M(15.9949)		
442	a	sp|P62995|TRA2B_HUMAN	P62995	TRA2B_HUMAN	TRA2B	288	23.30	Homo sapiens OX=9606	Transformer-2 protein homolog beta 	1:Experimental evidence at protein level	1.0000	0.9990	5	5	5	5	5	5	     0	     0	     0	7C(57.0215), 8C(57.0215)	Phospho(79.966300)	
443	a	sp|P63010|AP2B1_HUMAN	P63010	AP2B1_HUMAN	AP2B1	937	9.00	Homo sapiens OX=9606	AP-2 complex subunit beta 	1:Experimental evidence at protein level	1.0000	0.9990	5	3	3	5	3	3	     0	     0	     0	12C(57.0215)		
444	a	sp|P63104|1433Z_HUMAN	P63104	1433Z_HUMAN	YWHAZ	245	38.00	Homo sapiens OX=9606	14-3-3 protein zeta/delta 	1:Experimental evidence at protein level	1.0000	0.9990	7	6	7	13	12	13	     0	     0	     0			
445	a	sp|P63208|SKP1_HUMAN	P63208	SKP1_HUMAN	SKP1	163	25.80	Homo sapiens OX=9606	S-phase kinase-associated protein 1 	1:Experimental evidence at protein level	1.0000	0.9986	2	2	2	2	2	2	     0	     0	     0			
446	a	sp|P63244|RACK1_HUMAN	P63244	RACK1_HUMAN	RACK1	317	36.30	Homo sapiens OX=9606	Receptor of activated protein C kinase 1 	1:Experimental evidence at protein level	1.0000	0.9990	5	5	5	10	10	10	     0	     0	     0	14C(57.0215), 15C(57.0215), 22C(57.0215), 6C(57.0215)		
447	a	sp|P69905|HBA_HUMAN	P69905	HBA_HUMAN	HBA1	142	21.80	Homo sapiens	Hemoglobin subunit alpha 	1:Experimental evidence at protein level	1.0000	0.9990	2	2	2	5	5	5	     0	     0	     0		Carbamyl(43.005800)	
448	a	sp|P78347|GTF2I_HUMAN	P78347	GTF2I_HUMAN	GTF2I	998	4.20	Homo sapiens OX=9606	General transcription factor II-I 	1:Experimental evidence at protein level	1.0000	0.9990	2	2	2	2	2	2	     0	     0	     0			
449	a	sp|P78371|TCPB_HUMAN	P78371	TCPB_HUMAN	CCT2	535	22.60	Homo sapiens OX=9606	T-complex protein 1 subunit beta 	1:Experimental evidence at protein level	1.0000	0.9990	7	7	7	9	9	9	     0	     0	     0	1M(15.9949), 7C(57.0215)		
450	a	sp|P78406|RAE1L_HUMAN	P78406	RAE1L_HUMAN	RAE1	368	9.80	Homo sapiens OX=9606	mRNA export factor 	1:Experimental evidence at protein level	1.0000	0.9990	2	2	2	2	2	2	     0	     0	     0			
451	a	sp|P78527|PRKDC_HUMAN	P78527	PRKDC_HUMAN	PRKDC	4128	11.80	Homo sapiens OX=9606	DNA-dependent protein kinase catalytic subunit 	1:Experimental evidence at protein level	1.0000	0.9990	29	29	29	31	31	31	     0	     0	     0	10C(57.0215), 11C(57.0215), 12C(57.0215), 16C(57.0215), 17C(57.0215), 18C(57.0215), 1C(57.0215), 2C(57.0215), 5C(57.0215), 6M(15.9949), 8C(57.0215), 9C(57.0215)		
452	a	sp|P80723|BASP1_HUMAN	P80723	BASP1_HUMAN	BASP1	227	55.10	Homo sapiens OX=9606	Brain acid soluble protein 1 	1:Experimental evidence at protein level	1.0000	0.9990	8	8	8	12	12	12	     0	     0	     0		Cation:Fe[III](52.911400)	
453	a	sp|P82970|HMGN5_HUMAN	P82970	HMGN5_HUMAN	HMGN5	282	17.70	Homo sapiens OX=9606	High mobility group nucleosome-binding domain-containing protein 5 	1:Experimental evidence at protein level	1.0000	0.9990	3	3	3	3	3	3	     0	     0	     0			
454	a	sp|P84098|RL19_HUMAN	P84098	RL19_HUMAN	RPL19	196	13.30	Homo sapiens OX=9606	60S ribosomal protein L19 	1:Experimental evidence at protein level	1.0000	0.9990	2	2	2	2	2	2	     0	     0	     0			
455	a	sp|P98179|RBM3_HUMAN	P98179	RBM3_HUMAN	RBM3	157	21.00	Homo sapiens OX=9606	RNA-binding protein 3 	1:Experimental evidence at protein level	1.0000	0.9990	2	2	2	2	2	2	     0	     0	     0		Dimethyl(28.031300)	
456	a	sp|Q00341|VIGLN_HUMAN	Q00341	VIGLN_HUMAN	HDLBP	1268	4.00	Homo sapiens OX=9606	Vigilin 	1:Experimental evidence at protein level	1.0000	0.9990	3	3	3	3	3	3	     0	     0	     0			
457	a	sp|Q00688|FKBP3_HUMAN	Q00688	FKBP3_HUMAN	FKBP3	224	12.90	Homo sapiens OX=9606	Peptidyl-prolyl cis-trans isomerase FKBP3 	1:Experimental evidence at protein level	1.0000	0.9990	2	2	2	2	2	2	     0	     0	     0			
458	a	sp|Q00796|DHSO_HUMAN	Q00796	DHSO_HUMAN	SORD	357	30.30	Homo sapiens OX=9606	Sorbitol dehydrogenase 	1:Experimental evidence at protein level	1.0000	0.9990	6	6	6	6	6	6	     0	     0	     0	10C(57.0215), 20C(57.0215), 23C(57.0215)		
459	a	sp|Q00839|HNRPU_HUMAN	Q00839	HNRPU_HUMAN	HNRNPU	825	22.90	Homo sapiens OX=9606	Heterogeneous nuclear ribonucleoprotein U 	1:Experimental evidence at protein level	1.0000	0.9990	12	12	12	17	17	17	     0	     0	     0	11C(57.0215), 19C(57.0215), 21C(57.0215), 25C(57.0215), 27C(57.0215), 4M(15.9949), 8C(57.0215)	Phospho(79.966300)	
460	a	sp|Q01085|TIAR_HUMAN	Q01085	TIAR_HUMAN	TIAL1	375	10.90	Homo sapiens OX=9606	Nucleolysin TIAR 	1:Experimental evidence at protein level	1.0000	0.9990	2	2	2	2	2	2	     0	     0	     0			
461	a	sp|Q01130|SRSF2_HUMAN	Q01130	SRSF2_HUMAN	SRSF2	221	17.60	Homo sapiens OX=9606	Serine/arginine-rich splicing factor 2 	1:Experimental evidence at protein level	1.0000	0.9990	3	3	3	3	3	3	     0	     0	     0			
462	a	sp|Q01518|CAP1_HUMAN	Q01518	CAP1_HUMAN	CAP1	475	18.70	Homo sapiens OX=9606	Adenylyl cyclase-associated protein 1 	1:Experimental evidence at protein level	1.0000	0.9990	5	5	5	5	5	5	     0	     0	     0	9C(57.0215)		
463	a	sp|Q01628|IFM3_HUMAN	Q01628	IFM3_HUMAN	IFITM3	133	18.80	Homo sapiens OX=9606	Interferon-induced transmembrane protein 3 	1:Experimental evidence at protein level	1.0000	0.9990	1	1	1	2	2	2	     0	     0	     0			
464	a	sp|Q01813|PFKAP_HUMAN	Q01813	PFKAP_HUMAN	PFKP	784	7.70	Homo sapiens OX=9606	ATP-dependent 6-phosphofructokinase, platelet type 	1:Experimental evidence at protein level	1.0000	0.9990	3	2	3	3	2	3	     0	     0	     0	3C(57.0215), 6C(57.0215)		
465	a	sp|Q01844|EWS_HUMAN	Q01844	EWS_HUMAN	EWSR1	656	5.50	Homo sapiens OX=9606	RNA-binding protein EWS 	1:Experimental evidence at protein level	1.0000	0.9990	2	2	2	2	2	2	     0	     0	     0			
466	a	sp|Q02790|FKBP4_HUMAN	Q02790	FKBP4_HUMAN	FKBP4	459	16.60	Homo sapiens OX=9606	Peptidyl-prolyl cis-trans isomerase FKBP4 	1:Experimental evidence at protein level	1.0000	0.9990	4	4	4	5	5	5	     0	     0	     0	5C(57.0215), 9C(57.0215)		
467	a	sp|Q02809|PLOD1_HUMAN	Q02809	PLOD1_HUMAN	PLOD1	727	4.10	Homo sapiens OX=9606	Procollagen-lysine,2-oxoglutarate 5-dioxygenase 1 	1:Experimental evidence at protein level	1.0000	0.9990	2	2	2	2	2	2	     0	     0	     0			
468	a	sp|Q02878|RL6_HUMAN	Q02878	RL6_HUMAN	RPL6	288	30.60	Homo sapiens OX=9606	60S ribosomal protein L6 	1:Experimental evidence at protein level	1.0000	0.9990	7	7	7	9	9	9	     0	     0	     0			
469	a	sp|Q04637|IF4G1_HUMAN	Q04637	IF4G1_HUMAN	EIF4G1	1599	5.90	Homo sapiens OX=9606	Eukaryotic translation initiation factor 4 gamma 1 	1:Experimental evidence at protein level	1.0000	0.9990	6	6	6	6	6	6	     0	     0	     0	6C(57.0215)		
470	a	sp|Q04760|LGUL_HUMAN	Q04760	LGUL_HUMAN	GLO1	184	38.60	Homo sapiens OX=9606	Lactoylglutathione lyase 	1:Experimental evidence at protein level	1.0000	0.9990	3	3	3	3	3	3	     0	     0	     0	16C(57.0215), 18C(57.0215), 19C(57.0215), N-term(42.0106)		
471	a	sp|Q06033|ITIH3_HUMAN	Q06033	ITIH3_HUMAN	ITIH3	890	3.40	Homo sapiens OX=9606	Inter-alpha-trypsin inhibitor heavy chain H3 	1:Experimental evidence at protein level	1.0000	0.9990	2	2	2	2	2	2	     0	     0	     0			
472	a	sp|Q06323|PSME1_HUMAN	Q06323	PSME1_HUMAN	PSME1	249	9.20	Homo sapiens OX=9606	Proteasome activator complex subunit 1 	1:Experimental evidence at protein level	1.0000	0.9989	2	2	2	2	2	2	     0	     0	     0			
473	a	sp|Q06830|PRDX1_HUMAN	Q06830	PRDX1_HUMAN	PRDX1	199	36.70	Homo sapiens	Peroxiredoxin-1 	1:Experimental evidence at protein level	1.0000	0.9990	5	4	4	11	10	10	     0	     0	     0	15C(57.0215), 3C(57.0215), 5C(57.0215)	Delta:H(4)C(3)(40.031300), Delta:H(4)C(3)(40.031300)	
474	a	sp|Q07021|C1QBP_HUMAN	Q07021	C1QBP_HUMAN	C1QBP	282	25.90	Homo sapiens OX=9606	Complement component 1 Q subcomponent-binding protein, mitochondrial 	1:Experimental evidence at protein level	1.0000	0.9990	3	3	3	4	4	4	     0	     0	     0	6C(57.0215)		
475	a	sp|Q07666|KHDR1_HUMAN	Q07666	KHDR1_HUMAN	KHDRBS1	443	10.80	Homo sapiens OX=9606	KH domain-containing, RNA-binding, signal transduction-associated protein 1 	1:Experimental evidence at protein level	1.0000	0.9990	4	4	4	4	4	4	     0	     0	     0			
476	a	sp|Q07955|SRSF1_HUMAN	Q07955	SRSF1_HUMAN	SRSF1	248	13.30	Homo sapiens OX=9606	Serine/arginine-rich splicing factor 1 	1:Experimental evidence at protein level	1.0000	0.9989	2	2	2	3	3	3	     0	     0	     0			
477	a	sp|Q07960|RHG01_HUMAN	Q07960	RHG01_HUMAN	ARHGAP1	439	7.10	Homo sapiens OX=9606	Rho GTPase-activating protein 1 	1:Experimental evidence at protein level	1.0000	0.9990	2	2	2	2	2	2	     0	     0	     0			
478	a	sp|Q08211|DHX9_HUMAN	Q08211	DHX9_HUMAN	DHX9	1270	14.70	Homo sapiens OX=9606	ATP-dependent RNA helicase A 	1:Experimental evidence at protein level	1.0000	0.9990	12	12	12	15	15	15	     0	     0	     0	10C(57.0215), 12C(57.0215), 14C(57.0215), 18C(57.0215), 5C(57.0215)		
479	a	sp|Q08945|SSRP1_HUMAN	Q08945	SSRP1_HUMAN	SSRP1	709	8.20	Homo sapiens OX=9606	FACT complex subunit SSRP1 	1:Experimental evidence at protein level	1.0000	0.9990	3	3	3	3	3	3	     0	     0	     0	15C(57.0215), 18C(57.0215)		
480	a	sp|Q08J23|NSUN2_HUMAN	Q08J23	NSUN2_HUMAN	NSUN2	767	19.60	Homo sapiens OX=9606	RNA cytosine C(5)-methyltransferase NSUN2 	1:Experimental evidence at protein level	1.0000	0.9990	8	8	8	8	8	8	     0	     0	     0	13C(57.0215), 18C(57.0215), 5C(57.0215)		
481	a	sp|Q09028|RBBP4_HUMAN	Q09028	RBBP4_HUMAN	RBBP4	425	17.60	Homo sapiens OX=9606	Histone-binding protein RBBP4 	1:Experimental evidence at protein level	1.0000	0.9990	3	3	3	3	3	3	     0	     0	     0	11C(57.0215), 14C(57.0215)		
482	a	sp|Q09666|AHNK_HUMAN	Q09666	AHNK_HUMAN	AHNAK	5890	16.90	Homo sapiens OX=9606	Neuroblast differentiation-associated protein AHNAK 	1:Experimental evidence at protein level	1.0000	0.9990	40	40	40	49	49	49	     0	     0	     0	21C(57.0215), 3M(15.9949)		
483	a	sp|Q10567|AP1B1_HUMAN	Q10567	AP1B1_HUMAN	AP1B1	949	9.30	Homo sapiens OX=9606	AP-1 complex subunit beta-1 	1:Experimental evidence at protein level	1.0000	0.9990	5	3	5	5	3	5	     0	     0	     0	6C(57.0215)		
484	a	sp|Q12792|TWF1_HUMAN	Q12792	TWF1_HUMAN	TWF1	350	9.10	Homo sapiens OX=9606	Twinfilin-1 	1:Experimental evidence at protein level	1.0000	0.9990	2	2	2	2	2	2	     0	     0	     0			
485	a	sp|Q12797|ASPH_HUMAN	Q12797	ASPH_HUMAN	ASPH	758	7.50	Homo sapiens OX=9606	Aspartyl/asparaginyl beta-hydroxylase 	1:Experimental evidence at protein level	1.0000	0.9990	2	2	2	3	3	3	     0	     0	     0			
486	a	sp|Q12904|AIMP1_HUMAN	Q12904	AIMP1_HUMAN	AIMP1	312	24.00	Homo sapiens OX=9606	Aminoacyl tRNA synthase complex-interacting multifunctional protein 1 	1:Experimental evidence at protein level	1.0000	0.9990	4	4	4	4	4	4	     0	     0	     0	15C(57.0215)		
487	a	sp|Q12905|ILF2_HUMAN	Q12905	ILF2_HUMAN	ILF2	390	24.60	Homo sapiens OX=9606	Interleukin enhancer-binding factor 2 	1:Experimental evidence at protein level	1.0000	0.9990	6	6	6	6	6	6	     0	     0	     0			
488	a	sp|Q12931|TRAP1_HUMAN	Q12931	TRAP1_HUMAN	TRAP1	704	12.90	Homo sapiens OX=9606	Heat shock protein 75 kDa, mitochondrial 	1:Experimental evidence at protein level	1.0000	0.9990	6	5	5	8	5	5	     0	     0	     0			
489	a	sp|Q13151|ROA0_HUMAN	Q13151	ROA0_HUMAN	HNRNPA0	305	13.40	Homo sapiens OX=9606	Heterogeneous nuclear ribonucleoprotein A0 	1:Experimental evidence at protein level	1.0000	0.9990	2	2	2	2	2	2	     0	     0	     0	12C(57.0215)		
490	a	sp|Q13155|AIMP2_HUMAN	Q13155	AIMP2_HUMAN	AIMP2	320	14.10	Homo sapiens OX=9606	Aminoacyl tRNA synthase complex-interacting multifunctional protein 2 	1:Experimental evidence at protein level	1.0000	0.9990	2	2	2	2	2	2	     0	     0	     0			
491	a	sp|Q13162|PRDX4_HUMAN	Q13162	PRDX4_HUMAN	PRDX4	271	30.60	Homo sapiens OX=9606	Peroxiredoxin-4 	1:Experimental evidence at protein level	1.0000	0.9990	6	5	5	7	6	6	     0	     0	     0	5C(57.0215), 6C(57.0215)		
492	a	sp|Q13200|PSMD2_HUMAN	Q13200	PSMD2_HUMAN	PSMD2	908	9.70	Homo sapiens OX=9606	26S proteasome non-ATPase regulatory subunit 2 	1:Experimental evidence at protein level	1.0000	0.9990	5	5	5	5	5	5	     0	     0	     0	3C(57.0215)		
493	a	sp|Q13242|SRSF9_HUMAN	Q13242	SRSF9_HUMAN	SRSF9	221	8.60	Homo sapiens OX=9606	Serine/arginine-rich splicing factor 9 	1:Experimental evidence at protein level	1.0000	0.9989	2	2	2	2	2	2	     0	     0	     0	8C(57.0215)		
494	a	sp|Q13263|TIF1B_HUMAN	Q13263	TIF1B_HUMAN	TRIM28	835	38.10	Homo sapiens OX=9606	Transcription intermediary factor 1-beta 	1:Experimental evidence at protein level	1.0000	0.9990	11	11	11	13	13	13	     0	     0	     0	11C(57.0215), 12C(57.0215), 15C(57.0215), 16C(57.0215), 25C(57.0215), 28C(57.0215), 33C(57.0215), 36C(57.0215), 37C(57.0215), 38C(57.0215), 41C(57.0215), 4C(57.0215), 8C(57.0215), 9C(57.0215), N-term(42.0106)		
495	a	sp|Q13283|G3BP1_HUMAN	Q13283	G3BP1_HUMAN	G3BP1	466	30.30	Homo sapiens OX=9606	Ras GTPase-activating protein-binding protein 1 	1:Experimental evidence at protein level	1.0000	0.9990	9	9	9	11	11	11	     0	     0	     0		Phospho(79.966300)	
496	a	sp|Q13310|PABP4_HUMAN	Q13310	PABP4_HUMAN	PABPC4	644	6.10	Homo sapiens OX=9606	Polyadenylate-binding protein 4 	1:Experimental evidence at protein level	1.0000	0.9990	3	2	2	3	2	2	     0	     0	     0			
497	a	sp|Q13347|EIF3I_HUMAN	Q13347	EIF3I_HUMAN	EIF3I	325	30.80	Homo sapiens OX=9606	Eukaryotic translation initiation factor 3 subunit I 	1:Experimental evidence at protein level	1.0000	0.9990	5	5	5	5	5	5	     0	     0	     0	12C(57.0215)		
498	a	sp|Q13423|NNTM_HUMAN	Q13423	NNTM_HUMAN	NNT	1086	5.60	Homo sapiens OX=9606	NAD(P) transhydrogenase, mitochondrial 	1:Experimental evidence at protein level	1.0000	0.9990	4	4	4	4	4	4	     0	     0	     0			
499	a	sp|Q13435|SF3B2_HUMAN	Q13435	SF3B2_HUMAN	SF3B2	895	6.80	Homo sapiens OX=9606	Splicing factor 3B subunit 2 	1:Experimental evidence at protein level	1.0000	0.9990	4	4	4	4	4	4	     0	     0	     0			
500	a	sp|Q13492|PICAL_HUMAN	Q13492	PICAL_HUMAN	PICALM	652	14.30	Homo sapiens OX=9606	Phosphatidylinositol-binding clathrin assembly protein 	1:Experimental evidence at protein level	1.0000	0.9988	4	4	4	4	4	4	     0	     0	     0			
501	a	sp|Q13547|HDAC1_HUMAN	Q13547	HDAC1_HUMAN	HDAC1	482	5.20	Homo sapiens OX=9606	Histone deacetylase 1 	1:Experimental evidence at protein level	1.0000	0.9986	2	0	2	2	0	2	     0	     0	     0			sp|Q92769|HDAC2_HUMAN
502	a	sp|Q13561|DCTN2_HUMAN	Q13561	DCTN2_HUMAN	DCTN2	401	6.00	Homo sapiens OX=9606	Dynactin subunit 2 	1:Experimental evidence at protein level	1.0000	0.9988	2	2	2	2	2	2	     0	     0	     0			
503	a	sp|Q13813|SPTN1_HUMAN	Q13813	SPTN1_HUMAN	SPTAN1	2472	16.70	Homo sapiens OX=9606	Spectrin alpha chain, non-erythrocytic 1 	1:Experimental evidence at protein level	1.0000	0.9990	25	25	25	27	27	27	     0	     0	     0	3C(57.0215)		
504	a	sp|Q13838|DX39B_HUMAN	Q13838	DX39B_HUMAN	DDX39B	428	29.70	Homo sapiens OX=9606	Spliceosome RNA helicase DDX39B 	1:Experimental evidence at protein level	1.0000	0.9990	7	3	3	9	3	3	     0	     0	     0	N-term(42.0106)		
505	a	sp|Q14137|BOP1_HUMAN	Q14137	BOP1_HUMAN	BOP1	746	6.60	Homo sapiens OX=9606	Ribosome biogenesis protein BOP1 	1:Experimental evidence at protein level	1.0000	0.9968	2	2	2	2	2	2	     0	     0	     0			
506	a	sp|Q14152|EIF3A_HUMAN	Q14152	EIF3A_HUMAN	EIF3A	1382	7.50	Homo sapiens OX=9606	Eukaryotic translation initiation factor 3 subunit A 	1:Experimental evidence at protein level	1.0000	0.9990	8	8	8	8	8	8	     0	     0	     0			
507	a	sp|Q14157|UBP2L_HUMAN	Q14157	UBP2L_HUMAN	UBAP2L	1087	6.40	Homo sapiens OX=9606	Ubiquitin-associated protein 2-like 	1:Experimental evidence at protein level	1.0000	0.9990	4	4	4	4	4	4	     0	     0	     0		Pro->HAVA(18.010500)	
508	a	sp|Q14166|TTL12_HUMAN	Q14166	TTL12_HUMAN	TTLL12	644	9.30	Homo sapiens OX=9606	Tubulin--tyrosine ligase-like protein 12 	1:Experimental evidence at protein level	1.0000	0.9990	3	3	3	3	3	3	     0	     0	     0	15C(57.0215)		
509	a	sp|Q14204|DYHC1_HUMAN	Q14204	DYHC1_HUMAN	DYNC1H1	4646	4.00	Homo sapiens OX=9606	Cytoplasmic dynein 1 heavy chain 1 	1:Experimental evidence at protein level	1.0000	0.9990	10	10	10	10	10	10	     0	     0	     0	11C(57.0215)		
510	a	sp|Q14240|IF4A2_HUMAN	Q14240	IF4A2_HUMAN	EIF4A2	407	16.50	Homo sapiens OX=9606	Eukaryotic initiation factor 4A-II 	1:Experimental evidence at protein level	1.0000	0.9985	4	3	3	4	3	3	     0	     0	     0	4M(15.9949)	Lys->Arg(28.006100)	
511	a	sp|Q14258|TRI25_HUMAN	Q14258	TRI25_HUMAN	TRIM25	630	9.40	Homo sapiens OX=9606	E3 ubiquitin/ISG15 ligase TRIM25 	1:Experimental evidence at protein level	1.0000	0.9990	4	4	4	4	4	4	     0	     0	     0	12C(57.0215), 15C(57.0215), 2C(57.0215)		
512	a	sp|Q14444|CAPR1_HUMAN	Q14444	CAPR1_HUMAN	CAPRIN1	709	12.30	Homo sapiens OX=9606	Caprin-1 	1:Experimental evidence at protein level	1.0000	0.9990	2	2	2	3	3	3	     0	     0	     0			
513	a	sp|Q14498|RBM39_HUMAN	Q14498	RBM39_HUMAN	RBM39	530	6.40	Homo sapiens OX=9606	RNA-binding protein 39 	1:Experimental evidence at protein level	1.0000	0.9990	2	2	2	2	2	2	     0	     0	     0	1C(57.0215)		
514	a	sp|Q14566|MCM6_HUMAN	Q14566	MCM6_HUMAN	MCM6	821	8.00	Homo sapiens OX=9606	DNA replication licensing factor MCM6 	1:Experimental evidence at protein level	1.0000	0.9990	4	4	4	4	4	4	     0	     0	     0	7C(57.0215), N-term(42.0106)		
515	a	sp|Q14683|SMC1A_HUMAN	Q14683	SMC1A_HUMAN	SMC1A	1233	3.60	Homo sapiens OX=9606	Structural maintenance of chromosomes protein 1A 	1:Experimental evidence at protein level	1.0000	0.9971	3	3	3	3	3	3	     0	     0	     0			
516	a	sp|Q14697|GANAB_HUMAN	Q14697	GANAB_HUMAN	GANAB	944	19.50	Homo sapiens OX=9606	Neutral alpha-glucosidase AB 	1:Experimental evidence at protein level	1.0000	0.9990	13	13	13	18	18	18	     0	     0	     0	9C(57.0215)		
517	a	sp|Q14914|PTGR1_HUMAN	Q14914	PTGR1_HUMAN	PTGR1	329	12.80	Homo sapiens OX=9606	Prostaglandin reductase 1 	1:Experimental evidence at protein level	1.0000	0.9990	2	2	2	3	3	3	     0	     0	     0	6M(15.9949)		
518	a	sp|Q14974|IMB1_HUMAN	Q14974	IMB1_HUMAN	KPNB1	876	15.50	Homo sapiens OX=9606	Importin subunit beta-1 	1:Experimental evidence at protein level	1.0000	0.9990	8	8	8	11	11	11	     0	     0	     0	11C(57.0215), 11M(15.9949)		
519	a	sp|Q14978|NOLC1_HUMAN	Q14978	NOLC1_HUMAN	NOLC1	699	4.10	Homo sapiens OX=9606	Nucleolar and coiled-body phosphoprotein 1 	1:Experimental evidence at protein level	1.0000	0.9986	2	2	2	2	2	2	     0	     0	     0			
520	a	sp|Q14980|NUMA1_HUMAN	Q14980	NUMA1_HUMAN	NUMA1	2115	4.60	Homo sapiens OX=9606	Nuclear mitotic apparatus protein 1 	1:Experimental evidence at protein level	1.0000	0.9990	5	5	5	5	5	5	     0	     0	     0			
521	a	sp|Q15008|PSMD6_HUMAN	Q15008	PSMD6_HUMAN	PSMD6	389	7.20	Homo sapiens OX=9606	26S proteasome non-ATPase regulatory subunit 6 	1:Experimental evidence at protein level	1.0000	0.9990	2	2	2	2	2	2	     0	     0	     0			
522	a	sp|Q15019|SEPT2_HUMAN	Q15019	SEPT2_HUMAN	SEPTIN2	361	16.10	Homo sapiens OX=9606	Septin-2 	1:Experimental evidence at protein level	1.0000	0.9990	2	2	2	2	2	2	     0	     0	     0			
523	a	sp|Q15029|U5S1_HUMAN	Q15029	U5S1_HUMAN	EFTUD2	972	14.90	Homo sapiens OX=9606	116 kDa U5 small nuclear ribonucleoprotein component 	1:Experimental evidence at protein level	1.0000	0.9990	8	8	8	8	8	8	     0	     0	     0	2C(57.0215), 6C(57.0215), 9C(57.0215)		
524	a	sp|Q15046|SYK_HUMAN	Q15046	SYK_HUMAN	KARS1	597	10.60	Homo sapiens OX=9606	Lysine--tRNA ligase 	1:Experimental evidence at protein level	1.0000	0.9990	4	4	4	4	4	4	     0	     0	     0			
525	a	sp|Q15056|IF4H_HUMAN	Q15056	IF4H_HUMAN	EIF4H	248	13.70	Homo sapiens OX=9606	Eukaryotic translation initiation factor 4H 	1:Experimental evidence at protein level	1.0000	0.9990	3	3	3	3	3	3	     0	     0	     0		Dimethyl(28.031300)	
526	a	sp|Q15063|POSTN_HUMAN	Q15063	POSTN_HUMAN	POSTN	836	13.50	Homo sapiens OX=9606	Periostin 	1:Experimental evidence at protein level	1.0000	0.9990	6	6	6	6	6	6	     0	     0	     0			
527	a	sp|Q15084|PDIA6_HUMAN	Q15084	PDIA6_HUMAN	PDIA6	440	22.70	Homo sapiens OX=9606	Protein disulfide-isomerase A6 	1:Experimental evidence at protein level	1.0000	0.9990	6	6	6	8	8	8	     0	     0	     0			
528	a	sp|Q15125|EBP_HUMAN	Q15125	EBP_HUMAN	EBP	230	12.20	Homo sapiens OX=9606	3-beta-hydroxysteroid-Delta(8),Delta(7)-isomerase 	1:Experimental evidence at protein level	1.0000	0.9990	2	2	2	2	2	2	     0	     0	     0	N-term(42.0106)		
529	a	sp|Q15181|IPYR_HUMAN	Q15181	IPYR_HUMAN	PPA1	289	43.90	Homo sapiens OX=9606	Inorganic pyrophosphatase 	1:Experimental evidence at protein level	1.0000	0.9990	7	7	7	7	7	7	     0	     0	     0	10C(57.0215), 14C(57.0215), 4C(57.0215), 5C(57.0215)		
530	a	sp|Q15185|TEBP_HUMAN	Q15185	TEBP_HUMAN	PTGES3	160	10.60	Homo sapiens OX=9606	Prostaglandin E synthase 3 	1:Experimental evidence at protein level	1.0000	0.9990	1	1	1	2	2	2	     0	     0	     0	10C(57.0215)		
531	a	sp|Q15233|NONO_HUMAN	Q15233	NONO_HUMAN	NONO	471	16.30	Homo sapiens OX=9606	Non-POU domain-containing octamer-binding protein 	1:Experimental evidence at protein level	1.0000	0.9990	5	5	5	6	6	6	     0	     0	     0	1C(57.0215), 3C(57.0215)	Delta:H(4)C(3)(40.031300)	
532	a	sp|Q15293|RCN1_HUMAN	Q15293	RCN1_HUMAN	RCN1	331	25.70	Homo sapiens OX=9606	Reticulocalbin-1 	1:Experimental evidence at protein level	1.0000	0.9990	4	4	4	6	6	6	     0	     0	     0			
533	a	sp|Q15363|TMED2_HUMAN	Q15363	TMED2_HUMAN	TMED2	201	13.90	Homo sapiens OX=9606	Transmembrane emp24 domain-containing protein 2 	1:Experimental evidence at protein level	1.0000	0.9938	2	2	2	2	2	2	     0	     0	     0			
534	a	sp|Q15369|ELOC_HUMAN	Q15369	ELOC_HUMAN	ELOC	112	20.50	Homo sapiens OX=9606	Elongin-C 	1:Experimental evidence at protein level	1.0000	0.9990	2	2	2	2	2	2	     0	     0	     0			
535	a	sp|Q15393|SF3B3_HUMAN	Q15393	SF3B3_HUMAN	SF3B3	1217	4.80	Homo sapiens OX=9606	Splicing factor 3B subunit 3 	1:Experimental evidence at protein level	1.0000	0.9990	4	4	4	4	4	4	     0	     0	     0			
536	a	sp|Q15428|SF3A2_HUMAN	Q15428	SF3A2_HUMAN	SF3A2	464	8.00	Homo sapiens OX=9606	Splicing factor 3A subunit 2 	1:Experimental evidence at protein level	1.0000	0.9990	2	2	2	2	2	2	     0	     0	     0	2C(57.0215)		
537	a	sp|Q15436|SC23A_HUMAN	Q15436	SC23A_HUMAN	SEC23A	765	4.40	Homo sapiens OX=9606	Protein transport protein Sec23A 	1:Experimental evidence at protein level	1.0000	0.9990	2	2	2	2	2	2	     0	     0	     0	15C(57.0215)		
538	a	sp|Q15459|SF3A1_HUMAN	Q15459	SF3A1_HUMAN	SF3A1	793	8.70	Homo sapiens OX=9606	Splicing factor 3A subunit 1 	1:Experimental evidence at protein level	1.0000	0.9989	4	4	4	4	4	4	     0	     0	     0			
539	a	sp|Q15637|SF01_HUMAN	Q15637	SF01_HUMAN	SF1	639	11.90	Homo sapiens OX=9606	Splicing factor 1 	1:Experimental evidence at protein level	1.0000	0.9990	5	5	5	5	5	5	     0	     0	     0	11C(57.0215), 1C(57.0215)		
540	a	sp|Q15691|MARE1_HUMAN	Q15691	MARE1_HUMAN	MAPRE1	268	22.00	Homo sapiens OX=9606	Microtubule-associated protein RP/EB family member 1 	1:Experimental evidence at protein level	1.0000	0.9990	3	3	3	4	4	4	     0	     0	     0	6C(57.0215)		
541	a	sp|Q15717|ELAV1_HUMAN	Q15717	ELAV1_HUMAN	ELAVL1	326	12.00	Homo sapiens OX=9606	ELAV-like protein 1 	1:Experimental evidence at protein level	1.0000	0.9990	2	2	2	2	2	2	     0	     0	     0			
542	a	sp|Q15758|AAAT_HUMAN	Q15758	AAAT_HUMAN	SLC1A5	541	7.90	Homo sapiens OX=9606	Neutral amino acid transporter B(0) 	1:Experimental evidence at protein level	1.0000	0.9990	2	2	2	2	2	2	     0	     0	     0	2C(57.0215)		
543	a	sp|Q15942|ZYX_HUMAN	Q15942	ZYX_HUMAN	ZYX	572	16.80	Homo sapiens OX=9606	Zyxin 	1:Experimental evidence at protein level	1.0000	0.9990	5	5	5	5	5	5	     0	     0	     0	11C(57.0215), 20C(57.0215)		
544	a	sp|Q16401|PSMD5_HUMAN	Q16401	PSMD5_HUMAN	PSMD5	504	9.90	Homo sapiens OX=9606	26S proteasome non-ATPase regulatory subunit 5 	1:Experimental evidence at protein level	1.0000	0.9990	3	3	3	3	3	3	     0	     0	     0	12C(57.0215)		
545	a	sp|Q16531|DDB1_HUMAN	Q16531	DDB1_HUMAN	DDB1	1140	7.60	Homo sapiens OX=9606	DNA damage-binding protein 1 	1:Experimental evidence at protein level	1.0000	0.9990	5	5	5	6	6	6	     0	     0	     0	17C(57.0215), 2C(57.0215), 9C(57.0215)	Delta:H(4)C(3)(40.031300)	
546	a	sp|Q16555|DPYL2_HUMAN	Q16555	DPYL2_HUMAN	DPYSL2	572	24.00	Homo sapiens OX=9606	Dihydropyrimidinase-related protein 2 	1:Experimental evidence at protein level	1.0000	0.9990	7	7	7	7	7	7	     0	     0	     0	16C(57.0215)		
547	a	sp|Q16576|RBBP7_HUMAN	Q16576	RBBP7_HUMAN	RBBP7	425	22.10	Homo sapiens OX=9606	Histone-binding protein RBBP7 	1:Experimental evidence at protein level	1.0000	0.9990	4	4	4	6	6	6	     0	     0	     0	11C(57.0215), 14C(57.0215), 15C(57.0215)		
548	a	sp|Q16643|DREB_HUMAN	Q16643	DREB_HUMAN	DBN1	649	5.50	Homo sapiens OX=9606	Drebrin 	1:Experimental evidence at protein level	1.0000	0.9990	2	2	2	2	2	2	     0	     0	     0			
549	a	sp|Q16658|FSCN1_HUMAN	Q16658	FSCN1_HUMAN	FSCN1	493	11.40	Homo sapiens OX=9606	Fascin 	1:Experimental evidence at protein level	1.0000	0.9990	4	4	4	4	4	4	     0	     0	     0	18C(57.0215)		
550	a	sp|Q16719|KYNU_HUMAN	Q16719	KYNU_HUMAN	KYNU	465	22.20	Homo sapiens OX=9606	Kynureninase 	1:Experimental evidence at protein level	1.0000	0.9990	7	7	7	9	9	9	     0	     0	     0			
551	a	sp|Q16795|NDUA9_HUMAN	Q16795	NDUA9_HUMAN	NDUFA9	377	9.80	Homo sapiens OX=9606	NADH dehydrogenase [ubiquinone] 1 alpha subcomplex subunit 9, mitochondrial 	1:Experimental evidence at protein level	1.0000	0.9990	2	2	2	2	2	2	     0	     0	     0			
552	a	sp|Q16836|HCDH_HUMAN	Q16836	HCDH_HUMAN	HADH	314	12.10	Homo sapiens OX=9606	Hydroxyacyl-coenzyme A dehydrogenase, mitochondrial 	1:Experimental evidence at protein level	1.0000	0.9990	2	2	2	2	2	2	     0	     0	     0			
553	a	sp|Q16881|TRXR1_HUMAN	Q16881	TRXR1_HUMAN	TXNRD1	649	26.70	Homo sapiens OX=9606	Thioredoxin reductase 1, cytoplasmic 	1:Experimental evidence at protein level	1.0000	0.9990	9	9	9	9	9	9	     0	     0	     0	15C(57.0215), 19C(57.0215), 1C(57.0215), 3C(57.0215)	Label:18O(1)(2.004200)	
554	a	sp|Q16891|MIC60_HUMAN	Q16891	MIC60_HUMAN	IMMT	758	17.30	Homo sapiens OX=9606	MIC	1:Experimental evidence at protein level	1.0000	0.9990	7	7	7	7	7	7	     0	     0	     0	3C(57.0215)		
555	a	sp|Q1KMD3|HNRL2_HUMAN	Q1KMD3	HNRL2_HUMAN	HNRNPUL2	747	7.00	Homo sapiens OX=9606	Heterogeneous nuclear ribonucleoprotein U-like protein 2 	1:Experimental evidence at protein level	1.0000	0.9990	3	3	3	3	3	3	     0	     0	     0			
556	a	sp|Q3LXA3|TKFC_HUMAN	Q3LXA3	TKFC_HUMAN	TKFC	575	8.50	Homo sapiens OX=9606	Triokinase/FMN cyclase 	1:Experimental evidence at protein level	1.0000	0.9990	2	2	2	2	2	2	     0	     0	     0	19C(57.0215), 8C(57.0215)		
557	a	sp|Q5JTH9|RRP12_HUMAN	Q5JTH9	RRP12_HUMAN	RRP12	1297	3.80	Homo sapiens OX=9606	RRP12-like protein 	1:Experimental evidence at protein level	1.0000	0.9989	3	3	3	3	3	3	     0	     0	     0	6C(57.0215)		
558	a	sp|Q5VYK3|ECM29_HUMAN	Q5VYK3	ECM29_HUMAN	ECPAS	1845	1.80	Homo sapiens OX=9606	Proteasome adapter and scaffold protein ECM29 	1:Experimental evidence at protein level	1.0000	0.9989	2	2	2	2	2	2	     0	     0	     0			
559	a	sp|Q6DD88|ATLA3_HUMAN	Q6DD88	ATLA3_HUMAN	ATL3	541	7.90	Homo sapiens OX=9606	Atlastin-3 	1:Experimental evidence at protein level	1.0000	0.9990	3	3	3	3	3	3	     0	     0	     0			
560	a	sp|Q6DN03|H2B2C_HUMAN	Q6DN03	H2B2C_HUMAN	H2BC20P	193	9.10	Homo sapiens OX=9606	Putative histone H2B type 2-C 	5:Protein uncertain	1.0000	0.9988	1	0	1	5	0	5	     0	     0	     0	2M(15.9949), 5M(15.9949)	Carbamyl(43.005800)	sp|Q6DRA6|H2B2D_HUMAN
561	a	sp|Q6IBS0|TWF2_HUMAN	Q6IBS0	TWF2_HUMAN	TWF2	349	19.50	Homo sapiens OX=9606	Twinfilin-2 	1:Experimental evidence at protein level	1.0000	0.9990	4	4	4	4	4	4	     0	     0	     0	N-term(42.0106)		
562	a	sp|Q6P2Q9|PRP8_HUMAN	Q6P2Q9	PRP8_HUMAN	PRPF8	2335	3.40	Homo sapiens OX=9606	Pre-mRNA-processing-splicing factor 8 	1:Experimental evidence at protein level	1.0000	0.9990	5	5	5	5	5	5	     0	     0	     0			
563	a	sp|Q6PIU2|NCEH1_HUMAN	Q6PIU2	NCEH1_HUMAN	NCEH1	408	9.60	Homo sapiens OX=9606	Neutral cholesterol ester hydrolase 1 	1:Experimental evidence at protein level	1.0000	0.9990	2	2	2	2	2	2	     0	     0	     0	2C(57.0215)		
564	a	sp|Q6YN16|HSDL2_HUMAN	Q6YN16	HSDL2_HUMAN	HSDL2	418	9.30	Homo sapiens OX=9606	Hydroxysteroid dehydrogenase-like protein 2 	1:Experimental evidence at protein level	1.0000	0.9990	2	2	2	2	2	2	     0	     0	     0			
565	a	sp|Q7KZF4|SND1_HUMAN	Q7KZF4	SND1_HUMAN	SND1	910	14.90	Homo sapiens OX=9606	Staphylococcal nuclease domain-containing protein 1 	1:Experimental evidence at protein level	1.0000	0.9990	7	7	7	8	8	8	     0	     0	     0			
566	a	sp|Q7L2H7|EIF3M_HUMAN	Q7L2H7	EIF3M_HUMAN	EIF3M	374	14.20	Homo sapiens OX=9606	Eukaryotic translation initiation factor 3 subunit M 	1:Experimental evidence at protein level	1.0000	0.9990	3	3	3	3	3	3	     0	     0	     0	5C(57.0215), N-term(42.0106)		
567	a	sp|Q7M135|LYSC_LYSEN	Q7M135	LYSC_LYSEN		269	41.30	Lysobacter enzymogenes	Lysyl endopeptidase 	1:Experimental evidence at protein level	1.0000	0.9990	4	4	4	8	8	8	     0	     0	     0	12C(57.0215)		
568	a	sp|Q7Z6Z7|HUWE1_HUMAN	Q7Z6Z7	HUWE1_HUMAN	HUWE1	4374	4.50	Homo sapiens OX=9606	E3 ubiquitin-protein ligase HUWE1 	1:Experimental evidence at protein level	1.0000	0.9990	10	10	10	10	10	10	     0	     0	     0	15C(57.0215), 19C(57.0215), 7C(57.0215), 8C(57.0215)		
569	a	sp|Q86UP2|KTN1_HUMAN	Q86UP2	KTN1_HUMAN	KTN1	1357	3.40	Homo sapiens OX=9606	Kinectin 	1:Experimental evidence at protein level	1.0000	0.9990	3	3	3	3	3	3	     0	     0	     0			
570	a	sp|Q86V81|THOC4_HUMAN	Q86V81	THOC4_HUMAN	ALYREF	257	40.90	Homo sapiens OX=9606	THO complex subunit 4 	1:Experimental evidence at protein level	1.0000	0.9990	7	7	7	7	7	7	     0	     0	     0		Dimethyl(28.031300)	
571	a	sp|Q86VP6|CAND1_HUMAN	Q86VP6	CAND1_HUMAN	CAND1	1230	2.80	Homo sapiens OX=9606	Cullin-associated NEDD8-dissociated protein 1 	1:Experimental evidence at protein level	1.0000	0.9990	2	2	2	2	2	2	     0	     0	     0			
572	a	sp|Q86XP3|DDX42_HUMAN	Q86XP3	DDX42_HUMAN	DDX42	938	5.00	Homo sapiens OX=9606	ATP-dependent RNA helicase DDX42 	1:Experimental evidence at protein level	1.0000	0.9989	2	2	2	2	2	2	     0	     0	     0			
573	a	sp|Q8IVT2|MISP_HUMAN	Q8IVT2	MISP_HUMAN	MISP	679	5.60	Homo sapiens OX=9606	Mitotic interactor and substrate of PLK1 	1:Experimental evidence at protein level	1.0000	0.9990	2	2	2	2	2	2	     0	     0	     0			
574	a	sp|Q8IY67|RAVR1_HUMAN	Q8IY67	RAVR1_HUMAN	RAVER1	606	10.40	Homo sapiens OX=9606	Ribonucleoprotein PTB-binding 1 	1:Experimental evidence at protein level	1.0000	0.9990	3	3	3	3	3	3	     0	     0	     0			
575	a	sp|Q8IY81|SPB1_HUMAN	Q8IY81	SPB1_HUMAN	FTSJ3	847	4.70	Homo sapiens OX=9606	pre-rRNA 2'-O-ribose RNA methyltransferase FTSJ3 	1:Experimental evidence at protein level	1.0000	0.9968	2	2	2	2	2	2	     0	     0	     0			
576	a	sp|Q8IYB3|SRRM1_HUMAN	Q8IYB3	SRRM1_HUMAN	SRRM1	904	5.00	Homo sapiens OX=9606	Serine/arginine repetitive matrix protein 1 	1:Experimental evidence at protein level	1.0000	0.9990	2	2	2	3	3	3	     0	     0	     0			
577	a	sp|Q8N163|CCAR2_HUMAN	Q8N163	CCAR2_HUMAN	CCAR2	923	4.00	Homo sapiens OX=9606	Cell cycle and apoptosis regulator protein 2 	1:Experimental evidence at protein level	1.0000	0.9973	3	3	3	3	3	3	     0	     0	     0		HexNAc(1)dHex(2)(495.195100)	
578	a	sp|Q8N1G4|LRC47_HUMAN	Q8N1G4	LRC47_HUMAN	LRRC47	583	6.90	Homo sapiens OX=9606	Leucine-rich repeat-containing protein 47 	1:Experimental evidence at protein level	1.0000	0.9990	2	2	2	2	2	2	     0	     0	     0	19C(57.0215)		
579	a	sp|Q8N5M9|JAGN1_HUMAN	Q8N5M9	JAGN1_HUMAN	JAGN1	183	10.40	Homo sapiens OX=9606	Protein jagunal homolog 1 	1:Experimental evidence at protein level	1.0000	0.9990	2	2	2	2	2	2	     0	     0	     0			
580	a	sp|Q8NBJ5|GT251_HUMAN	Q8NBJ5	GT251_HUMAN	COLGALT1	622	4.80	Homo sapiens OX=9606	Procollagen galactosyltransferase 1 	1:Experimental evidence at protein level	1.0000	0.9987	2	2	2	2	2	2	     0	     0	     0			
581	a	sp|Q8NBS9|TXND5_HUMAN	Q8NBS9	TXND5_HUMAN	TXNDC5	432	12.00	Homo sapiens OX=9606	Thioredoxin domain-containing protein 5 	1:Experimental evidence at protein level	1.0000	0.9990	3	3	3	3	3	3	     0	     0	     0	10C(57.0215), 3C(57.0215)		
582	a	sp|Q8NC51|PAIRB_HUMAN	Q8NC51	PAIRB_HUMAN	SERBP1	408	32.40	Homo sapiens OX=9606	Plasminogen activator inhibitor 1 RNA-binding protein 	1:Experimental evidence at protein level	1.0000	0.9990	9	9	9	11	11	11	     0	     0	     0	10C(57.0215)		
583	a	sp|Q8NHW5|RLA0L_HUMAN	Q8NHW5	RLA0L_HUMAN	RPLP0P6	317	20.20	Homo sapiens OX=9606	60S acidic ribosomal protein P0-like 	5:Protein uncertain	1.0000	0.9990	3	1	3	9	3	9	     0	     0	     0	7C(57.0215)		
584	a	sp|Q8TDN6|BRX1_HUMAN	Q8TDN6	BRX1_HUMAN	BRIX1	353	12.20	Homo sapiens OX=9606	Ribosome biogenesis protein BRX1 homolog 	1:Experimental evidence at protein level	1.0000	0.9990	2	2	2	2	2	2	     0	     0	     0			
585	a	sp|Q8TEM1|PO210_HUMAN	Q8TEM1	PO210_HUMAN	NUP210	1887	2.30	Homo sapiens OX=9606	Nuclear pore membrane glycoprotein 210 	1:Experimental evidence at protein level	1.0000	0.9990	2	2	2	2	2	2	     0	     0	     0	21C(57.0215)		
586	a	sp|Q8TEX9|IPO4_HUMAN	Q8TEX9	IPO4_HUMAN	IPO4	1081	3.50	Homo sapiens OX=9606	Importin-4 	1:Experimental evidence at protein level	1.0000	0.9990	2	2	2	2	2	2	     0	     0	     0	9C(57.0215)		
587	a	sp|Q8WUM4|PDC6I_HUMAN	Q8WUM4	PDC6I_HUMAN	PDCD6IP	868	7.60	Homo sapiens OX=9606	Programmed cell death 6-interacting protein 	1:Experimental evidence at protein level	1.0000	0.9990	4	4	4	6	6	6	     0	     0	     0	7C(57.0215)		
588	a	sp|Q8WW12|PCNP_HUMAN	Q8WW12	PCNP_HUMAN	PCNP	178	18.00	Homo sapiens OX=9606	PEST proteolytic signal-containing nuclear protein 	1:Experimental evidence at protein level	1.0000	0.9638	3	3	3	3	3	3	     0	     0	     0			
589	a	sp|Q8WWI1|LMO7_HUMAN	Q8WWI1	LMO7_HUMAN	LMO7	1683	3.90	Homo sapiens OX=9606	LIM domain only protein 7 	1:Experimental evidence at protein level	1.0000	0.9990	3	3	3	3	3	3	     0	     0	     0			
590	a	sp|Q8WWM7|ATX2L_HUMAN	Q8WWM7	ATX2L_HUMAN	ATXN2L	1075	3.10	Homo sapiens OX=9606	Ataxin-2-like protein 	1:Experimental evidence at protein level	1.0000	0.9987	2	2	2	2	2	2	     0	     0	     0			
591	a	sp|Q92499|DDX1_HUMAN	Q92499	DDX1_HUMAN	DDX1	740	18.80	Homo sapiens OX=9606	ATP-dependent RNA helicase DDX1 	1:Experimental evidence at protein level	1.0000	0.9990	8	8	8	8	8	8	     0	     0	     0	13C(57.0215), 3C(57.0215), 7C(57.0215)		
592	a	sp|Q92598|HS105_HUMAN	Q92598	HS105_HUMAN	HSPH1	858	11.00	Homo sapiens OX=9606	Heat shock protein 105 kDa 	1:Experimental evidence at protein level	1.0000	0.9990	6	6	6	6	6	6	     0	     0	     0	3C(57.0215), 5C(57.0215)		
593	a	sp|Q92616|GCN1_HUMAN	Q92616	GCN1_HUMAN	GCN1	2671	7.10	Homo sapiens OX=9606	eIF-2-alpha kinase activator GCN1 	1:Experimental evidence at protein level	1.0000	0.9990	12	12	12	13	13	13	     0	     0	     0	19C(57.0215), 8C(57.0215)		
594	a	sp|Q92734|TFG_HUMAN	Q92734	TFG_HUMAN	TFG	400	12.50	Homo sapiens OX=9606	Protein TFG 	1:Experimental evidence at protein level	1.0000	0.9990	2	2	2	2	2	2	     0	     0	     0			
595	a	sp|Q92804|RBP56_HUMAN	Q92804	RBP56_HUMAN	TAF15	592	10.60	Homo sapiens OX=9606	TATA-binding protein-associated factor 2N 	1:Experimental evidence at protein level	1.0000	0.9990	3	3	3	3	3	3	     0	     0	     0	3C(57.0215), 6C(57.0215)		
596	a	sp|Q92841|DDX17_HUMAN	Q92841	DDX17_HUMAN	DDX17	729	5.50	Homo sapiens OX=9606	Probable ATP-dependent RNA helicase DDX17 	1:Experimental evidence at protein level	1.0000	0.9990	3	2	2	3	2	2	     0	     0	     0			
597	a	sp|Q92900|RENT1_HUMAN	Q92900	RENT1_HUMAN	UPF1	1129	4.30	Homo sapiens OX=9606	Regulator of nonsense transcripts 1 	1:Experimental evidence at protein level	1.0000	0.9990	3	3	3	4	4	4	     0	     0	     0			
598	a	sp|Q92945|FUBP2_HUMAN	Q92945	FUBP2_HUMAN	KHSRP	711	7.00	Homo sapiens OX=9606	Far upstream element-binding protein 2 	1:Experimental evidence at protein level	1.0000	0.9990	2	2	2	2	2	2	     0	     0	     0			
599	a	sp|Q92973|TNPO1_HUMAN	Q92973	TNPO1_HUMAN	TNPO1	898	10.10	Homo sapiens OX=9606	Transportin-1 	1:Experimental evidence at protein level	1.0000	0.9990	5	5	5	5	5	5	     0	     0	     0	13C(57.0215), 2C(57.0215)		
600	a	sp|Q93009|UBP7_HUMAN	Q93009	UBP7_HUMAN	USP7	1102	3.10	Homo sapiens OX=9606	Ubiquitin carboxyl-terminal hydrolase 7 	1:Experimental evidence at protein level	1.0000	0.9951	2	2	2	2	2	2	     0	     0	     0	13C(57.0215)		
601	a	sp|Q969H8|MYDGF_HUMAN	Q969H8	MYDGF_HUMAN	MYDGF	173	16.20	Homo sapiens OX=9606	Myeloid-derived growth factor 	1:Experimental evidence at protein level	1.0000	0.9989	2	2	2	2	2	2	     0	     0	     0			
602	a	sp|Q96AE4|FUBP1_HUMAN	Q96AE4	FUBP1_HUMAN	FUBP1	644	13.70	Homo sapiens OX=9606	Far upstream element-binding protein 1 	1:Experimental evidence at protein level	1.0000	0.9990	5	5	5	5	5	5	     0	     0	     0	1C(57.0215)		
603	a	sp|Q96AG4|LRC59_HUMAN	Q96AG4	LRC59_HUMAN	LRRC59	307	9.40	Homo sapiens OX=9606	Leucine-rich repeat-containing protein 59 	1:Experimental evidence at protein level	1.0000	0.9990	2	2	2	2	2	2	     0	     0	     0	9C(57.0215)		
604	a	sp|Q96CT7|CC124_HUMAN	Q96CT7	CC124_HUMAN	CCDC124	223	15.70	Homo sapiens OX=9606	Coiled-coil domain-containing protein 124 	1:Experimental evidence at protein level	1.0000	0.9990	2	2	2	2	2	2	     0	     0	     0			
605	a	sp|Q96CW1|AP2M1_HUMAN	Q96CW1	AP2M1_HUMAN	AP2M1	435	8.00	Homo sapiens OX=9606	AP-2 complex subunit mu 	1:Experimental evidence at protein level	1.0000	0.9990	2	2	2	2	2	2	     0	     0	     0	13C(57.0215), 8C(57.0215)		
606	a	sp|Q96DI7|SNR40_HUMAN	Q96DI7	SNR40_HUMAN	SNRNP40	357	22.10	Homo sapiens OX=9606	U5 small nuclear ribonucleoprotein 40 kDa protein 	1:Experimental evidence at protein level	1.0000	0.9990	3	3	3	3	3	3	     0	     0	     0	1C(57.0215), 20C(57.0215), 21C(57.0215)		
607	a	sp|Q96FQ6|S10AG_HUMAN	Q96FQ6	S10AG_HUMAN	S100A16	103	24.30	Homo sapiens OX=9606	Protein S100-A16 	1:Experimental evidence at protein level	1.0000	0.9990	2	2	2	2	2	2	     0	     0	     0			
608	a	sp|Q96FW1|OTUB1_HUMAN	Q96FW1	OTUB1_HUMAN	OTUB1	271	15.90	Homo sapiens OX=9606	Ubiquitin thioesterase OTUB1 	1:Experimental evidence at protein level	1.0000	0.9989	3	3	3	3	3	3	     0	     0	     0			
609	a	sp|Q96HE7|ERO1A_HUMAN	Q96HE7	ERO1A_HUMAN	ERO1A	468	10.30	Homo sapiens OX=9606	ERO1-like protein alpha 	1:Experimental evidence at protein level	1.0000	0.9990	2	2	2	2	2	2	     0	     0	     0	9C(57.0215)		
610	a	sp|Q96I24|FUBP3_HUMAN	Q96I24	FUBP3_HUMAN	FUBP3	572	17.10	Homo sapiens OX=9606	Far upstream element-binding protein 3 	1:Experimental evidence at protein level	1.0000	0.9990	5	5	5	6	6	6	     0	     0	     0	15C(57.0215)		
611	a	sp|Q96IU4|ABHEB_HUMAN	Q96IU4	ABHEB_HUMAN	ABHD14B	210	16.70	Homo sapiens OX=9606	Protein ABHD14B 	1:Experimental evidence at protein level	1.0000	0.9990	2	2	2	2	2	2	     0	     0	     0			
612	a	sp|Q96K17|BT3L4_HUMAN	Q96K17	BT3L4_HUMAN	BTF3L4	158	36.10	Homo sapiens OX=9606	Transcription factor BTF3 homolog 4 	1:Experimental evidence at protein level	1.0000	0.9990	3	3	3	3	3	3	     0	     0	     0			
613	a	sp|Q96KB5|TOPK_HUMAN	Q96KB5	TOPK_HUMAN	PBK	322	11.50	Homo sapiens OX=9606	Lymphokine-activated killer T-cell-originated protein kinase 	1:Experimental evidence at protein level	1.0000	0.9989	3	3	3	3	3	3	     0	     0	     0	5C(57.0215)		
614	a	sp|Q96P70|IPO9_HUMAN	Q96P70	IPO9_HUMAN	IPO9	1041	3.70	Homo sapiens OX=9606	Importin-9 	1:Experimental evidence at protein level	1.0000	0.9990	2	2	2	2	2	2	     0	     0	     0	N-term(42.0106)		
615	a	sp|Q96PK6|RBM14_HUMAN	Q96PK6	RBM14_HUMAN	RBM14	669	6.90	Homo sapiens OX=9606	RNA-binding protein 14 	1:Experimental evidence at protein level	1.0000	0.9990	3	3	3	3	3	3	     0	     0	     0			
616	a	sp|Q96QD8|S38A2_HUMAN	Q96QD8	S38A2_HUMAN	SLC38A2	506	9.50	Homo sapiens OX=9606	Sodium-coupled neutral amino acid transporter 2 	1:Experimental evidence at protein level	1.0000	0.9990	3	3	3	3	3	3	     0	     0	     0	8C(57.0215)		
617	a	sp|Q96QK1|VPS35_HUMAN	Q96QK1	VPS35_HUMAN	VPS35	796	9.00	Homo sapiens OX=9606	Vacuolar protein sorting-associated protein 35 	1:Experimental evidence at protein level	1.0000	0.9990	5	5	5	5	5	5	     0	     0	     0			
618	a	sp|Q96TA1|NIBA2_HUMAN	Q96TA1	NIBA2_HUMAN	NIBAN2	746	9.70	Homo sapiens OX=9606	Protein Niban 2 	1:Experimental evidence at protein level	1.0000	0.9989	3	3	3	3	3	3	     0	     0	     0			
619	a	sp|Q99460|PSMD1_HUMAN	Q99460	PSMD1_HUMAN	PSMD1	953	8.90	Homo sapiens OX=9606	26S proteasome non-ATPase regulatory subunit 1 	1:Experimental evidence at protein level	1.0000	0.9990	5	5	5	5	5	5	     0	     0	     0	5C(57.0215)		
620	a	sp|Q99497|PARK7_HUMAN	Q99497	PARK7_HUMAN	PARK7	189	33.90	Homo sapiens OX=9606	Parkinson disease protein 7 	1:Experimental evidence at protein level	1.0000	0.9990	3	3	3	4	4	4	     0	     0	     0	5C(57.0215), 7C(57.0215)		
621	a	sp|Q99536|VAT1_HUMAN	Q99536	VAT1_HUMAN	VAT1	393	9.70	Homo sapiens OX=9606	Synaptic vesicle membrane protein VAT-1 homolog 	1:Experimental evidence at protein level	1.0000	0.9990	2	2	2	2	2	2	     0	     0	     0			
622	a	sp|Q99623|PHB2_HUMAN	Q99623	PHB2_HUMAN	PHB2	299	21.10	Homo sapiens OX=9606	Prohibitin-2 	1:Experimental evidence at protein level	1.0000	0.9990	4	4	4	5	5	5	     0	     0	     0		Delta:H(4)C(3)(40.031300)	
623	a	sp|Q99714|HCD2_HUMAN	Q99714	HCD2_HUMAN	HSD17B10	261	59.80	Homo sapiens OX=9606	3-hydroxyacyl-CoA dehydrogenase type-2 	1:Experimental evidence at protein level	1.0000	0.9990	8	8	8	10	10	10	     0	     0	     0	2C(57.0215), 2M(15.9949)		
624	a	sp|Q99733|NP1L4_HUMAN	Q99733	NP1L4_HUMAN	NAP1L4	375	13.10	Homo sapiens OX=9606	Nucleosome assembly protein 1-like 4 	1:Experimental evidence at protein level	1.0000	0.9990	3	2	2	3	2	2	     0	     0	     0	14C(57.0215), 17C(57.0215)		
625	a	sp|Q99798|ACON_HUMAN	Q99798	ACON_HUMAN	ACO2	780	10.30	Homo sapiens OX=9606	Aconitate hydratase, mitochondrial 	1:Experimental evidence at protein level	1.0000	0.9990	4	4	4	4	4	4	     0	     0	     0	9C(57.0215)		
626	a	sp|Q99832|TCPH_HUMAN	Q99832	TCPH_HUMAN	CCT7	543	16.90	Homo sapiens OX=9606	T-complex protein 1 subunit eta 	1:Experimental evidence at protein level	1.0000	0.9990	5	5	5	6	6	6	     0	     0	     0	19C(57.0215), 5C(57.0215)		
627	a	sp|Q9BQ69|MACD1_HUMAN	Q9BQ69	MACD1_HUMAN	MACROD1	325	11.40	Homo sapiens OX=9606	ADP-ribose glycohydrolase MACROD1 	1:Experimental evidence at protein level	1.0000	0.9990	2	2	2	2	2	2	     0	     0	     0	2C(57.0215)		
628	a	sp|Q9BQG0|MBB1A_HUMAN	Q9BQG0	MBB1A_HUMAN	MYBBP1A	1328	3.70	Homo sapiens OX=9606	Myb-binding protein 1A 	1:Experimental evidence at protein level	1.0000	0.9990	3	3	3	3	3	3	     0	     0	     0			
629	a	sp|Q9BSJ8|ESYT1_HUMAN	Q9BSJ8	ESYT1_HUMAN	ESYT1	1104	7.50	Homo sapiens OX=9606	Extended synaptotagmin-1 	1:Experimental evidence at protein level	1.0000	0.9990	5	5	5	6	6	6	     0	     0	     0			
630	a	sp|Q9BTT0|AN32E_HUMAN	Q9BTT0	AN32E_HUMAN	ANP32E	268	12.70	Homo sapiens OX=9606	Acidic leucine-rich nuclear phosphoprotein 32 family member E 	1:Experimental evidence at protein level	1.0000	0.9990	2	2	2	3	3	3	     0	     0	     0	7C(57.0215)		
631	a	sp|Q9BTV4|TMM43_HUMAN	Q9BTV4	TMM43_HUMAN	TMEM43	400	10.20	Homo sapiens OX=9606	Transmembrane protein 43 	1:Experimental evidence at protein level	1.0000	0.9990	2	2	2	2	2	2	     0	     0	     0			
632	a	sp|Q9BVP2|GNL3_HUMAN	Q9BVP2	GNL3_HUMAN	GNL3	549	15.70	Homo sapiens OX=9606	Guanine nucleotide-binding protein-like 3 	1:Experimental evidence at protein level	1.0000	0.9990	5	5	5	5	5	5	     0	     0	     0			
633	a	sp|Q9BWD1|THIC_HUMAN	Q9BWD1	THIC_HUMAN	ACAT2	397	11.80	Homo sapiens OX=9606	Acetyl-CoA acetyltransferase, cytosolic 	1:Experimental evidence at protein level	1.0000	0.9990	2	2	2	3	3	3	     0	     0	     0	19C(57.0215), 21C(57.0215)		
634	a	sp|Q9BWJ5|SF3B5_HUMAN	Q9BWJ5	SF3B5_HUMAN	SF3B5	86	27.90	Homo sapiens OX=9606	Splicing factor 3B subunit 5 	1:Experimental evidence at protein level	1.0000	0.9989	2	2	2	2	2	2	     0	     0	     0			
635	a	sp|Q9BX68|HINT2_HUMAN	Q9BX68	HINT2_HUMAN	HINT2	163	31.90	Homo sapiens OX=9606	Histidine triad nucleotide-binding protein 2, mitochondrial 	1:Experimental evidence at protein level	1.0000	0.9987	3	3	3	4	4	4	     0	     0	     0	13C(57.0215)	Pro->HAVA(18.010500)	
636	a	sp|Q9BXJ9|NAA15_HUMAN	Q9BXJ9	NAA15_HUMAN	NAA15	866	2.80	Homo sapiens OX=9606	N-alpha-acetyltransferase 15, NatA auxiliary subunit 	1:Experimental evidence at protein level	1.0000	0.9970	2	2	2	3	3	3	     0	     0	     0			
637	a	sp|Q9BXS5|AP1M1_HUMAN	Q9BXS5	AP1M1_HUMAN	AP1M1	423	7.30	Homo sapiens OX=9606	AP-1 complex subunit mu-1 	1:Experimental evidence at protein level	1.0000	0.9990	2	2	2	2	2	2	     0	     0	     0			
638	a	sp|Q9BY44|EIF2A_HUMAN	Q9BY44	EIF2A_HUMAN	EIF2A	585	10.60	Homo sapiens OX=9606	Eukaryotic translation initiation factor 2A 	1:Experimental evidence at protein level	1.0000	0.9990	3	3	3	3	3	3	     0	     0	     0	12C(57.0215), 23C(57.0215)		
639	a	sp|Q9BYG3|MK67I_HUMAN	Q9BYG3	MK67I_HUMAN	NIFK	293	12.30	Homo sapiens OX=9606	MKI67 FHA domain-interacting nucleolar phosphoprotein 	1:Experimental evidence at protein level	1.0000	0.9978	2	2	2	3	3	3	     0	     0	     0	N-term(42.0106)		
640	a	sp|Q9BZE4|GTPB4_HUMAN	Q9BZE4	GTPB4_HUMAN	GTPBP4	634	5.20	Homo sapiens OX=9606	GTP-binding protein 4 	1:Experimental evidence at protein level	1.0000	0.9989	2	2	2	2	2	2	     0	     0	     0			
641	a	sp|Q9GZL7|WDR12_HUMAN	Q9GZL7	WDR12_HUMAN	WDR12	423	7.30	Homo sapiens OX=9606	Ribosome biogenesis protein WDR12 	1:Experimental evidence at protein level	1.0000	0.9990	2	2	2	2	2	2	     0	     0	     0			
642	a	sp|Q9H0A0|NAT10_HUMAN	Q9H0A0	NAT10_HUMAN	NAT10	1025	3.70	Homo sapiens OX=9606	RNA cytidine acetyltransferase 	1:Experimental evidence at protein level	1.0000	0.9987	2	2	2	2	2	2	     0	     0	     0			
643	a	sp|Q9H2U2|IPYR2_HUMAN	Q9H2U2	IPYR2_HUMAN	PPA2	334	9.30	Homo sapiens OX=9606	Inorganic pyrophosphatase 2, mitochondrial 	1:Experimental evidence at protein level	1.0000	0.9990	2	2	2	2	2	2	     0	     0	     0			
644	a	sp|Q9H307|PININ_HUMAN	Q9H307	PININ_HUMAN	PNN	717	3.90	Homo sapiens OX=9606	Pinin 	1:Experimental evidence at protein level	1.0000	0.9990	2	2	2	2	2	2	     0	     0	     0			
645	a	sp|Q9H3K6|BOLA2_HUMAN	Q9H3K6	BOLA2_HUMAN	BOLA2	86	40.70	Homo sapiens OX=9606	BolA-like protein 2 	1:Experimental evidence at protein level	1.0000	0.9990	2	2	2	3	3	3	     0	     0	     0	5C(57.0215)		
646	a	sp|Q9H4A4|AMPB_HUMAN	Q9H4A4	AMPB_HUMAN	RNPEP	650	8.50	Homo sapiens OX=9606	Aminopeptidase B 	1:Experimental evidence at protein level	1.0000	0.9987	3	3	3	4	4	4	     0	     0	     0			
647	a	sp|Q9H6F5|CCD86_HUMAN	Q9H6F5	CCD86_HUMAN	CCDC86	360	9.20	Homo sapiens OX=9606	Coiled-coil domain-containing protein 86 	1:Experimental evidence at protein level	1.0000	0.9936	2	2	2	2	2	2	     0	     0	     0			
648	a	sp|Q9H7Z7|PGES2_HUMAN	Q9H7Z7	PGES2_HUMAN	PTGES2	377	11.90	Homo sapiens OX=9606	Prostaglandin E synthase 2 	1:Experimental evidence at protein level	1.0000	0.9990	2	2	2	2	2	2	     0	     0	     0			
649	a	sp|Q9NQC3|RTN4_HUMAN	Q9NQC3	RTN4_HUMAN	RTN4	1192	5.50	Homo sapiens OX=9606	Reticulon-4 	1:Experimental evidence at protein level	1.0000	0.9990	3	3	3	3	3	3	     0	     0	     0	N-term(42.0106)	Phospho(79.966300)	
650	a	sp|Q9NR30|DDX21_HUMAN	Q9NR30	DDX21_HUMAN	DDX21	783	13.50	Homo sapiens OX=9606	Nucleolar RNA helicase 2 	1:Experimental evidence at protein level	1.0000	0.9990	7	7	7	8	8	8	     0	     0	     0	15C(57.0215), 4C(57.0215), 6C(57.0215)		
651	a	sp|Q9NR45|SIAS_HUMAN	Q9NR45	SIAS_HUMAN	NANS	359	12.00	Homo sapiens OX=9606	Sialic acid synthase 	1:Experimental evidence at protein level	1.0000	0.9990	2	2	2	3	3	3	     0	     0	     0	11C(57.0215), 7C(57.0215)		
652	a	sp|Q9NSD9|SYFB_HUMAN	Q9NSD9	SYFB_HUMAN	FARSB	589	5.40	Homo sapiens OX=9606	Phenylalanine--tRNA ligase beta subunit 	1:Experimental evidence at protein level	1.0000	0.9990	2	2	2	2	2	2	     0	     0	     0			
653	a	sp|Q9NTJ3|SMC4_HUMAN	Q9NTJ3	SMC4_HUMAN	SMC4	1288	3.50	Homo sapiens OX=9606	Structural maintenance of chromosomes protein 4 	1:Experimental evidence at protein level	1.0000	0.9988	3	3	3	3	3	3	     0	     0	     0			
654	a	sp|Q9NTK5|OLA1_HUMAN	Q9NTK5	OLA1_HUMAN	OLA1	396	11.90	Homo sapiens OX=9606	Obg-like ATPase 1 	1:Experimental evidence at protein level	1.0000	0.9990	3	3	3	3	3	3	     0	     0	     0	20C(57.0215), 5C(57.0215), 9C(57.0215)		
655	a	sp|Q9NVI7|ATD3A_HUMAN	Q9NVI7	ATD3A_HUMAN	ATAD3A	634	5.00	Homo sapiens OX=9606	ATPase family AAA domain-containing protein 3A 	1:Experimental evidence at protein level	1.0000	0.9990	2	2	2	2	2	2	     0	     0	     0			
656	a	sp|Q9NWV4|CZIB_HUMAN	Q9NWV4	CZIB_HUMAN	CZIB	160	20.60	Homo sapiens OX=9606	CXXC motif containing zinc binding protein 	1:Experimental evidence at protein level	1.0000	0.9990	2	2	2	2	2	2	     0	     0	     0			
657	a	sp|Q9NYF8|BCLF1_HUMAN	Q9NYF8	BCLF1_HUMAN	BCLAF1	920	3.00	Homo sapiens OX=9606	Bcl-2-associated transcription factor 1 	1:Experimental evidence at protein level	1.0000	0.9941	2	2	2	2	2	2	     0	     0	     0			
658	a	sp|Q9NYU2|UGGG1_HUMAN	Q9NYU2	UGGG1_HUMAN	UGGT1	1555	2.90	Homo sapiens OX=9606	UDP-glucose:glycoprotein glucosyltransferase 1 	1:Experimental evidence at protein level	1.0000	0.9989	2	2	2	2	2	2	     0	     0	     0	2C(57.0215)		
659	a	sp|Q9NZ01|TECR_HUMAN	Q9NZ01	TECR_HUMAN	TECR	308	6.50	Homo sapiens OX=9606	Very-long-chain enoyl-CoA reductase 	1:Experimental evidence at protein level	1.0000	0.9936	2	2	2	2	2	2	     0	     0	     0			
660	a	sp|Q9NZ45|CISD1_HUMAN	Q9NZ45	CISD1_HUMAN	CISD1	108	36.10	Homo sapiens OX=9606	CDGSH iron-sulfur domain-containing protein 1 	1:Experimental evidence at protein level	1.0000	0.9990	3	3	3	4	4	4	     0	     0	     0	5C(57.0215)		
661	a	sp|Q9NZM1|MYOF_HUMAN	Q9NZM1	MYOF_HUMAN	MYOF	2061	1.60	Homo sapiens OX=9606	Myoferlin 	1:Experimental evidence at protein level	1.0000	0.9933	2	2	2	2	2	2	     0	     0	     0	7C(57.0215)		
662	a	sp|Q9P035|HACD3_HUMAN	Q9P035	HACD3_HUMAN	HACD3	362	8.80	Homo sapiens OX=9606	Very-long-chain (3R)-3-hydroxyacyl-CoA dehydratase 3 	1:Experimental evidence at protein level	1.0000	0.9990	2	2	2	2	2	2	     0	     0	     0			
663	a	sp|Q9P0L0|VAPA_HUMAN	Q9P0L0	VAPA_HUMAN	VAPA	249	25.30	Homo sapiens OX=9606	Vesicle-associated membrane protein-associated protein A 	1:Experimental evidence at protein level	1.0000	0.9990	5	5	5	8	8	8	     0	     0	     0			
664	a	sp|Q9P258|RCC2_HUMAN	Q9P258	RCC2_HUMAN	RCC2	522	17.20	Homo sapiens OX=9606	Protein RCC2 	1:Experimental evidence at protein level	1.0000	0.9990	5	5	5	5	5	5	     0	     0	     0	4C(57.0215), 7C(57.0215), 8C(57.0215)		
665	a	sp|Q9P287|BCCIP_HUMAN	Q9P287	BCCIP_HUMAN	BCCIP	314	12.40	Homo sapiens OX=9606	BRCA2 and CDKN1A-interacting protein 	1:Experimental evidence at protein level	1.0000	0.9990	2	2	2	2	2	2	     0	     0	     0			
666	a	sp|Q9P2J5|SYLC_HUMAN	Q9P2J5	SYLC_HUMAN	LARS1	1176	3.60	Homo sapiens OX=9606	Leucine--tRNA ligase, cytoplasmic 	1:Experimental evidence at protein level	1.0000	0.9990	2	2	2	2	2	2	     0	     0	     0			
667	a	sp|Q9P2R7|SUCB1_HUMAN	Q9P2R7	SUCB1_HUMAN	SUCLA2	463	9.70	Homo sapiens OX=9606	Succinate--CoA ligase [ADP-forming] subunit beta, mitochondrial 	1:Experimental evidence at protein level	1.0000	0.9990	2	2	2	2	2	2	     0	     0	     0			
668	a	sp|Q9UBQ7|GRHPR_HUMAN	Q9UBQ7	GRHPR_HUMAN	GRHPR	328	12.80	Homo sapiens OX=9606	Glyoxylate reductase/hydroxypyruvate reductase 	1:Experimental evidence at protein level	1.0000	0.9990	2	2	2	2	2	2	     0	     0	     0			
669	a	sp|Q9UBS4|DJB11_HUMAN	Q9UBS4	DJB11_HUMAN	DNAJB11	358	11.70	Homo sapiens OX=9606	DnaJ homolog subfamily B member 11 	1:Experimental evidence at protein level	1.0000	0.9978	2	2	2	2	2	2	     0	     0	     0			
670	a	sp|Q9UBT2|SAE2_HUMAN	Q9UBT2	SAE2_HUMAN	UBA2	640	7.20	Homo sapiens OX=9606	SUMO-activating enzyme subunit 2 	1:Experimental evidence at protein level	1.0000	0.9990	2	2	2	2	2	2	     0	     0	     0	2C(57.0215)		
671	a	sp|Q9UGP8|SEC63_HUMAN	Q9UGP8	SEC63_HUMAN	SEC63	760	4.20	Homo sapiens OX=9606	Translocation protein SEC63 homolog 	1:Experimental evidence at protein level	1.0000	0.9990	2	2	2	2	2	2	     0	     0	     0			
672	a	sp|Q9UHD1|CHRD1_HUMAN	Q9UHD1	CHRD1_HUMAN	CHORDC1	332	12.00	Homo sapiens OX=9606	Cysteine and histidine-rich domain-containing protein 1 	1:Experimental evidence at protein level	1.0000	0.9990	2	2	2	2	2	2	     0	     0	     0	11C(57.0215)		
673	a	sp|Q9UHX1|PUF60_HUMAN	Q9UHX1	PUF60_HUMAN	PUF60	559	6.80	Homo sapiens OX=9606	Poly(U)-binding-splicing factor PUF60 	1:Experimental evidence at protein level	1.0000	0.9990	3	3	3	3	3	3	     0	     0	     0			
674	a	sp|Q9UK76|JUPI1_HUMAN	Q9UK76	JUPI1_HUMAN	JPT1	154	52.60	Homo sapiens OX=9606	Jupiter microtubule associated homolog 1 	1:Experimental evidence at protein level	1.0000	0.9990	4	4	4	4	4	4	     0	     0	     0			
675	a	sp|Q9UKK9|NUDT5_HUMAN	Q9UKK9	NUDT5_HUMAN	NUDT5	219	19.20	Homo sapiens OX=9606	ADP-sugar pyrophosphatase 	1:Experimental evidence at protein level	1.0000	0.9990	3	3	3	3	3	3	     0	     0	     0	6C(57.0215)		
676	a	sp|Q9UKV3|ACINU_HUMAN	Q9UKV3	ACINU_HUMAN	ACIN1	1341	2.10	Homo sapiens OX=9606	Apoptotic chromatin condensation inducer in the nucleus 	1:Experimental evidence at protein level	1.0000	0.9990	2	2	2	2	2	2	     0	     0	     0	3C(57.0215)		
677	a	sp|Q9UKY7|CDV3_HUMAN	Q9UKY7	CDV3_HUMAN	CDV3	258	27.50	Homo sapiens OX=9606	Protein CDV3 homolog 	1:Experimental evidence at protein level	1.0000	0.9990	2	2	2	3	3	3	     0	     0	     0			
678	a	sp|Q9UL46|PSME2_HUMAN	Q9UL46	PSME2_HUMAN	PSME2	239	14.20	Homo sapiens OX=9606	Proteasome activator complex subunit 2 	1:Experimental evidence at protein level	1.0000	0.9987	2	2	2	2	2	2	     0	     0	     0			
679	a	sp|Q9UMS4|PRP19_HUMAN	Q9UMS4	PRP19_HUMAN	PRPF19	504	32.10	Homo sapiens OX=9606	Pre-mRNA-processing factor 19 	1:Experimental evidence at protein level	1.0000	0.9990	7	7	7	13	13	13	     0	     0	     0	12C(57.0215), 14C(57.0215), 15C(57.0215), 22C(57.0215), 4C(57.0215), 8C(57.0215), N-term(42.0106)		
680	a	sp|Q9UN86|G3BP2_HUMAN	Q9UN86	G3BP2_HUMAN	G3BP2	482	10.60	Homo sapiens OX=9606	Ras GTPase-activating protein-binding protein 2 	1:Experimental evidence at protein level	1.0000	0.9990	3	3	3	3	3	3	     0	     0	     0	9C(57.0215)		
681	a	sp|Q9UNH7|SNX6_HUMAN	Q9UNH7	SNX6_HUMAN	SNX6	406	4.70	Homo sapiens OX=9606	Sorting nexin-6 	1:Experimental evidence at protein level	1.0000	0.9985	2	2	2	2	2	2	     0	     0	     0			
682	a	sp|Q9UNM6|PSD13_HUMAN	Q9UNM6	PSD13_HUMAN	PSMD13	376	22.60	Homo sapiens OX=9606	26S proteasome non-ATPase regulatory subunit 13 	1:Experimental evidence at protein level	1.0000	0.9990	5	5	5	5	5	5	     0	     0	     0	7C(57.0215)		
683	a	sp|Q9UQ80|PA2G4_HUMAN	Q9UQ80	PA2G4_HUMAN	PA2G4	394	21.10	Homo sapiens OX=9606	Proliferation-associated protein 2G4 	1:Experimental evidence at protein level	1.0000	0.9990	5	5	5	8	8	8	     0	     0	     0	13C(57.0215), 15C(57.0215), 5C(57.0215), 7C(57.0215), N-term(42.0106)	Carbamyl(43.005800)	
684	a	sp|Q9UQE7|SMC3_HUMAN	Q9UQE7	SMC3_HUMAN	SMC3	1217	3.60	Homo sapiens OX=9606	Structural maintenance of chromosomes protein 3 	1:Experimental evidence at protein level	1.0000	0.9990	3	3	3	3	3	3	     0	     0	     0			
685	a	sp|Q9Y221|NIP7_HUMAN	Q9Y221	NIP7_HUMAN	NIP7	180	23.90	Homo sapiens OX=9606	60S ribosome subunit biogenesis protein NIP7 homolog 	1:Experimental evidence at protein level	1.0000	0.9990	3	3	3	3	3	3	     0	     0	     0			
686	a	sp|Q9Y262|EIF3L_HUMAN	Q9Y262	EIF3L_HUMAN	EIF3L	564	5.90	Homo sapiens OX=9606	Eukaryotic translation initiation factor 3 subunit L 	1:Experimental evidence at protein level	1.0000	0.9983	3	3	3	3	3	3	     0	     0	     0			
687	a	sp|Q9Y265|RUVB1_HUMAN	Q9Y265	RUVB1_HUMAN	RUVBL1	456	24.30	Homo sapiens OX=9606	RuvB-like 1 	1:Experimental evidence at protein level	1.0000	0.9990	7	7	7	7	7	7	     0	     0	     0			
688	a	sp|Q9Y266|NUDC_HUMAN	Q9Y266	NUDC_HUMAN	NUDC	331	9.10	Homo sapiens OX=9606	Nuclear migration protein nudC 	1:Experimental evidence at protein level	1.0000	0.9990	2	2	2	3	3	3	     0	     0	     0			
689	a	sp|Q9Y277|VDAC3_HUMAN	Q9Y277	VDAC3_HUMAN	VDAC3	283	15.20	Homo sapiens OX=9606	Voltage-dependent anion-selective channel protein 3 	1:Experimental evidence at protein level	1.0000	0.9990	2	2	2	2	2	2	     0	     0	     0			
690	a	sp|Q9Y2B0|CNPY2_HUMAN	Q9Y2B0	CNPY2_HUMAN	CNPY2	182	29.10	Homo sapiens OX=9606	Protein canopy homolog 2 	1:Experimental evidence at protein level	1.0000	0.9990	4	4	4	4	4	4	     0	     0	     0	13C(57.0215), 6C(57.0215), 9C(57.0215)		
691	a	sp|Q9Y2T3|GUAD_HUMAN	Q9Y2T3	GUAD_HUMAN	GDA	454	8.60	Homo sapiens OX=9606	Guanine deaminase 	1:Experimental evidence at protein level	1.0000	0.9990	2	2	2	2	2	2	     0	     0	     0	10C(57.0215)		
692	a	sp|Q9Y2W1|TR150_HUMAN	Q9Y2W1	TR150_HUMAN	THRAP3	955	5.20	Homo sapiens OX=9606	Thyroid hormone receptor-associated protein 3 	1:Experimental evidence at protein level	1.0000	0.9990	3	3	3	3	3	3	     0	     0	     0			
693	a	sp|Q9Y2X3|NOP58_HUMAN	Q9Y2X3	NOP58_HUMAN	NOP58	529	10.20	Homo sapiens OX=9606	Nucleolar protein 58 	1:Experimental evidence at protein level	1.0000	0.9990	3	3	3	3	3	3	     0	     0	     0	5C(57.0215)		
694	a	sp|Q9Y305|ACOT9_HUMAN	Q9Y305	ACOT9_HUMAN	ACOT9	439	7.70	Homo sapiens OX=9606	Acyl-coenzyme A thioesterase 9, mitochondrial 	1:Experimental evidence at protein level	1.0000	0.9990	2	2	2	3	3	3	     0	     0	     0			
695	a	sp|Q9Y3B3|TMED7_HUMAN	Q9Y3B3	TMED7_HUMAN	TMED7	224	14.30	Homo sapiens OX=9606	Transmembrane emp24 domain-containing protein 7 	1:Experimental evidence at protein level	1.0000	0.9989	2	2	2	2	2	2	     0	     0	     0	11C(57.0215), 2C(57.0215)		
696	a	sp|Q9Y3E5|PTH2_HUMAN	Q9Y3E5	PTH2_HUMAN	PTRH2	179	21.20	Homo sapiens OX=9606	Peptidyl-tRNA hydrolase 2, mitochondrial 	1:Experimental evidence at protein level	1.0000	0.9990	2	2	2	2	2	2	     0	     0	     0			
697	a	sp|Q9Y3F4|STRAP_HUMAN	Q9Y3F4	STRAP_HUMAN	STRAP	350	19.70	Homo sapiens OX=9606	Serine-threonine kinase receptor-associated protein 	1:Experimental evidence at protein level	1.0000	0.9990	4	4	4	5	5	5	     0	     0	     0	8C(57.0215)		
698	a	sp|Q9Y3I0|RTCB_HUMAN	Q9Y3I0	RTCB_HUMAN	RTCB	505	7.70	Homo sapiens OX=9606	RNA-splicing ligase RtcB homolog 	1:Experimental evidence at protein level	1.0000	0.9990	2	2	2	2	2	2	     0	     0	     0			
699	a	sp|Q9Y490|TLN1_HUMAN	Q9Y490	TLN1_HUMAN	TLN1	2541	12.20	Homo sapiens OX=9606	Talin-1 	1:Experimental evidence at protein level	1.0000	0.9990	16	16	16	16	16	16	     0	     0	     0	10C(57.0215), 11C(57.0215), 17C(57.0215), 7C(57.0215)		
700	a	sp|Q9Y4L1|HYOU1_HUMAN	Q9Y4L1	HYOU1_HUMAN	HYOU1	999	13.90	Homo sapiens OX=9606	Hypoxia up-regulated protein 1 	1:Experimental evidence at protein level	1.0000	0.9990	7	7	7	8	8	8	     0	     0	     0			
701	a	sp|Q9Y512|SAM50_HUMAN	Q9Y512	SAM50_HUMAN	SAMM50	469	10.40	Homo sapiens OX=9606	Sorting and assembly machinery component 50 homolog 	1:Experimental evidence at protein level	1.0000	0.9990	2	2	2	2	2	2	     0	     0	     0	11C(57.0215)		
702	a	sp|Q9Y5B9|SP16H_HUMAN	Q9Y5B9	SP16H_HUMAN	SUPT16H	1047	3.50	Homo sapiens OX=9606	FACT complex subunit SPT16 	1:Experimental evidence at protein level	1.0000	0.9990	2	2	2	2	2	2	     0	     0	     0			
703	a	sp|Q9Y5K5|UCHL5_HUMAN	Q9Y5K5	UCHL5_HUMAN	UCHL5	329	9.10	Homo sapiens OX=9606	Ubiquitin carboxyl-terminal hydrolase isozyme L5 	1:Experimental evidence at protein level	1.0000	0.9988	2	2	2	2	2	2	     0	     0	     0			
704	a	sp|Q9Y5S9|RBM8A_HUMAN	Q9Y5S9	RBM8A_HUMAN	RBM8A	174	25.90	Homo sapiens OX=9606	RNA-binding protein 8A 	1:Experimental evidence at protein level	1.0000	0.9990	2	2	2	2	2	2	     0	     0	     0	N-term(42.0106)		
705	a	sp|Q9Y617|SERC_HUMAN	Q9Y617	SERC_HUMAN	PSAT1	370	15.40	Homo sapiens OX=9606	Phosphoserine aminotransferase 	1:Experimental evidence at protein level	1.0000	0.9990	4	4	4	4	4	4	     0	     0	     0	17C(57.0215)	Delta:H(4)C(3)(40.031300)	
706	a	sp|Q9Y678|COPG1_HUMAN	Q9Y678	COPG1_HUMAN	COPG1	874	4.30	Homo sapiens OX=9606	Coatomer subunit gamma-1 	1:Experimental evidence at protein level	1.0000	0.9990	2	2	2	2	2	2	     0	     0	     0	8C(57.0215)		
707	a	sp|Q9Y696|CLIC4_HUMAN	Q9Y696	CLIC4_HUMAN	CLIC4	253	38.70	Homo sapiens OX=9606	Chloride intracellular channel protein 4 	1:Experimental evidence at protein level	1.0000	0.9990	6	6	6	6	6	6	     0	     0	     0	10C(57.0215)		
708	a	sp|Q9Y6B6|SAR1B_HUMAN	Q9Y6B6	SAR1B_HUMAN	SAR1B	198	13.10	Homo sapiens OX=9606	GTP-binding protein SAR1b 	1:Experimental evidence at protein level	1.0000	0.9989	2	2	2	2	2	2	     0	     0	     0			
709	a	sp|Q9Y6C9|MTCH2_HUMAN	Q9Y6C9	MTCH2_HUMAN	MTCH2	303	21.80	Homo sapiens OX=9606	Mitochondrial carrier homolog 2 	1:Experimental evidence at protein level	1.0000	0.9990	4	4	4	4	4	4	     0	     0	     0	2C(57.0215), 3C(57.0215)		
710	a	sp|E9PAV3|NACAM_HUMAN	E9PAV3	NACAM_HUMAN	NACA	2078	1.10	Homo sapiens OX=9606	Nascent polypeptide-associated complex subunit alpha, muscle-specific form 	1:Experimental evidence at protein level	1.0000	0.9987	2	1	2	2	1	2	     0	     0	     0			
711	a	sp|O00571|DDX3X_HUMAN	O00571	DDX3X_HUMAN	DDX3X	662	18.90	Homo sapiens OX=9606	ATP-dependent RNA helicase DDX3X 	1:Experimental evidence at protein level	1.0000	0.9990	7	1	7	10	2	10	     0	     0	     0	16C(57.0215), 2C(57.0215), 6C(57.0215), N-term(42.0106)		
712	a	sp|O14818|PSA7_HUMAN	O14818	PSA7_HUMAN	PSMA7	248	22.60	Homo sapiens OX=9606	Proteasome subunit alpha type-7 	1:Experimental evidence at protein level	1.0000	0.9990	3	1	3	3	1	3	     0	     0	     0	2C(57.0215), 9C(57.0215)		
713	a	sp|O43707|ACTN4_HUMAN	O43707	ACTN4_HUMAN	ACTN4	911	29.10	Homo sapiens OX=9606	Alpha-actinin-4 	1:Experimental evidence at protein level	1.0000	0.9990	19	15	19	23	19	23	     0	     0	     0	2C(57.0215)		
713	b	sp|P12814|ACTN1_HUMAN	P12814	ACTN1_HUMAN	ACTN1	892	15.60	Homo sapiens OX=9606	Alpha-actinin-1 	1:Experimental evidence at protein level	1.0000	0.9990	11	8	8	11	8	8	     0	     0	     0	2C(57.0215)		
713	c	sp|Q08043|ACTN3_HUMAN	Q08043	ACTN3_HUMAN	ACTN3	901	1.70	Homo sapiens OX=9606	Alpha-actinin-3 	1:Experimental evidence at protein level	0.9998	0.9990	2	1	1	2	1	1	     0	     0	     0			
714	a	sp|O60814|H2B1K_HUMAN	O60814	H2B1K_HUMAN	H2BC12	126	27.00	Homo sapiens OX=9606	Histone H2B type 1-K 	1:Experimental evidence at protein level	1.0000	0.9990	3	0	3	12	0	12	     0	     0	     0	5M(15.9949)		sp|P06899|H2B1J_HUMAN, sp|P23527|H2B1O_HUMAN, sp|P33778|H2B1B_HUMAN, sp|P57053|H2BFS_HUMAN, sp|P58876|H2B1D_HUMAN, sp|P62807|H2B1C_HUMAN, sp|Q16778|H2B2E_HUMAN, sp|Q5QNW6|H2B2F_HUMAN, sp|Q8N257|H2B3B_HUMAN, sp|Q93079|H2B1H_HUMAN, sp|Q99877|H2B1N_HUMAN, sp|Q99879|H2B1M_HUMAN, sp|Q99880|H2B1L_HUMAN
715	a	sp|O75367|H2AY_HUMAN	O75367	H2AY_HUMAN	MACROH2A1	372	29.00	Homo sapiens OX=9606	Core histone macro-H2A.1 	1:Experimental evidence at protein level	1.0000	0.9990	7	6	7	9	8	9	     0	     0	     0	2C(57.0215), 5C(57.0215)	Carbamyl(43.005800)	
716	a	sp|P00367|DHE3_HUMAN	P00367	DHE3_HUMAN	GLUD1	558	17.40	Homo sapiens OX=9606	Glutamate dehydrogenase 1, mitochondrial 	1:Experimental evidence at protein level	1.0000	0.9990	6	1	6	8	1	8	     0	     0	     0	13C(57.0215), 2C(57.0215)		
717	a	sp|P02769|ALBU_BOVIN	P02769	ALBU_BOVIN	ALB	607	30.00	Bos taurus	Serum albumin 	1:Experimental evidence at protein level	1.0000	0.9990	15	11	15	18	13	18	     0	     0	     0	10C(57.0215), 11C(57.0215), 1M(15.9949), 2C(57.0215), 3C(57.0215), 6C(57.0215), 9C(57.0215)		
718	a	sp|P04899|GNAI2_HUMAN	P04899	GNAI2_HUMAN	GNAI2	355	15.80	Homo sapiens OX=9606	Guanine nucleotide-binding protein G(i) subunit alpha-2 	1:Experimental evidence at protein level	1.0000	0.9990	4	2	4	4	2	4	     0	     0	     0	12C(57.0215), 8C(57.0215), 9C(57.0215)		
718	b	sp|P08754|GNAI3_HUMAN	P08754	GNAI3_HUMAN	GNAI3	354	10.70	Homo sapiens OX=9606	Guanine nucleotide-binding protein G(i) subunit alpha-3 	1:Experimental evidence at protein level	0.9995	0.9936	3	1	1	3	1	1	     0	     0	     0	12C(57.0215)		
719	a	sp|P04908|H2A1B_HUMAN	P04908	H2A1B_HUMAN	H2AC4	130	22.50	Homo sapiens OX=9606	Histone H2A type 1-B/E 	1:Experimental evidence at protein level	1.0000	0.9990	2	0	2	12	0	12	     0	     0	     0		Ammonium(17.026500), Carbamyl(43.005800), GG(114.042900)	sp|P0C0S8|H2A1_HUMAN, sp|P20671|H2A1D_HUMAN, sp|Q16777|H2A2C_HUMAN, sp|Q6FI13|H2A2A_HUMAN, sp|Q7L7L0|H2A3_HUMAN, sp|Q93077|H2A1C_HUMAN, sp|Q96KK5|H2A1H_HUMAN, sp|Q99878|H2A1J_HUMAN, sp|Q9BTM1|H2AJ_HUMAN
719	b	sp|P0C0S5|H2AZ_HUMAN	P0C0S5	H2AZ_HUMAN	H2AZ1	128	18.00	Homo sapiens OX=9606	Histone H2A.Z 	1:Experimental evidence at protein level	0.9998	0.9987	1	0	1	1	0	1	     0	     0	     0			sp|Q71UI9|H2AV_HUMAN
720	a	sp|P05023|AT1A1_HUMAN	P05023	AT1A1_HUMAN	ATP1A1	1023	7.40	Homo sapiens OX=9606	Sodium/potassium-transporting ATPase subunit alpha-1 	1:Experimental evidence at protein level	1.0000	0.9989	6	3	6	6	3	6	     0	     0	     0			
720	b	sp|P50993|AT1A2_HUMAN	P50993	AT1A2_HUMAN	ATP1A2	1020	5.30	Homo sapiens OX=9606	Sodium/potassium-transporting ATPase subunit alpha-2 	1:Experimental evidence at protein level	1.0000	0.9990	4	1	1	4	1	1	     0	     0	     0			
721	a	sp|P05787|K2C8_HUMAN	P05787	K2C8_HUMAN	KRT8	483	39.30	Homo sapiens OX=9606	Keratin, type II cytoskeletal 8 	1:Experimental evidence at protein level	1.0000	0.9990	12	10	12	18	15	18	     0	     0	     0	15M(15.9949), 3M(15.9949), 6M(15.9949), 8M(15.9949)	Cation:Fe[III](52.911400), GG(114.042900)	
722	a	sp|P07437|TBB5_HUMAN	P07437	TBB5_HUMAN	TUBB	444	47.10	Homo sapiens OX=9606	Tubulin beta chain 	1:Experimental evidence at protein level	1.0000	0.9990	12	4	12	36	6	36	     0	     0	     0	10C(57.0215), 17M(15.9949), 23C(57.0215), 5C(57.0215), 5M(15.9949), 7C(57.0215)	Carbamyl(43.005800)	
722	b	sp|P68371|TBB4B_HUMAN	P68371	TBB4B_HUMAN	TUBB4B	445	46.10	Homo sapiens OX=9606	Tubulin beta-4B chain 	1:Experimental evidence at protein level	1.0000	0.9990	10	0	3	32	0	4	     0	     0	     0			
722	c	sp|Q13885|TBB2A_HUMAN	Q13885	TBB2A_HUMAN	TUBB2A	445	36.20	Homo sapiens OX=9606	Tubulin beta-2A chain 	1:Experimental evidence at protein level	1.0000	0.9990	9	0	1	30	0	2	     0	     0	     0	5C(57.0215), 7C(57.0215)		sp|Q9BVA1|TBB2B_HUMAN
722	d	sp|A6NNZ2|TBB8B_HUMAN	A6NNZ2	TBB8B_HUMAN	TUBB8B	444	16.00	Homo sapiens OX=9606	Tubulin beta 8B 	1:Experimental evidence at protein level	1.0000	0.9990	3	0	1	7	0	1	     0	     0	     0	23C(57.0215)		sp|Q3ZCM7|TBB8_HUMAN
722	e	sp|Q9BUF5|TBB6_HUMAN	Q9BUF5	TBB6_HUMAN	TUBB6	446	15.70	Homo sapiens OX=9606	Tubulin beta-6 chain 	1:Experimental evidence at protein level	1.0000	0.9988	4	2	2	7	2	2	     0	     0	     0	10C(57.0215)		
723	a	sp|P07900|HS90A_HUMAN	P07900	HS90A_HUMAN	HSP90AA1	732	36.70	Homo sapiens OX=9606	Heat shock protein HSP 90-alpha 	1:Experimental evidence at protein level	1.0000	0.9990	20	11	14	32	19	23	     0	     0	     0	16C(57.0215), 19M(15.9949), 4M(15.9949), 6C(57.0215), 7C(57.0215)		
723	b	sp|P08238|HS90B_HUMAN	P08238	HS90B_HUMAN	HSP90AB1	724	33.70	Homo sapiens OX=9606	Heat shock protein HSP 90-beta 	1:Experimental evidence at protein level	1.0000	0.9990	18	8	18	37	22	37	     0	     0	     0	10M(15.9949), 15C(57.0215), 16C(57.0215), 6C(57.0215), 7C(57.0215), 7M(15.9949)	Ammonium(17.026500), Cation:Fe[II](53.919200), Cation:Na(21.981900), Delta:H(4)C(3)(40.031300)	
723	d	sp|Q58FG1|HS904_HUMAN	Q58FG1	HS904_HUMAN	HSP90AA4P	418	5.70	Homo sapiens OX=9606	Putative heat shock protein HSP 90-alpha A4 	5:Protein uncertain	0.9925	0.9734	2	1	1	2	1	1	     0	     0	     0			
723	c	sp|Q58FF7|H90B3_HUMAN	Q58FF7	H90B3_HUMAN	HSP90AB3P	597	21.60	Homo sapiens OX=9606	Putative heat shock protein HSP 90-beta-3 	5:Protein uncertain	0.9996	0.9168	9	1	1	13	1	1	     0	     0	     0			
724	a	sp|P08559|ODPA_HUMAN	P08559	ODPA_HUMAN	PDHA1	390	16.40	Homo sapiens OX=9606	Pyruvate dehydrogenase E1 component subunit alpha, somatic form, mitochondrial 	1:Experimental evidence at protein level	1.0000	0.9990	3	2	3	3	2	3	     0	     0	     0	12C(57.0215), 13C(57.0215), 23C(57.0215), 3C(57.0215), 6C(57.0215)		
725	a	sp|P09429|HMGB1_HUMAN	P09429	HMGB1_HUMAN	HMGB1	215	13.50	Homo sapiens OX=9606	High mobility group protein B1 	1:Experimental evidence at protein level	1.0000	0.9989	3	1	3	3	1	3	     0	     0	     0			
726	a	sp|P09651|ROA1_HUMAN	P09651	ROA1_HUMAN	HNRNPA1	372	36.80	Homo sapiens OX=9606	Heterogeneous nuclear ribonucleoprotein A1 	1:Experimental evidence at protein level	1.0000	0.9990	10	5	10	17	8	17	     0	     0	     0	12C(57.0215), 17M(15.9949), 9C(57.0215)	Dimethyl(28.031300)	
727	a	sp|P0DN76|U2AF5_HUMAN	P0DN76	U2AF5_HUMAN	U2AF1L5	240	18.30	Homo sapiens OX=9606	Splicing factor U2AF 35 kDa subunit-like protein 	1:Experimental evidence at protein level	1.0000	0.9990	3	0	3	3	0	3	     0	     0	     0	10C(57.0215), 4C(57.0215), 5C(57.0215)		sp|Q01081|U2AF1_HUMAN
728	a	sp|P11142|HSP7C_HUMAN	P11142	HSP7C_HUMAN	HSPA8	646	39.60	Homo sapiens OX=9606	Heat shock cognate 71 kDa protein 	1:Experimental evidence at protein level	1.0000	0.9990	14	9	14	25	19	25	     0	     0	     0	14C(57.0215)	Carbamyl(43.005800), Carbamyl(43.005800), Carbamyl(43.005800), Cation:Fe[III](52.911400)	
728	b	sp|P0DMV8|HS71A_HUMAN	P0DMV8	HS71A_HUMAN	HSPA1A	641	40.90	Homo sapiens OX=9606	Heat shock 70 kDa protein 1A 	1:Experimental evidence at protein level	1.0000	0.9990	16	0	14	21	0	19	     0	     0	     0	14C(57.0215), 20M(15.9949), 6C(57.0215), 7C(57.0215)		sp|P0DMV9|HS71B_HUMAN
729	a	sp|P11940|PABP1_HUMAN	P11940	PABP1_HUMAN	PABPC1	636	20.80	Homo sapiens OX=9606	Polyadenylate-binding protein 1 	1:Experimental evidence at protein level	1.0000	0.9990	7	3	7	7	3	7	     0	     0	     0			
730	a	sp|P13693|TCTP_HUMAN	P13693	TCTP_HUMAN	TPT1	172	15.70	Homo sapiens OX=9606	Translationally-controlled tumor protein 	1:Experimental evidence at protein level	1.0000	0.9990	2	1	2	2	1	2	     0	     0	     0			
731	a	sp|P13797|PLST_HUMAN	P13797	PLST_HUMAN	PLS3	630	19.00	Homo sapiens OX=9606	Plastin-3 	1:Experimental evidence at protein level	1.0000	0.9990	7	5	7	8	6	8	     0	     0	     0	10C(57.0215), 4C(57.0215), 5C(57.0215)		
732	a	sp|P14625|ENPL_HUMAN	P14625	ENPL_HUMAN	HSP90B1	803	22.00	Homo sapiens OX=9606	Endoplasmin 	1:Experimental evidence at protein level	1.0000	0.9990	12	11	12	15	14	15	     0	     0	     0	15C(57.0215), 16C(57.0215), 6C(57.0215)		
733	a	sp|P16152|CBR1_HUMAN	P16152	CBR1_HUMAN	CBR1	277	27.10	Homo sapiens OX=9606	Carbonyl reductase [NADPH] 1 	1:Experimental evidence at protein level	1.0000	0.9990	4	2	4	4	2	4	     0	     0	     0			
734	a	sp|P17612|KAPCA_HUMAN	P17612	KAPCA_HUMAN	PRKACA	351	8.30	Homo sapiens OX=9606	cAMP-dependent protein kinase catalytic subunit alpha 	1:Experimental evidence at protein level	1.0000	0.9940	2	0	2	2	0	2	     0	     0	     0	5C(57.0215)		sp|P22694|KAPCB_HUMAN
735	a	sp|P17812|PYRG1_HUMAN	P17812	PYRG1_HUMAN	CTPS1	591	4.70	Homo sapiens OX=9606	CTP synthase 1 	1:Experimental evidence at protein level	1.0000	0.9990	2	1	2	2	1	2	     0	     0	     0	2C(57.0215)		
736	a	sp|P18669|PGAM1_HUMAN	P18669	PGAM1_HUMAN	PGAM1	254	30.30	Homo sapiens OX=9606	Phosphoglycerate mutase 1 	1:Experimental evidence at protein level	1.0000	0.9990	5	3	5	7	4	7	     0	     0	     0	12C(57.0215), 9M(15.9949)		
737	a	sp|P21281|VATB2_HUMAN	P21281	VATB2_HUMAN	ATP6V1B2	511	6.70	Homo sapiens OX=9606	V-type proton ATPase subunit B, brain isoform 	1:Experimental evidence at protein level	1.0000	0.9990	2	1	2	2	1	2	     0	     0	     0	19C(57.0215)		
738	a	sp|P21333|FLNA_HUMAN	P21333	FLNA_HUMAN	FLNA	2647	33.20	Homo sapiens OX=9606	Filamin-A 	1:Experimental evidence at protein level	1.0000	0.9990	48	46	48	67	63	67	     0	     0	     0	11C(57.0215), 12C(57.0215), 13C(57.0215), 14C(57.0215), 15C(57.0215), 1C(57.0215), 35C(57.0215), 3C(57.0215), 5C(57.0215), 6C(57.0215), 9C(57.0215)	Delta:H(4)C(3)(40.031300)	
739	a	sp|P22087|FBRL_HUMAN	P22087	FBRL_HUMAN	FBL	321	18.40	Homo sapiens OX=9606	rRNA 2'-O-methyltransferase fibrillarin 	1:Experimental evidence at protein level	1.0000	0.9990	4	2	4	4	2	4	     0	     0	     0	3C(57.0215)		
740	a	sp|P22392|NDKB_HUMAN	P22392	NDKB_HUMAN	NME2	152	44.70	Homo sapiens OX=9606	Nucleoside diphosphate kinase B 	1:Experimental evidence at protein level	1.0000	0.9990	5	0	5	8	0	8	     0	     0	     0	2M(15.9949)		
740	b	sp|P15531|NDKA_HUMAN	P15531	NDKA_HUMAN	NME1	152	38.20	Homo sapiens OX=9606	Nucleoside diphosphate kinase A 	1:Experimental evidence at protein level	1.0000	0.9990	4	2	2	7	2	2	     0	     0	     0			
741	a	sp|P27635|RL10_HUMAN	P27635	RL10_HUMAN	RPL10	214	32.20	Homo sapiens OX=9606	60S ribosomal protein L10 	1:Experimental evidence at protein level	1.0000	0.9990	4	2	4	5	3	5	     0	     0	     0	10M(15.9949), 7C(57.0215)		
742	a	sp|P30153|2AAA_HUMAN	P30153	2AAA_HUMAN	PPP2R1A	589	16.10	Homo sapiens OX=9606	Serine/threonine-protein phosphatase 2A 65 kDa regulatory subunit A alpha isoform 	1:Experimental evidence at protein level	1.0000	0.9990	6	4	6	7	5	7	     0	     0	     0	9C(57.0215)		
743	a	sp|P35579|MYH9_HUMAN	P35579	MYH9_HUMAN	MYH9	1960	20.50	Homo sapiens OX=9606	Myosin-9 	1:Experimental evidence at protein level	1.0000	0.9990	27	24	27	31	28	31	     0	     0	     0	14C(57.0215), 4C(57.0215), 8C(57.0215)		
744	a	sp|P36507|MP2K2_HUMAN	P36507	MP2K2_HUMAN	MAP2K2	400	8.50	Homo sapiens OX=9606	Dual specificity mitogen-activated protein kinase kinase 2 	1:Experimental evidence at protein level	1.0000	0.9990	2	1	2	2	1	2	     0	     0	     0	2C(57.0215)		
745	a	sp|P38159|RBMX_HUMAN	P38159	RBMX_HUMAN	RBMX	391	6.90	Homo sapiens OX=9606	RNA-binding motif protein, X chromosome 	1:Experimental evidence at protein level	1.0000	0.9990	2	1	2	3	1	3	     0	     0	     0			
746	a	sp|P39023|RL3_HUMAN	P39023	RL3_HUMAN	RPL3	403	26.60	Homo sapiens OX=9606	60S ribosomal protein L3 	1:Experimental evidence at protein level	1.0000	0.9990	8	6	8	13	11	13	     0	     0	     0	11C(57.0215), 16M(15.9949), 7C(57.0215)		
747	a	sp|P41091|IF2G_HUMAN	P41091	IF2G_HUMAN	EIF2S3	472	16.70	Homo sapiens OX=9606	Eukaryotic translation initiation factor 2 subunit 3 	1:Experimental evidence at protein level	1.0000	0.9990	5	1	5	6	2	6	     0	     0	     0	11C(57.0215), 6C(57.0215)		
748	a	sp|P42771|CDN2A_HUMAN	P42771	CDN2A_HUMAN	CDKN2A	156	21.80	Homo sapiens OX=9606	Cyclin-dependent kinase inhibitor 2A 	1:Experimental evidence at protein level	1.0000	0.9990	2	1	2	2	1	2	     0	     0	     0	14C(57.0215)		
749	a	sp|P47985|UCRI_HUMAN	P47985	UCRI_HUMAN	UQCRFS1	274	25.20	Homo sapiens OX=9606	Cytochrome b-c1 complex subunit Rieske, mitochondrial 	1:Experimental evidence at protein level	1.0000	0.9990	3	1	3	3	1	3	     0	     0	     0			
750	a	sp|P50395|GDIB_HUMAN	P50395	GDIB_HUMAN	GDI2	445	27.60	Homo sapiens OX=9606	Rab GDP dissociation inhibitor beta 	1:Experimental evidence at protein level	1.0000	0.9990	7	4	7	7	4	7	     0	     0	     0	12C(57.0215), 8C(57.0215)		
751	a	sp|P50502|F10A1_HUMAN	P50502	F10A1_HUMAN	ST13	369	7.90	Homo sapiens OX=9606	Hsc70-interacting protein 	1:Experimental evidence at protein level	1.0000	0.9990	2	0	2	2	0	2	     0	     0	     0	16C(57.0215)		
752	a	sp|P51812|KS6A3_HUMAN	P51812	KS6A3_HUMAN	RPS6KA3	740	4.70	Homo sapiens OX=9606	Ribosomal protein S6 kinase alpha-3 	1:Experimental evidence at protein level	1.0000	0.9990	2	1	2	2	1	2	     0	     0	     0			
753	a	sp|P52907|CAZA1_HUMAN	P52907	CAZA1_HUMAN	CAPZA1	286	35.30	Homo sapiens OX=9606	F-actin-capping protein subunit alpha-1 	1:Experimental evidence at protein level	1.0000	0.9990	5	4	5	7	5	7	     0	     0	     0	11C(57.0215)		
754	a	sp|P55036|PSMD4_HUMAN	P55036	PSMD4_HUMAN	PSMD4	377	14.10	Homo sapiens OX=9606	26S proteasome non-ATPase regulatory subunit 4 	1:Experimental evidence at protein level	1.0000	0.9990	2	1	2	2	1	2	     0	     0	     0	16C(57.0215)		
755	a	sp|P55786|PSA_HUMAN	P55786	PSA_HUMAN	NPEPPS	919	4.00	Homo sapiens OX=9606	Puromycin-sensitive aminopeptidase 	1:Experimental evidence at protein level	1.0000	0.9989	3	2	3	3	2	3	     0	     0	     0			
756	e	sp|P0CG38|POTEI_HUMAN	P0CG38	POTEI_HUMAN	POTEI	1075	10.50	Homo sapiens OX=9606	POTE ankyrin domain family member I 	3:Protein inferred from homology	1.0000	0.9990	9	1	3	19	1	6	     0	     0	     0	12M(15.9949), 16C(57.0215), 1C(57.0215), 27M(15.9949), 2C(57.0215), 3M(15.9949), 9C(57.0215)		
756	d	sp|P68133|ACTS_HUMAN	P68133	ACTS_HUMAN	ACTA1	377	39.50	Homo sapiens OX=9606	Actin, alpha skeletal muscle 	1:Experimental evidence at protein level	1.0000	0.9893	11	1	1	47	2	2	     0	     0	     0	8M(15.9949)		
756	a	sp|P60709|ACTB_HUMAN	P60709	ACTB_HUMAN	ACTB	375	64.00	Homo sapiens OX=9606	Actin, cytoplasmic 1 	1:Experimental evidence at protein level	1.0000	0.9990	18	2	18	92	3	92	     0	     0	     0	12M(15.9949), 13M(15.9949), 14M(15.9949), 15M(15.9949), 16C(57.0215), 1C(57.0215), 27M(15.9949), 2C(57.0215), 4C(57.0215), 5M(15.9949), 6M(15.9949), 8M(15.9949), N-term(42.0106)	Amidine(41.026500), Carbamyl(43.005800), Cation:Ca[II](37.946900), Cation:Ca[II](37.946900), Cation:Ca[II](37.946900), Cation:Na(21.981900), Cation:Na(21.981900), Cation:Na(21.981900)	
756	f	sp|Q562R1|ACTBL_HUMAN	Q562R1	ACTBL_HUMAN	ACTBL2	376	31.10	Homo sapiens OX=9606	Beta-actin-like protein 2 	1:Experimental evidence at protein level	1.0000	0.9990	6	4	4	34	6	6	     0	     0	     0	1C(57.0215), 6M(15.9949)		
756	c	sp|P68032|ACTC_HUMAN	P68032	ACTC_HUMAN	ACTC1	377	39.80	Homo sapiens OX=9606	Actin, alpha cardiac muscle 1 	1:Experimental evidence at protein level	1.0000	0.9990	12	0	5	48	0	14	     0	     0	     0	12M(15.9949), 14M(15.9949), 2C(57.0215)		
756	b	sp|P63261|ACTG_HUMAN	P63261	ACTG_HUMAN	ACTG1	375	64.00	Homo sapiens OX=9606	Actin, cytoplasmic 2 	1:Experimental evidence at protein level	1.0000	0.9990	17	1	1	90	1	1	     0	     0	     0	16C(57.0215), N-term(42.0106)		
757	a	sp|P60891|PRPS1_HUMAN	P60891	PRPS1_HUMAN	PRPS1	318	15.10	Homo sapiens OX=9606	Ribose-phosphate pyrophosphokinase 1 	1:Experimental evidence at protein level	0.9976	0.9943	1	0	1	1	0	1	     0	     0	     0			
757	b	sp|P11908|PRPS2_HUMAN	P11908	PRPS2_HUMAN	PRPS2	318	18.20	Homo sapiens OX=9606	Ribose-phosphate pyrophosphokinase 2 	1:Experimental evidence at protein level	0.9900	0.8677	1	1	1	1	1	1	     0	     0	     0		Label:13C(9)+Phospho(88.996500)	
758	a	sp|P61019|RAB2A_HUMAN	P61019	RAB2A_HUMAN	RAB2A	212	22.20	Homo sapiens OX=9606	Ras-related protein Rab-2A 	1:Experimental evidence at protein level	1.0000	0.9990	2	1	2	2	1	2	     0	     0	     0			
759	a	sp|P61163|ACTZ_HUMAN	P61163	ACTZ_HUMAN	ACTR1A	376	8.80	Homo sapiens OX=9606	Alpha-centractin 	1:Experimental evidence at protein level	1.0000	0.9990	2	1	2	3	2	3	     0	     0	     0	2C(57.0215)		
760	a	sp|P61586|RHOA_HUMAN	P61586	RHOA_HUMAN	RHOA	193	21.20	Homo sapiens OX=9606	Transforming protein RhoA 	1:Experimental evidence at protein level	1.0000	0.9990	3	1	3	4	2	4	     0	     0	     0	3C(57.0215)		
760	b	sp|P62745|RHOB_HUMAN	P62745	RHOB_HUMAN	RHOB	196	15.80	Homo sapiens OX=9606	Rho-related GTP-binding protein RhoB 	1:Experimental evidence at protein level	0.9992	0.9954	2	1	1	2	1	1	     0	     0	     0	3C(57.0215)		
761	a	sp|P62701|RS4X_HUMAN	P62701	RS4X_HUMAN	RPS4X	263	25.50	Homo sapiens OX=9606	40S ribosomal protein S4, X isoform 	1:Experimental evidence at protein level	1.0000	0.9988	6	3	6	8	3	8	     0	     0	     0	7C(57.0215)	Carbamyl(43.005800)	
762	a	sp|P62805|H4_HUMAN	P62805	H4_HUMAN	H4C1	103	54.40	Homo sapiens OX=9606	Histone H4 	1:Experimental evidence at protein level	1.0000	0.9988	9	8	9	14	13	14	     0	     0	     0	5M(15.9949), 7M(15.9949)		
763	a	sp|P62879|GBB2_HUMAN	P62879	GBB2_HUMAN	GNB2	340	16.20	Homo sapiens OX=9606	Guanine nucleotide-binding protein G(I)/G(S)/G(T) subunit beta-2 	1:Experimental evidence at protein level	1.0000	0.9990	3	1	3	4	1	4	     0	     0	     0	11C(57.0215), 12C(57.0215), 2C(57.0215), 3C(57.0215)		
764	a	sp|P62937|PPIA_HUMAN	P62937	PPIA_HUMAN	PPIA	165	41.80	Homo sapiens	Peptidyl-prolyl cis-trans isomerase A 	1:Experimental evidence at protein level	1.0000	0.9990	4	3	4	15	14	15	     0	     0	     0	24C(57.0215), 6C(57.0215), 6M(15.9949), 7C(57.0215), 9M(15.9949)	Amidine(41.026500), Carbamyl(43.005800), Cation:Fe[II](53.919200)	
764	b	sp|A0A0B4J2A2|PAL4C_HUMAN	A0A0B4J2A2	PAL4C_HUMAN	PPIAL4C	164	25.00	Homo sapiens OX=9606	Peptidyl-prolyl cis-trans isomerase A-like 4C 	2:Experimental evidence at transcript level	0.9998	0.9990	2	0	1	2	0	1	     0	     0	     0	24C(57.0215)		
765	a	sp|P62979|RS27A_HUMAN	P62979	RS27A_HUMAN	RPS27A	156	50.00	Homo sapiens	Ubiquitin-40S ribosomal protein S27a 	1:Experimental evidence at protein level	1.0000	0.9990	2	2	2	2	2	2	     0	     0	     0	1C(57.0215), 2C(57.0215), 6C(57.0215), 7C(57.0215)		
765	b	sp|P62987|RL40_HUMAN	P62987	RL40_HUMAN	UBA52	128	43.80	Homo sapiens OX=9606	Ubiquitin-60S ribosomal protein L40 	1:Experimental evidence at protein level	1.0000	0.9965	1	1	1	2	2	2	     0	     0	     0	1C(57.0215)	Delta:H(4)C(3)(40.031300)	
766	a	sp|P63151|2ABA_HUMAN	P63151	2ABA_HUMAN	PPP2R2A	447	6.90	Homo sapiens OX=9606	Serine/threonine-protein phosphatase 2A 55 kDa regulatory subunit B alpha isoform 	1:Experimental evidence at protein level	1.0000	0.9989	2	1	2	2	1	2	     0	     0	     0			
767	a	sp|P63167|DYL1_HUMAN	P63167	DYL1_HUMAN	DYNLL1	89	49.40	Homo sapiens OX=9606	Dynein light chain 1, cytoplasmic 	1:Experimental evidence at protein level	1.0000	0.9990	3	1	3	3	1	3	     0	     0	     0	15C(57.0215), 7C(57.0215)		
768	a	sp|P63241|IF5A1_HUMAN	P63241	IF5A1_HUMAN	EIF5A	154	59.10	Homo sapiens OX=9606	Eukaryotic translation initiation factor 5A-1 	1:Experimental evidence at protein level	1.0000	0.9990	8	2	8	13	2	13	     0	     0	     0	21C(57.0215), 5C(57.0215), 6C(57.0215), N-term(42.0106)		
769	a	sp|P67809|YBOX1_HUMAN	P67809	YBOX1_HUMAN	YBX1	324	37.00	Homo sapiens OX=9606	Y-box-binding protein 1 	1:Experimental evidence at protein level	1.0000	0.9990	7	5	7	8	5	8	     0	     0	     0	N-term(42.0106)		
769	b	sp|P16989|YBOX3_HUMAN	P16989	YBOX3_HUMAN	YBX3	372	20.20	Homo sapiens OX=9606	Y-box-binding protein 3 	1:Experimental evidence at protein level	1.0000	0.9990	4	2	2	5	2	2	     0	     0	     0	N-term(42.0106)		
770	a	sp|P68036|UB2L3_HUMAN	P68036	UB2L3_HUMAN	UBE2L3	154	24.00	Homo sapiens OX=9606	Ubiquitin-conjugating enzyme E2 L3 	1:Experimental evidence at protein level	1.0000	0.9990	2	1	2	2	1	2	     0	     0	     0			
771	a	sp|P68104|EF1A1_HUMAN	P68104	EF1A1_HUMAN	EEF1A1	462	38.10	Homo sapiens OX=9606	Elongation factor 1-alpha 1 	1:Experimental evidence at protein level	1.0000	0.9990	13	0	13	68	0	68	     0	     0	     0	10M(15.9949), 15C(57.0215), 15M(15.9949), 16C(57.0215), 1M(15.9949), 3C(57.0215), 3M(15.9949), 4M(15.9949), 9M(15.9949)	Amidine(41.026500), Cation:Ca[II](37.946900), Cation:Ca[II](37.946900), DTT(151.996500), Delta:H(4)C(3)(40.031300), Dimethyl(28.031300), GlycerylPE(197.045300), GlycerylPE(197.045300), GlycerylPE(197.045300), GlycerylPE(197.045300), GlycerylPE(197.045300), GlycerylPE(197.045300), Methyl(14.015600)	
771	b	sp|Q05639|EF1A2_HUMAN	Q05639	EF1A2_HUMAN	EEF1A2	463	28.70	Homo sapiens OX=9606	Elongation factor 1-alpha 2 	1:Experimental evidence at protein level	1.0000	0.9990	8	2	2	24	3	3	     0	     0	     0		Delta:H(4)C(3)(40.031300)	
772	a	sp|Q00610|CLH1_HUMAN	Q00610	CLH1_HUMAN	CLTC	1675	17.20	Homo sapiens OX=9606	Clathrin heavy chain 1 	1:Experimental evidence at protein level	1.0000	0.9990	17	16	17	18	17	18	     0	     0	     0	11C(57.0215), 13C(57.0215), 3C(57.0215), 5C(57.0215), 7C(57.0215)		
773	a	sp|Q01082|SPTB2_HUMAN	Q01082	SPTB2_HUMAN	SPTBN1	2364	13.10	Homo sapiens OX=9606	Spectrin beta chain, non-erythrocytic 1 	1:Experimental evidence at protein level	1.0000	0.9990	17	16	17	18	17	18	     0	     0	     0	11C(57.0215), 16C(57.0215)		
774	a	sp|Q01105|SET_HUMAN	Q01105	SET_HUMAN	SET	290	26.60	Homo sapiens OX=9606	Protein SET 	1:Experimental evidence at protein level	1.0000	0.9990	6	3	6	8	4	8	     0	     0	     0			
775	a	sp|Q02218|ODO1_HUMAN	Q02218	ODO1_HUMAN	OGDH	1023	3.20	Homo sapiens OX=9606	2-oxoglutarate dehydrogenase, mitochondrial 	1:Experimental evidence at protein level	1.0000	0.9990	2	1	2	3	2	3	     0	     0	     0			
776	c	sp|P13645|K1C10_HUMAN	P13645	K1C10_HUMAN	KRT10	584	3.10	Homo sapiens	Keratin, type I cytoskeletal 10 	1:Experimental evidence at protein level	0.9910	0.9641	2	1	1	3	1	1	     0	     0	     0			
776	a	sp|Q04695|K1C17_HUMAN	Q04695	K1C17_HUMAN	KRT17	432	28.00	Homo sapiens OX=9606	Keratin, type I cytoskeletal 17 	1:Experimental evidence at protein level	1.0000	0.9990	10	5	10	17	9	17	     0	     0	     0	11M(15.9949)		
776	b	sp|P08727|K1C19_HUMAN	P08727	K1C19_HUMAN	KRT19	400	17.00	Homo sapiens OX=9606	Keratin, type I cytoskeletal 19 	1:Experimental evidence at protein level	1.0000	0.9990	6	4	4	8	4	4	     0	     0	     0			
777	b	sp|P42330|AK1C3_HUMAN	P42330	AK1C3_HUMAN	AKR1C3	323	25.70	Homo sapiens OX=9606	Aldo-keto reductase family 1 member C3 	1:Experimental evidence at protein level	1.0000	0.9990	4	1	2	5	1	2	     0	     0	     0			
777	a	sp|Q04828|AK1C1_HUMAN	Q04828	AK1C1_HUMAN	AKR1C1	323	17.30	Homo sapiens OX=9606	Aldo-keto reductase family 1 member C1 	1:Experimental evidence at protein level	1.0000	0.9990	4	0	4	6	0	6	     0	     0	     0	10C(57.0215), 16C(57.0215), 3C(57.0215), 5C(57.0215), 8C(57.0215)		
778	a	sp|Q12906|ILF3_HUMAN	Q12906	ILF3_HUMAN	ILF3	894	17.20	Homo sapiens OX=9606	Interleukin enhancer-binding factor 3 	1:Experimental evidence at protein level	1.0000	0.9990	8	7	8	10	8	10	     0	     0	     0	21C(57.0215), 4C(57.0215)		
779	a	sp|Q13247|SRSF6_HUMAN	Q13247	SRSF6_HUMAN	SRSF6	344	12.20	Homo sapiens OX=9606	Serine/arginine-rich splicing factor 6 	1:Experimental evidence at protein level	1.0000	0.9936	3	2	3	3	2	3	     0	     0	     0			
780	a	sp|Q14839|CHD4_HUMAN	Q14839	CHD4_HUMAN	CHD4	1912	1.40	Homo sapiens OX=9606	Chromodomain-helicase-DNA-binding protein 4 	1:Experimental evidence at protein level	1.0000	0.9938	2	1	2	2	1	2	     0	     0	     0			
781	a	sp|Q15149|PLEC_HUMAN	Q15149	PLEC_HUMAN	PLEC	4684	11.10	Homo sapiens OX=9606	Plectin 	1:Experimental evidence at protein level	1.0000	0.9990	29	27	29	32	29	32	     0	     0	     0	15C(57.0215), 1C(57.0215), 4C(57.0215), 5C(57.0215), 8C(57.0215)	Delta:H(4)C(3)(40.031300), Delta:H(4)C(3)(40.031300), Delta:H(4)C(3)(40.031300)	
782	a	sp|Q15365|PCBP1_HUMAN	Q15365	PCBP1_HUMAN	PCBP1	356	28.40	Homo sapiens OX=9606	Poly(rC)-binding protein 1 	1:Experimental evidence at protein level	1.0000	0.9990	4	3	4	6	5	6	     0	     0	     0	1C(57.0215)		
782	b	sp|Q15366|PCBP2_HUMAN	Q15366	PCBP2_HUMAN	PCBP2	365	20.30	Homo sapiens OX=9606	Poly(rC)-binding protein 2 	1:Experimental evidence at protein level	1.0000	0.9990	3	2	2	3	2	2	     0	     0	     0			
783	a	sp|Q15424|SAFB1_HUMAN	Q15424	SAFB1_HUMAN	SAFB	915	9.40	Homo sapiens OX=9606	Scaffold attachment factor B1 	1:Experimental evidence at protein level	1.0000	0.9990	4	2	4	4	2	4	     0	     0	     0	N-term(42.0106)		
784	a	sp|Q7L1Q6|BZW1_HUMAN	Q7L1Q6	BZW1_HUMAN	BZW1	419	5.70	Homo sapiens OX=9606	Basic leucine zipper and W2 domain-containing protein 1 	1:Experimental evidence at protein level	1.0000	0.9988	2	1	2	2	1	2	     0	     0	     0	5C(57.0215)		
785	a	sp|Q93096|TP4A1_HUMAN	Q93096	TP4A1_HUMAN	PTP4A1	173	15.00	Homo sapiens OX=9606	Protein tyrosine phosphatase type IVA 1 	1:Experimental evidence at protein level	1.0000	0.9990	2	1	2	2	1	2	     0	     0	     0			
786	c	sp|P68363|TBA1B_HUMAN	P68363	TBA1B_HUMAN	TUBA1B	451	0.00	Homo sapiens OX=9606	Tubulin alpha-1B chain 	1:Experimental evidence at protein level	0.0631	0.9990	13	0	8	30	0	13	     0	     0	     0	11M(15.9949)		
786	a	sp|Q9BQE3|TBA1C_HUMAN	Q9BQE3	TBA1C_HUMAN	TUBA1C	449	50.80	Homo sapiens OX=9606	Tubulin alpha-1C chain 	1:Experimental evidence at protein level	1.0000	0.9990	13	2	5	26	3	13	     0	     0	     0	15C(57.0215), 22M(15.9949), 3C(57.0215)	Cation:Ca[II](37.946900), Cation:Fe[II](53.919200), Cytopiloyne(362.136500)	
786	b	sp|P68366|TBA4A_HUMAN	P68366	TBA4A_HUMAN	TUBA4A	448	42.00	Homo sapiens OX=9606	Tubulin alpha-4A chain 	1:Experimental evidence at protein level	1.0000	0.9990	11	1	3	21	1	8	     0	     0	     0	15C(57.0215), 22M(15.9949), 3C(57.0215), 4M(15.9949)		
787	a	sp|Q9BWF3|RBM4_HUMAN	Q9BWF3	RBM4_HUMAN	RBM4	364	6.90	Homo sapiens OX=9606	RNA-binding protein 4 	1:Experimental evidence at protein level	1.0000	0.9941	2	1	2	2	1	2	     0	     0	     0	10C(57.0215)		
788	a	sp|Q9H4M9|EHD1_HUMAN	Q9H4M9	EHD1_HUMAN	EHD1	534	7.30	Homo sapiens OX=9606	EH domain-containing protein 1 	1:Experimental evidence at protein level	1.0000	0.9990	3	2	3	3	2	3	     0	     0	     0			
789	a	sp|Q9NUU7|DD19A_HUMAN	Q9NUU7	DD19A_HUMAN	DDX19A	478	12.30	Homo sapiens OX=9606	ATP-dependent RNA helicase DDX19A 	1:Experimental evidence at protein level	1.0000	0.9990	3	1	3	3	1	3	     0	     0	     0	10C(57.0215), 10M(15.9949), 12C(57.0215)		
790	a	sp|Q9UMX0|UBQL1_HUMAN	Q9UMX0	UBQL1_HUMAN	UBQLN1	589	6.10	Homo sapiens OX=9606	Ubiquilin-1 	1:Experimental evidence at protein level	1.0000	0.9990	2	1	2	2	1	2	     0	     0	     0			
791	a	sp|Q9Y383|LC7L2_HUMAN	Q9Y383	LC7L2_HUMAN	LUC7L2	392	6.60	Homo sapiens OX=9606	Putative RNA-binding protein Luc7-like 2 	1:Experimental evidence at protein level	1.0000	0.9990	2	1	2	3	2	3	     0	     0	     0	6C(57.0215), 7C(57.0215)		
792	a	sp|P00747|PLMN_HUMAN	P00747	PLMN_HUMAN	PLG	810	5.10	Homo sapiens OX=9606	Plasminogen 	1:Experimental evidence at protein level	0.9999	0.9990	2	2	2	2	2	2	     0	     0	     0	18C(57.0215), 28C(57.0215), 7C(57.0215)		
793	a	sp|P02765|FETUA_HUMAN	P02765	FETUA_HUMAN	AHSG	367	6.30	Homo sapiens OX=9606	Alpha-2-HS-glycoprotein 	1:Experimental evidence at protein level	0.9999	0.9990	2	2	2	2	2	2	     0	     0	     0	1C(57.0215)		
794	a	sp|O95782|AP2A1_HUMAN	O95782	AP2A1_HUMAN	AP2A1	977	4.90	Homo sapiens OX=9606	AP-2 complex subunit alpha-1 	1:Experimental evidence at protein level	0.9999	0.9990	2	1	2	2	1	2	     0	     0	     0	8C(57.0215)		
795	a	sp|P01893|HLAH_HUMAN	P01893	HLAH_HUMAN	HLA-H	362	11.30	Homo sapiens OX=9606	Putative HLA class I histocompatibility antigen, alpha chain H 	5:Protein uncertain	0.9999	0.9815	2	1	2	2	1	2	     0	     0	     0	3C(57.0215)		
796	a	sp|P11388|TOP2A_HUMAN	P11388	TOP2A_HUMAN	TOP2A	1531	1.80	Homo sapiens OX=9606	DNA topoisomerase 2-alpha 	1:Experimental evidence at protein level	0.9998	0.9990	2	2	2	2	2	2	     0	     0	     0			
797	a	sp|P36955|PEDF_HUMAN	P36955	PEDF_HUMAN	SERPINF1	418	13.40	Homo sapiens OX=9606	Pigment epithelium-derived factor 	1:Experimental evidence at protein level	0.9998	0.9990	2	2	2	2	2	2	     0	     0	     0			
798	a	sp|P60903|S10AA_HUMAN	P60903	S10AA_HUMAN	S100A10	97	17.50	Homo sapiens OX=9606	Protein S100-A10 	1:Experimental evidence at protein level	0.9998	0.9990	1	1	1	2	2	2	     0	     0	     0	11M(15.9949), 8M(15.9949)		
799	a	sp|Q92522|H1X_HUMAN	Q92522	H1X_HUMAN	H1-10	213	7.00	Homo sapiens OX=9606	Histone H1.10 	1:Experimental evidence at protein level	0.9998	0.9973	2	2	2	2	2	2	     0	     0	     0		Pro->HAVA(18.010500)	
800	a	sp|P52888|THOP1_HUMAN	P52888	THOP1_HUMAN	THOP1	689	3.80	Homo sapiens OX=9606	Thimet oligopeptidase 	1:Experimental evidence at protein level	0.9997	0.9988	2	2	2	2	2	2	     0	     0	     0	2C(57.0215)		
801	a	sp|P09972|ALDOC_HUMAN	P09972	ALDOC_HUMAN	ALDOC	364	13.70	Homo sapiens OX=9606	Fructose-bisphosphate aldolase C 	1:Experimental evidence at protein level	0.9996	0.9990	2	1	1	7	2	2	     0	     0	     0			
802	a	sp|P17858|PFKAL_HUMAN	P17858	PFKAL_HUMAN	PFKL	780	2.30	Homo sapiens OX=9606	ATP-dependent 6-phosphofructokinase, liver type 	1:Experimental evidence at protein level	0.9996	0.9990	2	1	1	2	1	1	     0	     0	     0			
803	a	sp|P37837|TALDO_HUMAN	P37837	TALDO_HUMAN	TALDO1	337	6.80	Homo sapiens OX=9606	Transaldolase 	1:Experimental evidence at protein level	0.9996	0.9979	2	2	2	2	2	2	     0	     0	     0		Pro->HAVA(18.010500)	
804	a	sp|P62873|GBB1_HUMAN	P62873	GBB1_HUMAN	GNB1	340	10.60	Homo sapiens OX=9606	Guanine nucleotide-binding protein G(I)/G(S)/G(T) subunit beta-1 	1:Experimental evidence at protein level	0.9996	0.9988	2	1	1	2	1	1	     0	     0	     0	11C(57.0215), 12C(57.0215)		
805	a	sp|Q8IYD1|ERF3B_HUMAN	Q8IYD1	ERF3B_HUMAN	GSPT2	628	4.50	Homo sapiens OX=9606	Eukaryotic peptide chain release factor GTP-binding subunit ERF3B 	1:Experimental evidence at protein level	0.9996	0.9990	3	1	1	4	1	1	     0	     0	     0			
806	a	sp|Q4VXU2|PAP1L_HUMAN	Q4VXU2	PAP1L_HUMAN	PABPC1L	614	4.40	Homo sapiens OX=9606	Polyadenylate-binding protein 1-like 	2:Experimental evidence at transcript level	0.9989	0.9776	2	2	2	2	2	2	     0	     0	     0	15C(57.0215)		
807	a	sp|Q16718|NDUA5_HUMAN	Q16718	NDUA5_HUMAN	NDUFA5	116	26.70	Homo sapiens OX=9606	NADH dehydrogenase [ubiquinone] 1 alpha subcomplex subunit 5 	1:Experimental evidence at protein level	0.9975	0.9990	1	1	1	1	1	1	     0	     0	     0	10C(57.0215)		
808	a	sp|P61981|1433G_HUMAN	P61981	1433G_HUMAN	YWHAG	247	14.20	Homo sapiens OX=9606	14-3-3 protein gamma 	1:Experimental evidence at protein level	0.9968	0.9990	3	1	1	3	1	1	     0	     0	     0			
809	a	sp|P84103|SRSF3_HUMAN	P84103	SRSF3_HUMAN	SRSF3	164	17.70	Homo sapiens OX=9606	Serine/arginine-rich splicing factor 3 	1:Experimental evidence at protein level	0.9968	0.9990	1	1	1	1	1	1	     0	     0	     0			
810	a	sp|Q10471|GALT2_HUMAN	Q10471	GALT2_HUMAN	GALNT2	571	4.90	Homo sapiens OX=9606	Polypeptide N-acetylgalactosaminyltransferase 2 	1:Experimental evidence at protein level	0.9968	0.9990	1	1	1	1	1	1	     0	     0	     0			
811	a	sp|Q13428|TCOF_HUMAN	Q13428	TCOF_HUMAN	TCOF1	1488	1.50	Homo sapiens OX=9606	Treacle protein 	1:Experimental evidence at protein level	0.9968	0.9987	1	1	1	1	1	1	     0	     0	     0			
812	a	sp|Q9BYD3|RM04_HUMAN	Q9BYD3	RM04_HUMAN	MRPL4	311	11.90	Homo sapiens OX=9606	39S ribosomal protein L4, mitochondrial 	1:Experimental evidence at protein level	0.9968	0.9990	1	1	1	1	1	1	     0	     0	     0			
813	a	sp|P16403|H12_HUMAN	P16403	H12_HUMAN	H1-2	213	16.40	Homo sapiens OX=9606	Histone H1.2 	1:Experimental evidence at protein level	0.9931	0.9396	2	2	2	2	2	2	     0	     0	     0	N-term(42.0106)		
814	a	sp|A8MUU1|FB5L3_HUMAN	A8MUU1	FB5L3_HUMAN	FABP5P3	101	20.80	Homo sapiens OX=9606	Putative fatty acid-binding protein 5-like protein 3 	5:Protein uncertain	0.9925	0.9990	1	0	1	1	0	1	     0	     0	     0	5C(57.0215)		sp|Q01469|FABP5_HUMAN
815	a	sp|C9JQL5|DSA2D_HUMAN	C9JQL5	DSA2D_HUMAN		133	18.80	Homo sapiens OX=9606	Putative dispanin subfamily A member 2d 	5:Protein uncertain	0.9925	0.9990	1	1	1	1	1	1	     0	     0	     0			
816	a	sp|G2XKQ0|SUMO5_HUMAN	G2XKQ0	SUMO5_HUMAN	SUMO1P1	101	11.90	Homo sapiens OX=9606	Small ubiquitin-related modifier 5 	1:Experimental evidence at protein level	0.9925	0.9990	1	0	1	1	0	1	     0	     0	     0			sp|P63165|SUMO1_HUMAN
817	a	sp|O00244|ATOX1_HUMAN	O00244	ATOX1_HUMAN	ATOX1	68	25.00	Homo sapiens OX=9606	Copper transport protein ATOX1 	1:Experimental evidence at protein level	0.9925	0.9990	1	1	1	1	1	1	     0	     0	     0	2C(57.0215)		
818	a	sp|O14880|MGST3_HUMAN	O14880	MGST3_HUMAN	MGST3	152	14.50	Homo sapiens OX=9606	Microsomal glutathione S-transferase 3 	1:Experimental evidence at protein level	0.9925	0.9990	1	1	1	1	1	1	     0	     0	     0	19C(57.0215)		
819	a	sp|O15131|IMA6_HUMAN	O15131	IMA6_HUMAN	KPNA5	536	2.80	Homo sapiens OX=9606	Importin subunit alpha-6 	1:Experimental evidence at protein level	0.9925	0.9990	1	0	1	1	0	1	     0	     0	     0			sp|O60684|IMA7_HUMAN, sp|P52294|IMA5_HUMAN
820	a	sp|O15160|RPAC1_HUMAN	O15160	RPAC1_HUMAN	POLR1C	346	5.20	Homo sapiens OX=9606	DNA-directed RNA polymerases I and III subunit RPAC1 	1:Experimental evidence at protein level	0.9925	0.9990	1	1	1	1	1	1	     0	     0	     0			
821	a	sp|O15173|PGRC2_HUMAN	O15173	PGRC2_HUMAN	PGRMC2	223	9.90	Homo sapiens OX=9606	Membrane-associated progesterone receptor component 2 	1:Experimental evidence at protein level	0.9925	0.9990	1	1	1	1	1	1	     0	     0	     0			
822	a	sp|O15355|PPM1G_HUMAN	O15355	PPM1G_HUMAN	PPM1G	546	2.90	Homo sapiens OX=9606	Protein phosphatase 1G 	1:Experimental evidence at protein level	0.9925	0.9990	1	1	1	1	1	1	     0	     0	     0			
823	a	sp|O43598|DNPH1_HUMAN	O43598	DNPH1_HUMAN	DNPH1	174	9.80	Homo sapiens OX=9606	2'-deoxynucleoside 5'-phosphate N-hydrolase 1 	1:Experimental evidence at protein level	0.9925	0.9990	1	1	1	1	1	1	     0	     0	     0			
824	a	sp|O43809|CPSF5_HUMAN	O43809	CPSF5_HUMAN	NUDT21	227	7.50	Homo sapiens OX=9606	Cleavage and polyadenylation specificity factor subunit 5 	1:Experimental evidence at protein level	0.9925	0.9990	1	1	1	1	1	1	     0	     0	     0			
825	a	sp|O60232|ZNRD2_HUMAN	O60232	ZNRD2_HUMAN	ZNRD2	199	10.60	Homo sapiens OX=9606	Protein ZNRD2 	1:Experimental evidence at protein level	0.9925	0.9990	1	1	1	1	1	1	     0	     0	     0	13C(57.0215)		
826	a	sp|O75131|CPNE3_HUMAN	O75131	CPNE3_HUMAN	CPNE3	537	3.00	Homo sapiens OX=9606	Copine-3 	1:Experimental evidence at protein level	0.9925	0.9990	1	1	1	1	1	1	     0	     0	     0			
827	a	sp|O75390|CISY_HUMAN	O75390	CISY_HUMAN	CS	466	2.40	Homo sapiens OX=9606	Citrate synthase, mitochondrial 	1:Experimental evidence at protein level	0.9925	0.9990	1	1	1	1	1	1	     0	     0	     0			
828	a	sp|O75531|BAF_HUMAN	O75531	BAF_HUMAN	BANF1	89	13.50	Homo sapiens OX=9606	Barrier-to-autointegration factor 	1:Experimental evidence at protein level	0.9925	0.9990	1	1	1	1	1	1	     0	     0	     0			
829	a	sp|O75844|FACE1_HUMAN	O75844	FACE1_HUMAN	ZMPSTE24	475	4.20	Homo sapiens OX=9606	CAAX prenyl protease 1 homolog 	1:Experimental evidence at protein level	0.9925	0.9990	1	1	1	1	1	1	     0	     0	     0			
830	a	sp|O94905|ERLN2_HUMAN	O94905	ERLN2_HUMAN	ERLIN2	339	5.90	Homo sapiens OX=9606	Erlin-2 	1:Experimental evidence at protein level	0.9925	0.9990	1	1	1	1	1	1	     0	     0	     0			
831	a	sp|O94992|HEXI1_HUMAN	O94992	HEXI1_HUMAN	HEXIM1	359	3.90	Homo sapiens OX=9606	Protein HEXIM1 	1:Experimental evidence at protein level	0.9925	0.9990	1	1	1	1	1	1	     0	     0	     0			
832	a	sp|O95777|LSM8_HUMAN	O95777	LSM8_HUMAN	LSM8	96	16.70	Homo sapiens OX=9606	U6 snRNA-associated Sm-like protein LSm8 	1:Experimental evidence at protein level	0.9925	0.9990	1	1	1	1	1	1	     0	     0	     0			
833	a	sp|O95831|AIFM1_HUMAN	O95831	AIFM1_HUMAN	AIFM1	613	3.30	Homo sapiens OX=9606	Apoptosis-inducing factor 1, mitochondrial 	1:Experimental evidence at protein level	0.9925	0.9990	1	1	1	1	1	1	     0	     0	     0			
834	a	sp|O96000|NDUBA_HUMAN	O96000	NDUBA_HUMAN	NDUFB10	172	8.10	Homo sapiens OX=9606	NADH dehydrogenase [ubiquinone] 1 beta subcomplex subunit 10 	1:Experimental evidence at protein level	0.9925	0.9990	1	1	1	1	1	1	     0	     0	     0			
835	a	sp|P00387|NB5R3_HUMAN	P00387	NB5R3_HUMAN	CYB5R3	301	6.30	Homo sapiens OX=9606	NADH-cytochrome b5 reductase 3 	1:Experimental evidence at protein level	0.9925	0.9990	1	1	1	1	1	1	     0	     0	     0			
836	a	sp|P00390|GSHR_HUMAN	P00390	GSHR_HUMAN	GSR	522	5.60	Homo sapiens OX=9606	Glutathione reductase, mitochondrial 	1:Experimental evidence at protein level	0.9925	0.9990	1	1	1	1	1	1	     0	     0	     0			
837	a	sp|P01023|A2MG_HUMAN	P01023	A2MG_HUMAN	A2M	1474	1.20	Homo sapiens OX=9606	Alpha-2-macroglobulin 	1:Experimental evidence at protein level	0.9925	0.9990	1	1	1	1	1	1	     0	     0	     0			
838	a	sp|P06493|CDK1_HUMAN	P06493	CDK1_HUMAN	CDK1	297	5.40	Homo sapiens OX=9606	Cyclin-dependent kinase 1 	1:Experimental evidence at protein level	0.9925	0.9990	1	1	1	1	1	1	     0	     0	     0			
839	a	sp|P07099|HYEP_HUMAN	P07099	HYEP_HUMAN	EPHX1	455	4.00	Homo sapiens OX=9606	Epoxide hydrolase 1 	1:Experimental evidence at protein level	0.9925	0.9990	1	1	1	1	1	1	     0	     0	     0			
840	a	sp|P07339|CATD_HUMAN	P07339	CATD_HUMAN	CTSD	412	4.10	Homo sapiens	Cathepsin D 	1:Experimental evidence at protein level	0.9925	0.9990	1	1	1	1	1	1	     0	     0	     0			
841	a	sp|P07384|CAN1_HUMAN	P07384	CAN1_HUMAN	CAPN1	714	2.50	Homo sapiens OX=9606	Calpain-1 catalytic subunit 	1:Experimental evidence at protein level	0.9925	0.9990	1	1	1	1	1	1	     0	     0	     0			
842	a	sp|P07741|APT_HUMAN	P07741	APT_HUMAN	APRT	180	12.80	Homo sapiens OX=9606	Adenine phosphoribosyltransferase 	1:Experimental evidence at protein level	0.9925	0.9990	1	1	1	1	1	1	     0	     0	     0	18C(57.0215)		
843	a	sp|P07910|HNRPC_HUMAN	P07910	HNRPC_HUMAN	HNRNPC	306	5.20	Homo sapiens OX=9606	Heterogeneous nuclear ribonucleoproteins C1/C2 	1:Experimental evidence at protein level	0.9925	0.9990	1	1	1	1	1	1	     0	     0	     0			
844	a	sp|P08579|RU2B_HUMAN	P08579	RU2B_HUMAN	SNRPB2	225	8.00	Homo sapiens OX=9606	U2 small nuclear ribonucleoprotein B'' 	1:Experimental evidence at protein level	0.9925	0.9990	1	1	1	2	2	2	     0	     0	     0			
845	a	sp|P09234|RU1C_HUMAN	P09234	RU1C_HUMAN	SNRPC	159	11.30	Homo sapiens OX=9606	U1 small nuclear ribonucleoprotein C 	1:Experimental evidence at protein level	0.9925	0.9990	1	1	1	1	1	1	     0	     0	     0	3C(57.0215), 6C(57.0215)		
846	a	sp|P0DN79|CBSL_HUMAN	P0DN79	CBSL_HUMAN	CBSL	551	3.10	Homo sapiens OX=9606	Cystathionine beta-synthase-like protein 	1:Experimental evidence at protein level	0.9925	0.9990	1	0	1	1	0	1	     0	     0	     0	14C(57.0215)		sp|P35520|CBS_HUMAN
847	a	sp|P11310|ACADM_HUMAN	P11310	ACADM_HUMAN	ACADM	421	3.60	Homo sapiens OX=9606	Medium-chain specific acyl-CoA dehydrogenase, mitochondrial 	1:Experimental evidence at protein level	0.9925	0.9990	1	1	1	1	1	1	     0	     0	     0			
848	a	sp|P13164|IFM1_HUMAN	P13164	IFM1_HUMAN	IFITM1	125	14.40	Homo sapiens OX=9606	Interferon-induced transmembrane protein 1 	1:Experimental evidence at protein level	0.9925	0.9990	1	1	1	1	1	1	     0	     0	     0			
849	a	sp|P13861|KAP2_HUMAN	P13861	KAP2_HUMAN	PRKAR2A	404	5.00	Homo sapiens OX=9606	cAMP-dependent protein kinase type II-alpha regulatory subunit 	1:Experimental evidence at protein level	0.9925	0.9990	1	1	1	1	1	1	     0	     0	     0			
850	a	sp|P14678|RSMB_HUMAN	P14678	RSMB_HUMAN	SNRPB	240	5.80	Homo sapiens OX=9606	Small nuclear ribonucleoprotein-associated proteins B and B' 	1:Experimental evidence at protein level	0.9925	0.9990	1	0	1	1	0	1	     0	     0	     0	7C(57.0215), 9C(57.0215)		sp|P63162|RSMN_HUMAN
851	a	sp|P15291|B4GT1_HUMAN	P15291	B4GT1_HUMAN	B4GALT1	398	5.00	Homo sapiens OX=9606	Beta-1,4-galactosyltransferase 1 	1:Experimental evidence at protein level	0.9925	0.9990	1	1	1	1	1	1	     0	     0	     0			
852	a	sp|P16070|CD44_HUMAN	P16070	CD44_HUMAN	CD44	742	1.60	Homo sapiens OX=9606	CD44 antigen 	1:Experimental evidence at protein level	0.9925	0.9990	1	1	1	1	1	1	     0	     0	     0			
853	a	sp|P17096|HMGA1_HUMAN	P17096	HMGA1_HUMAN	HMGA1	107	15.00	Homo sapiens OX=9606	High mobility group protein HMG-I/HMG-Y 	1:Experimental evidence at protein level	0.9925	0.9990	1	1	1	1	1	1	     0	     0	     0			
854	a	sp|P18859|ATP5J_HUMAN	P18859	ATP5J_HUMAN	ATP5PF	108	17.60	Homo sapiens OX=9606	ATP synthase-coupling factor 6, mitochondrial 	1:Experimental evidence at protein level	0.9925	0.9990	1	1	1	1	1	1	     0	     0	     0			
855	a	sp|P20645|MPRD_HUMAN	P20645	MPRD_HUMAN	M6PR	277	5.10	Homo sapiens OX=9606	Cation-dependent mannose-6-phosphate receptor 	1:Experimental evidence at protein level	0.9925	0.9990	1	1	1	1	1	1	     0	     0	     0			
856	a	sp|P21266|GSTM3_HUMAN	P21266	GSTM3_HUMAN	GSTM3	225	6.20	Homo sapiens OX=9606	Glutathione S-transferase Mu 3 	1:Experimental evidence at protein level	0.9925	0.9990	1	1	1	1	1	1	     0	     0	     0			
857	a	sp|P21399|ACOC_HUMAN	P21399	ACOC_HUMAN	ACO1	889	2.10	Homo sapiens OX=9606	Cytoplasmic aconitate hydratase 	1:Experimental evidence at protein level	0.9925	0.9990	1	1	1	1	1	1	     0	     0	     0			
858	a	sp|P21980|TGM2_HUMAN	P21980	TGM2_HUMAN	TGM2	687	2.30	Homo sapiens OX=9606	Protein-glutamine gamma-glutamyltransferase 2 	1:Experimental evidence at protein level	0.9925	0.9990	1	1	1	1	1	1	     0	     0	     0			
859	a	sp|P23142|FBLN1_HUMAN	P23142	FBLN1_HUMAN	FBLN1	703	4.30	Homo sapiens OX=9606	Fibulin-1 	1:Experimental evidence at protein level	0.9925	0.9990	1	1	1	1	1	1	     0	     0	     0	12C(57.0215), 18C(57.0215), 27C(57.0215)		
860	a	sp|P23284|PPIB_HUMAN	P23284	PPIB_HUMAN	PPIB	216	6.50	Homo sapiens OX=9606	Peptidyl-prolyl cis-trans isomerase B 	1:Experimental evidence at protein level	0.9925	0.9990	1	1	1	1	1	1	     0	     0	     0			
861	a	sp|P25325|THTM_HUMAN	P25325	THTM_HUMAN	MPST	297	9.10	Homo sapiens OX=9606	3-mercaptopyruvate sulfurtransferase 	1:Experimental evidence at protein level	0.9925	0.9990	1	1	1	1	1	1	     0	     0	     0			
862	a	sp|P28070|PSB4_HUMAN	P28070	PSB4_HUMAN	PSMB4	264	8.30	Homo sapiens OX=9606	Proteasome subunit beta type-4 	1:Experimental evidence at protein level	0.9925	0.9990	1	1	1	1	1	1	     0	     0	     0			
863	a	sp|P28799|GRN_HUMAN	P28799	GRN_HUMAN	GRN	593	5.70	Homo sapiens OX=9606	Progranulin 	1:Experimental evidence at protein level	0.9925	0.9990	1	1	1	1	1	1	     0	     0	     0	16C(57.0215), 17C(57.0215), 23C(57.0215), 24C(57.0215), 30C(57.0215), 8C(57.0215), 9C(57.0215)		
864	a	sp|P35237|SPB6_HUMAN	P35237	SPB6_HUMAN	SERPINB6	376	5.30	Homo sapiens OX=9606	Serpin B6 	1:Experimental evidence at protein level	0.9925	0.9990	1	1	1	2	2	2	     0	     0	     0			
865	a	sp|P35270|SPRE_HUMAN	P35270	SPRE_HUMAN	SPR	261	7.30	Homo sapiens OX=9606	Sepiapterin reductase 	1:Experimental evidence at protein level	0.9925	0.9990	1	1	1	2	2	2	     0	     0	     0			
866	a	sp|P35754|GLRX1_HUMAN	P35754	GLRX1_HUMAN	GLRX	106	19.80	Homo sapiens OX=9606	Glutaredoxin-1 	1:Experimental evidence at protein level	0.9925	0.9990	1	1	1	1	1	1	     0	     0	     0	2C(57.0215), 6C(57.0215)		
867	a	sp|P35998|PRS7_HUMAN	P35998	PRS7_HUMAN	PSMC2	433	4.40	Homo sapiens OX=9606	26S proteasome regulatory subunit 7 	1:Experimental evidence at protein level	0.9925	0.9990	1	1	1	1	1	1	     0	     0	     0			
868	a	sp|P37198|NUP62_HUMAN	P37198	NUP62_HUMAN	NUP62	522	4.60	Homo sapiens OX=9606	Nuclear pore glycoprotein p62 	1:Experimental evidence at protein level	0.9925	0.9990	1	1	1	1	1	1	     0	     0	     0	23C(57.0215)		
869	a	sp|P39687|AN32A_HUMAN	P39687	AN32A_HUMAN	ANP32A	249	6.40	Homo sapiens OX=9606	Acidic leucine-rich nuclear phosphoprotein 32 family member A 	1:Experimental evidence at protein level	0.9925	0.9990	1	0	1	3	0	3	     0	     0	     0	7C(57.0215)		sp|Q92688|AN32B_HUMAN
870	a	sp|P43034|LIS1_HUMAN	P43034	LIS1_HUMAN	PAFAH1B1	410	3.90	Homo sapiens OX=9606	Platelet-activating factor acetylhydrolase IB subunit beta 	1:Experimental evidence at protein level	0.9925	0.9990	1	1	1	1	1	1	     0	     0	     0			
871	a	sp|P43304|GPDM_HUMAN	P43304	GPDM_HUMAN	GPD2	727	3.00	Homo sapiens OX=9606	Glycerol-3-phosphate dehydrogenase, mitochondrial 	1:Experimental evidence at protein level	0.9925	0.9990	1	1	1	1	1	1	     0	     0	     0			
872	a	sp|P46013|KI67_HUMAN	P46013	KI67_HUMAN	MKI67	3256	0.60	Homo sapiens OX=9606	Proliferation marker protein Ki-67 	1:Experimental evidence at protein level	0.9925	0.9990	1	1	1	1	1	1	     0	     0	     0	15C(57.0215)		
873	a	sp|P48637|GSHB_HUMAN	P48637	GSHB_HUMAN	GSS	474	3.80	Homo sapiens OX=9606	Glutathione synthetase 	1:Experimental evidence at protein level	0.9925	0.9990	1	1	1	1	1	1	     0	     0	     0	9C(57.0215)		
874	a	sp|P49005|DPOD2_HUMAN	P49005	DPOD2_HUMAN	POLD2	469	3.40	Homo sapiens OX=9606	DNA polymerase delta subunit 2 	1:Experimental evidence at protein level	0.9925	0.9990	1	1	1	1	1	1	     0	     0	     0			
875	a	sp|P51398|RT29_HUMAN	P51398	RT29_HUMAN	DAP3	398	3.80	Homo sapiens OX=9606	28S ribosomal protein S29, mitochondrial 	1:Experimental evidence at protein level	0.9925	0.9990	1	1	1	1	1	1	     0	     0	     0			
876	a	sp|P51553|IDH3G_HUMAN	P51553	IDH3G_HUMAN	IDH3G	393	5.90	Homo sapiens OX=9606	Isocitrate dehydrogenase [NAD] subunit gamma, mitochondrial 	1:Experimental evidence at protein level	0.9925	0.9990	1	1	1	2	2	2	     0	     0	     0			
877	a	sp|P51571|SSRD_HUMAN	P51571	SSRD_HUMAN	SSR4	173	11.00	Homo sapiens OX=9606	Translocon-associated protein subunit delta 	1:Experimental evidence at protein level	0.9925	0.9990	1	1	1	1	1	1	     0	     0	     0			
878	a	sp|P52701|MSH6_HUMAN	P52701	MSH6_HUMAN	MSH6	1360	0.90	Homo sapiens OX=9606	DNA mismatch repair protein Msh6 	1:Experimental evidence at protein level	0.9925	0.9990	1	1	1	1	1	1	     0	     0	     0			
879	a	sp|P52815|RM12_HUMAN	P52815	RM12_HUMAN	MRPL12	198	17.20	Homo sapiens OX=9606	39S ribosomal protein L12, mitochondrial 	1:Experimental evidence at protein level	0.9925	0.9990	1	1	1	1	1	1	     0	     0	     0			
880	a	sp|P52943|CRIP2_HUMAN	P52943	CRIP2_HUMAN	CRIP2	208	9.10	Homo sapiens OX=9606	Cysteine-rich protein 2 	1:Experimental evidence at protein level	0.9925	0.9990	1	1	1	1	1	1	     0	     0	     0			
881	a	sp|P52948|NUP98_HUMAN	P52948	NUP98_HUMAN	NUP98	1817	1.80	Homo sapiens OX=9606	Nuclear pore complex protein Nup98-Nup96 	1:Experimental evidence at protein level	0.9925	0.9990	1	1	1	1	1	1	     0	     0	     0			
882	a	sp|P53582|MAP11_HUMAN	P53582	MAP11_HUMAN	METAP1	386	5.20	Homo sapiens OX=9606	Methionine aminopeptidase 1 	1:Experimental evidence at protein level	0.9925	0.9990	1	1	1	1	1	1	     0	     0	     0	15C(57.0215)		
883	a	sp|P53701|CCHL_HUMAN	P53701	CCHL_HUMAN	HCCS	268	6.30	Homo sapiens OX=9606	Holocytochrome c-type synthase 	1:Experimental evidence at protein level	0.9925	0.9990	1	1	1	1	1	1	     0	     0	     0	11C(57.0215), 9C(57.0215)		
884	a	sp|P54727|RD23B_HUMAN	P54727	RD23B_HUMAN	RAD23B	409	4.60	Homo sapiens OX=9606	UV excision repair protein RAD23 homolog B 	1:Experimental evidence at protein level	0.9925	0.9990	1	1	1	1	1	1	     0	     0	     0			
885	a	sp|P55010|IF5_HUMAN	P55010	IF5_HUMAN	EIF5	431	4.40	Homo sapiens OX=9606	Eukaryotic translation initiation factor 5 	1:Experimental evidence at protein level	0.9925	0.9990	1	1	1	1	1	1	     0	     0	     0	4C(57.0215), 7C(57.0215)		
886	a	sp|P55327|TPD52_HUMAN	P55327	TPD52_HUMAN	TPD52	224	12.10	Homo sapiens OX=9606	Tumor protein D52 	1:Experimental evidence at protein level	0.9925	0.9990	1	1	1	1	1	1	     0	     0	     0			
887	a	sp|P55809|SCOT1_HUMAN	P55809	SCOT1_HUMAN	OXCT1	520	5.20	Homo sapiens OX=9606	Succinyl-CoA:3-ketoacid coenzyme A transferase 1, mitochondrial 	1:Experimental evidence at protein level	0.9925	0.9990	1	1	1	1	1	1	     0	     0	     0			
888	a	sp|P56545|CTBP2_HUMAN	P56545	CTBP2_HUMAN	CTBP2	445	4.50	Homo sapiens OX=9606	C-terminal-binding protein 2 	1:Experimental evidence at protein level	0.9925	0.9990	1	1	1	1	1	1	     0	     0	     0			
889	a	sp|P60228|EIF3E_HUMAN	P60228	EIF3E_HUMAN	EIF3E	445	2.70	Homo sapiens OX=9606	Eukaryotic translation initiation factor 3 subunit E 	1:Experimental evidence at protein level	0.9925	0.9990	1	1	1	1	1	1	     0	     0	     0			
890	a	sp|P60660|MYL6_HUMAN	P60660	MYL6_HUMAN	MYL6	151	10.60	Homo sapiens OX=9606	Myosin light polypeptide 6 	1:Experimental evidence at protein level	0.9925	0.9990	1	1	1	1	1	1	     0	     0	     0			
891	a	sp|P60866|RS20_HUMAN	P60866	RS20_HUMAN	RPS20	119	10.10	Homo sapiens OX=9606	40S ribosomal protein S20 	1:Experimental evidence at protein level	0.9925	0.9990	1	1	1	1	1	1	     0	     0	     0			
892	a	sp|P60981|DEST_HUMAN	P60981	DEST_HUMAN	DSTN	165	7.90	Homo sapiens OX=9606	Destrin 	1:Experimental evidence at protein level	0.9925	0.9990	1	1	1	1	1	1	     0	     0	     0	3C(57.0215)		
893	a	sp|P61088|UBE2N_HUMAN	P61088	UBE2N_HUMAN	UBE2N	152	13.20	Homo sapiens OX=9606	Ubiquitin-conjugating enzyme E2 N 	1:Experimental evidence at protein level	0.9925	0.9990	1	1	1	1	1	1	     0	     0	     0			
894	a	sp|P61160|ARP2_HUMAN	P61160	ARP2_HUMAN	ACTR2	394	4.80	Homo sapiens OX=9606	Actin-related protein 2 	1:Experimental evidence at protein level	0.9925	0.9990	1	1	1	2	2	2	     0	     0	     0	1C(57.0215)		
895	a	sp|P61619|S61A1_HUMAN	P61619	S61A1_HUMAN	SEC61A1	476	2.90	Homo sapiens OX=9606	Protein transport protein Sec61 subunit alpha isoform 1 	1:Experimental evidence at protein level	0.9925	0.9990	1	1	1	1	1	1	     0	     0	     0	3C(57.0215)		
896	a	sp|P61960|UFM1_HUMAN	P61960	UFM1_HUMAN	UFM1	85	32.90	Homo sapiens OX=9606	Ubiquitin-fold modifier 1 	1:Experimental evidence at protein level	0.9925	0.9990	1	1	1	1	1	1	     0	     0	     0			
897	a	sp|P62263|RS14_HUMAN	P62263	RS14_HUMAN	RPS14	151	13.90	Homo sapiens OX=9606	40S ribosomal protein S14 	1:Experimental evidence at protein level	0.9925	0.9990	1	1	1	1	1	1	     0	     0	     0			
898	a	sp|P62273|RS29_HUMAN	P62273	RS29_HUMAN	RPS29	56	19.60	Homo sapiens OX=9606	40S ribosomal protein S29 	1:Experimental evidence at protein level	0.9925	0.9990	1	1	1	3	3	3	     0	     0	     0			
899	a	sp|P63218|GBG5_HUMAN	P63218	GBG5_HUMAN	GNG5	68	39.70	Homo sapiens OX=9606	Guanine nucleotide-binding protein G(I)/G(S)/G(O) subunit gamma-5 	1:Experimental evidence at protein level	0.9925	0.9990	1	1	1	1	1	1	     0	     0	     0	3C(57.0215)		
900	a	sp|P63220|RS21_HUMAN	P63220	RS21_HUMAN	RPS21	83	16.90	Homo sapiens OX=9606	40S ribosomal protein S21 	1:Experimental evidence at protein level	0.9925	0.9990	1	1	1	1	1	1	     0	     0	     0			
901	a	sp|P67870|CSK2B_HUMAN	P67870	CSK2B_HUMAN	CSNK2B	215	6.50	Homo sapiens OX=9606	Casein kinase II subunit beta 	1:Experimental evidence at protein level	0.9925	0.9990	1	1	1	1	1	1	     0	     0	     0			
902	a	sp|P80303|NUCB2_HUMAN	P80303	NUCB2_HUMAN	NUCB2	420	5.00	Homo sapiens OX=9606	Nucleobindin-2 	1:Experimental evidence at protein level	0.9925	0.9990	1	1	1	1	1	1	     0	     0	     0			
903	a	sp|P82930|RT34_HUMAN	P82930	RT34_HUMAN	MRPS34	218	12.40	Homo sapiens OX=9606	28S ribosomal protein S34, mitochondrial 	1:Experimental evidence at protein level	0.9925	0.9990	1	1	1	1	1	1	     0	     0	     0			
904	a	sp|Q00325|MPCP_HUMAN	Q00325	MPCP_HUMAN	SLC25A3	362	3.90	Homo sapiens OX=9606	Phosphate carrier protein, mitochondrial 	1:Experimental evidence at protein level	0.9925	0.9990	1	1	1	1	1	1	     0	     0	     0			
905	a	sp|Q04323|UBXN1_HUMAN	Q04323	UBXN1_HUMAN	UBXN1	297	6.40	Homo sapiens OX=9606	UBX domain-containing protein 1 	1:Experimental evidence at protein level	0.9925	0.9990	1	1	1	1	1	1	     0	     0	     0			
906	a	sp|Q04837|SSBP_HUMAN	Q04837	SSBP_HUMAN	SSBP1	148	12.20	Homo sapiens OX=9606	Single-stranded DNA-binding protein, mitochondrial 	1:Experimental evidence at protein level	0.9925	0.9990	1	1	1	2	2	2	     0	     0	     0			
907	a	sp|Q06136|KDSR_HUMAN	Q06136	KDSR_HUMAN	KDSR	332	4.80	Homo sapiens OX=9606	3-ketodihydrosphingosine reductase 	1:Experimental evidence at protein level	0.9925	0.9990	1	1	1	1	1	1	     0	     0	     0	9C(57.0215)		
908	a	sp|Q12907|LMAN2_HUMAN	Q12907	LMAN2_HUMAN	LMAN2	356	7.30	Homo sapiens OX=9606	Vesicular integral-membrane protein VIP36 	1:Experimental evidence at protein level	0.9925	0.9990	1	1	1	1	1	1	     0	     0	     0			
909	a	sp|Q12972|PP1R8_HUMAN	Q12972	PP1R8_HUMAN	PPP1R8	351	6.80	Homo sapiens OX=9606	Nuclear inhibitor of protein phosphatase 1 	1:Experimental evidence at protein level	0.9925	0.9990	1	1	1	1	1	1	     0	     0	     0			
910	a	sp|Q12996|CSTF3_HUMAN	Q12996	CSTF3_HUMAN	CSTF3	717	1.70	Homo sapiens OX=9606	Cleavage stimulation factor subunit 3 	1:Experimental evidence at protein level	0.9925	0.9990	1	1	1	1	1	1	     0	     0	     0			
911	a	sp|Q13011|ECH1_HUMAN	Q13011	ECH1_HUMAN	ECH1	328	7.30	Homo sapiens OX=9606	Delta(3,5)-Delta(2,4)-dienoyl-CoA isomerase, mitochondrial 	1:Experimental evidence at protein level	0.9925	0.9990	1	1	1	2	2	2	     0	     0	     0	10C(57.0215), 21C(57.0215)		
912	a	sp|Q13177|PAK2_HUMAN	Q13177	PAK2_HUMAN	PAK2	524	3.80	Homo sapiens OX=9606	Serine/threonine-protein kinase PAK 2 	1:Experimental evidence at protein level	0.9925	0.9990	1	1	1	1	1	1	     0	     0	     0			
913	a	sp|Q13185|CBX3_HUMAN	Q13185	CBX3_HUMAN	CBX3	183	15.80	Homo sapiens OX=9606	Chromobox protein homolog 3 	1:Experimental evidence at protein level	0.9925	0.9990	1	1	1	1	1	1	     0	     0	     0	17C(57.0215)		
914	a	sp|Q13190|STX5_HUMAN	Q13190	STX5_HUMAN	STX5	355	7.90	Homo sapiens OX=9606	Syntaxin-5 	1:Experimental evidence at protein level	0.9925	0.9990	1	1	1	1	1	1	     0	     0	     0			
915	a	sp|Q13228|SBP1_HUMAN	Q13228	SBP1_HUMAN	SELENBP1	472	4.70	Homo sapiens OX=9606	Methanethiol oxidase 	1:Experimental evidence at protein level	0.9925	0.9990	1	1	1	1	1	1	     0	     0	     0	14C(57.0215)		
916	a	sp|Q13451|FKBP5_HUMAN	Q13451	FKBP5_HUMAN	FKBP5	457	4.40	Homo sapiens OX=9606	Peptidyl-prolyl cis-trans isomerase FKBP5 	1:Experimental evidence at protein level	0.9925	0.9990	1	1	1	1	1	1	     0	     0	     0			
917	a	sp|Q13526|PIN1_HUMAN	Q13526	PIN1_HUMAN	PIN1	163	11.70	Homo sapiens OX=9606	Peptidyl-prolyl cis-trans isomerase NIMA-interacting 1 	1:Experimental evidence at protein level	0.9925	0.9990	1	1	1	1	1	1	     0	     0	     0			
918	a	sp|Q13573|SNW1_HUMAN	Q13573	SNW1_HUMAN	SNW1	536	4.10	Homo sapiens OX=9606	SNW domain-containing protein 1 	1:Experimental evidence at protein level	0.9925	0.9990	1	1	1	1	1	1	     0	     0	     0	N-term(42.0106)		
919	a	sp|Q13576|IQGA2_HUMAN	Q13576	IQGA2_HUMAN	IQGAP2	1575	0.80	Homo sapiens OX=9606	Ras GTPase-activating-like protein IQGAP2 	1:Experimental evidence at protein level	0.9925	0.9990	1	1	1	1	1	1	     0	     0	     0			
920	a	sp|Q14019|COTL1_HUMAN	Q14019	COTL1_HUMAN	COTL1	142	19.00	Homo sapiens OX=9606	Coactosin-like protein 	1:Experimental evidence at protein level	0.9925	0.9990	1	1	1	1	1	1	     0	     0	     0	22C(57.0215)		
921	a	sp|Q14116|IL18_HUMAN	Q14116	IL18_HUMAN	IL18	193	13.50	Homo sapiens OX=9606	Interleukin-18 	1:Experimental evidence at protein level	0.9925	0.9990	1	1	1	1	1	1	     0	     0	     0	25C(57.0215)		
922	a	sp|Q14141|SEPT6_HUMAN	Q14141	SEPT6_HUMAN	SEPTIN6	434	4.60	Homo sapiens OX=9606	Septin-6 	1:Experimental evidence at protein level	0.9925	0.9990	1	1	1	1	1	1	     0	     0	     0			
923	a	sp|Q14247|SRC8_HUMAN	Q14247	SRC8_HUMAN	CTTN	550	5.80	Homo sapiens OX=9606	Src substrate cortactin 	1:Experimental evidence at protein level	0.9925	0.9990	1	1	1	1	1	1	     0	     0	     0			
924	a	sp|Q14257|RCN2_HUMAN	Q14257	RCN2_HUMAN	RCN2	317	6.30	Homo sapiens OX=9606	Reticulocalbin-2 	1:Experimental evidence at protein level	0.9925	0.9990	1	1	1	1	1	1	     0	     0	     0			
925	a	sp|Q14764|MVP_HUMAN	Q14764	MVP_HUMAN	MVP	893	1.90	Homo sapiens OX=9606	Major vault protein 	1:Experimental evidence at protein level	0.9925	0.9990	1	1	1	1	1	1	     0	     0	     0			
926	a	sp|Q15005|SPCS2_HUMAN	Q15005	SPCS2_HUMAN	SPCS2	226	8.40	Homo sapiens OX=9606	Signal peptidase complex subunit 2 	1:Experimental evidence at protein level	0.9925	0.9990	1	1	1	1	1	1	     0	     0	     0			
927	a	sp|Q15050|RRS1_HUMAN	Q15050	RRS1_HUMAN	RRS1	365	4.70	Homo sapiens OX=9606	Ribosome biogenesis regulatory protein homolog 	1:Experimental evidence at protein level	0.9925	0.9990	1	1	1	1	1	1	     0	     0	     0			
928	a	sp|Q15631|TSN_HUMAN	Q15631	TSN_HUMAN	TSN	228	6.60	Homo sapiens OX=9606	Translin 	1:Experimental evidence at protein level	0.9925	0.9990	1	1	1	1	1	1	     0	     0	     0			
929	a	sp|Q16543|CDC37_HUMAN	Q16543	CDC37_HUMAN	CDC37	378	5.60	Homo sapiens OX=9606	Hsp90 co-chaperone Cdc37 	1:Experimental evidence at protein level	0.9925	0.9990	1	1	1	1	1	1	     0	     0	     0			
930	a	sp|Q16629|SRSF7_HUMAN	Q16629	SRSF7_HUMAN	SRSF7	238	8.80	Homo sapiens OX=9606	Serine/arginine-rich splicing factor 7 	1:Experimental evidence at protein level	0.9925	0.9990	1	1	1	1	1	1	     0	     0	     0			
931	a	sp|Q16698|DECR_HUMAN	Q16698	DECR_HUMAN	DECR1	335	6.60	Homo sapiens OX=9606	2,4-dienoyl-CoA reductase [(3E)-enoyl-CoA-producing], mitochondrial 	1:Experimental evidence at protein level	0.9925	0.9990	1	1	1	1	1	1	     0	     0	     0			
932	a	sp|Q16762|THTR_HUMAN	Q16762	THTR_HUMAN	TST	297	6.40	Homo sapiens OX=9606	Thiosulfate sulfurtransferase 	1:Experimental evidence at protein level	0.9925	0.9990	1	1	1	1	1	1	     0	     0	     0			
933	a	sp|Q16822|PCKGM_HUMAN	Q16822	PCKGM_HUMAN	PCK2	640	2.50	Homo sapiens OX=9606	Phosphoenolpyruvate carboxykinase [GTP], mitochondrial 	1:Experimental evidence at protein level	0.9925	0.9990	1	1	1	1	1	1	     0	     0	     0			
934	a	sp|Q16851|UGPA_HUMAN	Q16851	UGPA_HUMAN	UGP2	508	3.50	Homo sapiens OX=9606	UTP--glucose-1-phosphate uridylyltransferase 	1:Experimental evidence at protein level	0.9925	0.9990	1	1	1	1	1	1	     0	     0	     0			
935	a	sp|Q53EL6|PDCD4_HUMAN	Q53EL6	PDCD4_HUMAN	PDCD4	469	3.40	Homo sapiens OX=9606	Programmed cell death protein 4 	1:Experimental evidence at protein level	0.9925	0.9990	1	1	1	2	2	2	     0	     0	     0	14C(57.0215)		
936	a	sp|Q5T653|RM02_HUMAN	Q5T653	RM02_HUMAN	MRPL2	305	8.20	Homo sapiens OX=9606	39S ribosomal protein L2, mitochondrial 	1:Experimental evidence at protein level	0.9925	0.9990	1	1	1	1	1	1	     0	     0	     0			
937	a	sp|Q6PKG0|LARP1_HUMAN	Q6PKG0	LARP1_HUMAN	LARP1	1096	2.30	Homo sapiens OX=9606	La-related protein 1 	1:Experimental evidence at protein level	0.9925	0.9990	1	1	1	1	1	1	     0	     0	     0	N-term(42.0106)		
938	a	sp|Q7Z7H5|TMED4_HUMAN	Q7Z7H5	TMED4_HUMAN	TMED4	227	7.50	Homo sapiens OX=9606	Transmembrane emp24 domain-containing protein 4 	1:Experimental evidence at protein level	0.9925	0.9990	1	1	1	1	1	1	     0	     0	     0			
939	a	sp|Q8IZL8|PELP1_HUMAN	Q8IZL8	PELP1_HUMAN	PELP1	1130	2.70	Homo sapiens OX=9606	Proline-, glutamic acid- and leucine-rich protein 1 	1:Experimental evidence at protein level	0.9925	0.9990	1	1	1	1	1	1	     0	     0	     0	N-term(42.0106)		
940	a	sp|Q8N4Q1|MIA40_HUMAN	Q8N4Q1	MIA40_HUMAN	CHCHD4	142	12.70	Homo sapiens OX=9606	Mitochondrial intermembrane space import and assembly protein 40 	1:Experimental evidence at protein level	0.9925	0.9990	1	1	1	1	1	1	     0	     0	     0			
941	a	sp|Q8NBU5|ATAD1_HUMAN	Q8NBU5	ATAD1_HUMAN	ATAD1	361	5.50	Homo sapiens OX=9606	Outer mitochondrial transmembrane helix translocase 	1:Experimental evidence at protein level	0.9925	0.9990	1	1	1	1	1	1	     0	     0	     0			
942	a	sp|Q8NCW5|NNRE_HUMAN	Q8NCW5	NNRE_HUMAN	NAXE	288	8.00	Homo sapiens OX=9606	NAD(P)H-hydrate epimerase 	1:Experimental evidence at protein level	0.9925	0.9990	1	1	1	1	1	1	     0	     0	     0	21C(57.0215), 9C(57.0215)		
943	a	sp|Q8NE71|ABCF1_HUMAN	Q8NE71	ABCF1_HUMAN	ABCF1	845	2.00	Homo sapiens OX=9606	ATP-binding cassette sub-family F member 1 	1:Experimental evidence at protein level	0.9925	0.9990	1	1	1	1	1	1	     0	     0	     0			
944	a	sp|Q8NFH5|NUP35_HUMAN	Q8NFH5	NUP35_HUMAN	NUP35	326	5.50	Homo sapiens OX=9606	Nucleoporin NUP35 	1:Experimental evidence at protein level	0.9925	0.9990	1	1	1	1	1	1	     0	     0	     0			
945	a	sp|Q8WVV9|HNRLL_HUMAN	Q8WVV9	HNRLL_HUMAN	HNRNPLL	542	3.00	Homo sapiens OX=9606	Heterogeneous nuclear ribonucleoprotein L-like 	1:Experimental evidence at protein level	0.9925	0.9990	1	1	1	1	1	1	     0	     0	     0			
946	a	sp|Q92879|CELF1_HUMAN	Q92879	CELF1_HUMAN	CELF1	486	2.70	Homo sapiens OX=9606	CUGBP Elav-like family member 1 	1:Experimental evidence at protein level	0.9925	0.9990	1	1	1	1	1	1	     0	     0	     0			
947	a	sp|Q92928|RAB1C_HUMAN	Q92928	RAB1C_HUMAN	RAB1C	201	8.50	Homo sapiens OX=9606	Putative Ras-related protein Rab-1C 	5:Protein uncertain	0.9925	0.9990	1	0	1	1	0	1	     0	     0	     0			sp|Q9H0U4|RAB1B_HUMAN
948	a	sp|Q969S3|ZN622_HUMAN	Q969S3	ZN622_HUMAN	ZNF622	477	3.40	Homo sapiens OX=9606	Zinc finger protein 622 	1:Experimental evidence at protein level	0.9925	0.9990	1	1	1	1	1	1	     0	     0	     0			
949	a	sp|Q96AC1|FERM2_HUMAN	Q96AC1	FERM2_HUMAN	FERMT2	680	4.10	Homo sapiens OX=9606	Fermitin family homolog 2 	1:Experimental evidence at protein level	0.9925	0.9990	1	1	1	1	1	1	     0	     0	     0	23C(57.0215)		
950	a	sp|Q96B49|TOM6_HUMAN	Q96B49	TOM6_HUMAN	TOMM6	74	37.80	Homo sapiens OX=9606	Mitochondrial import receptor subunit TOM6 homolog 	1:Experimental evidence at protein level	0.9925	0.9990	1	1	1	1	1	1	     0	     0	     0	N-term(42.0106)		
951	a	sp|Q96C01|F136A_HUMAN	Q96C01	F136A_HUMAN	FAM136A	138	13.00	Homo sapiens OX=9606	Protein FAM136A 	1:Experimental evidence at protein level	0.9925	0.9990	1	1	1	2	2	2	     0	     0	     0	1C(57.0215)		
952	a	sp|Q96EE3|SEH1_HUMAN	Q96EE3	SEH1_HUMAN	SEH1L	360	6.10	Homo sapiens OX=9606	Nucleoporin SEH1 	1:Experimental evidence at protein level	0.9925	0.9990	1	1	1	1	1	1	     0	     0	     0			
953	a	sp|Q96N66|MBOA7_HUMAN	Q96N66	MBOA7_HUMAN	MBOAT7	472	3.40	Homo sapiens OX=9606	Lysophospholipid acyltransferase 7 	1:Experimental evidence at protein level	0.9925	0.9990	1	1	1	1	1	1	     0	     0	     0			
954	a	sp|Q99471|PFD5_HUMAN	Q99471	PFD5_HUMAN	PFDN5	154	11.70	Homo sapiens OX=9606	Prefoldin subunit 5 	1:Experimental evidence at protein level	0.9925	0.9990	1	1	1	1	1	1	     0	     0	     0			
955	a	sp|Q99575|POP1_HUMAN	Q99575	POP1_HUMAN	POP1	1024	1.80	Homo sapiens OX=9606	Ribonucleases P/MRP protein subunit POP1 	1:Experimental evidence at protein level	0.9925	0.9990	1	1	1	1	1	1	     0	     0	     0			
956	a	sp|Q99643|C560_HUMAN	Q99643	C560_HUMAN	SDHC	169	7.70	Homo sapiens OX=9606	Succinate dehydrogenase cytochrome b560 subunit, mitochondrial 	1:Experimental evidence at protein level	0.9925	0.9990	1	1	1	1	1	1	     0	     0	     0	3C(57.0215)		
957	a	sp|Q99829|CPNE1_HUMAN	Q99829	CPNE1_HUMAN	CPNE1	537	3.00	Homo sapiens OX=9606	Copine-1 	1:Experimental evidence at protein level	0.9925	0.9990	1	1	1	1	1	1	     0	     0	     0			
958	a	sp|Q99848|EBP2_HUMAN	Q99848	EBP2_HUMAN	EBNA1BP2	306	7.20	Homo sapiens OX=9606	Probable rRNA-processing protein EBP2 	1:Experimental evidence at protein level	0.9925	0.9990	1	1	1	1	1	1	     0	     0	     0			
959	a	sp|Q9BRA2|TXD17_HUMAN	Q9BRA2	TXD17_HUMAN	TXNDC17	123	11.40	Homo sapiens OX=9606	Thioredoxin domain-containing protein 17 	1:Experimental evidence at protein level	0.9925	0.9990	1	1	1	1	1	1	     0	     0	     0			
960	a	sp|Q9BSH4|TACO1_HUMAN	Q9BSH4	TACO1_HUMAN	TACO1	297	6.10	Homo sapiens OX=9606	Translational activator of cytochrome c oxidase 1 	1:Experimental evidence at protein level	0.9925	0.9990	1	1	1	1	1	1	     0	     0	     0			
961	a	sp|Q9BUQ8|DDX23_HUMAN	Q9BUQ8	DDX23_HUMAN	DDX23	820	2.90	Homo sapiens OX=9606	Probable ATP-dependent RNA helicase DDX23 	1:Experimental evidence at protein level	0.9925	0.9990	1	1	1	1	1	1	     0	     0	     0	11C(57.0215)		
962	a	sp|Q9BVC6|TM109_HUMAN	Q9BVC6	TM109_HUMAN	TMEM109	243	5.30	Homo sapiens OX=9606	Transmembrane protein 109 	1:Experimental evidence at protein level	0.9925	0.9990	1	1	1	1	1	1	     0	     0	     0			
963	a	sp|Q9BXP5|SRRT_HUMAN	Q9BXP5	SRRT_HUMAN	SRRT	876	2.20	Homo sapiens OX=9606	Serrate RNA effector molecule homolog 	1:Experimental evidence at protein level	0.9925	0.9990	1	1	1	1	1	1	     0	     0	     0			
964	a	sp|Q9BXV9|GON7_HUMAN	Q9BXV9	GON7_HUMAN	GON7	100	18.00	Homo sapiens OX=9606	EKC/KEOPS complex subunit GON7 	1:Experimental evidence at protein level	0.9925	0.9990	1	1	1	1	1	1	     0	     0	     0			
965	a	sp|Q9GZS3|WDR61_HUMAN	Q9GZS3	WDR61_HUMAN	WDR61	305	9.50	Homo sapiens OX=9606	WD repeat-containing protein 61 	1:Experimental evidence at protein level	0.9925	0.9990	1	1	1	1	1	1	     0	     0	     0			
966	a	sp|Q9H7B2|RPF2_HUMAN	Q9H7B2	RPF2_HUMAN	RPF2	306	5.60	Homo sapiens OX=9606	Ribosome production factor 2 homolog 	1:Experimental evidence at protein level	0.9925	0.9990	1	1	1	1	1	1	     0	     0	     0			
967	a	sp|Q9H7E9|CH033_HUMAN	Q9H7E9	CH033_HUMAN	C8orf33	229	10.00	Homo sapiens OX=9606	UPF0488 protein C8orf33 	1:Experimental evidence at protein level	0.9925	0.9990	1	1	1	1	1	1	     0	     0	     0	20C(57.0215), N-term(42.0106)		
968	a	sp|Q9HAV4|XPO5_HUMAN	Q9HAV4	XPO5_HUMAN	XPO5	1204	1.70	Homo sapiens OX=9606	Exportin-5 	1:Experimental evidence at protein level	0.9925	0.9990	1	1	1	1	1	1	     0	     0	     0			
969	a	sp|Q9HB07|MYG1_HUMAN	Q9HB07	MYG1_HUMAN	MYG1	376	3.20	Homo sapiens OX=9606	MYG1 exonuclease 	1:Experimental evidence at protein level	0.9925	0.9990	1	1	1	1	1	1	     0	     0	     0			
970	a	sp|Q9HB71|CYBP_HUMAN	Q9HB71	CYBP_HUMAN	CACYBP	228	6.60	Homo sapiens OX=9606	Calcyclin-binding protein 	1:Experimental evidence at protein level	0.9925	0.9990	1	1	1	1	1	1	     0	     0	     0			
971	a	sp|Q9NPA8|ENY2_HUMAN	Q9NPA8	ENY2_HUMAN	ENY2	101	16.80	Homo sapiens OX=9606	Transcription and mRNA export factor ENY2 	1:Experimental evidence at protein level	0.9925	0.9990	1	1	1	1	1	1	     0	     0	     0			
972	a	sp|Q9NRX4|PHP14_HUMAN	Q9NRX4	PHP14_HUMAN	PHPT1	125	16.00	Homo sapiens OX=9606	14 kDa phosphohistidine phosphatase 	1:Experimental evidence at protein level	0.9925	0.9990	1	1	1	1	1	1	     0	     0	     0	N-term(42.0106)		
973	a	sp|Q9NS69|TOM22_HUMAN	Q9NS69	TOM22_HUMAN	TOMM22	142	14.80	Homo sapiens OX=9606	Mitochondrial import receptor subunit TOM22 homolog 	1:Experimental evidence at protein level	0.9925	0.9990	1	1	1	1	1	1	     0	     0	     0	N-term(42.0106)		
974	a	sp|Q9NUQ9|CYRIB_HUMAN	Q9NUQ9	CYRIB_HUMAN	CYRIB	324	5.90	Homo sapiens OX=9606	CYFIP-related Rac1 interactor B 	1:Experimental evidence at protein level	0.9925	0.9990	1	1	1	1	1	1	     0	     0	     0			
975	a	sp|Q9NY12|GAR1_HUMAN	Q9NY12	GAR1_HUMAN	GAR1	217	8.30	Homo sapiens OX=9606	H/ACA ribonucleoprotein complex subunit 1 	1:Experimental evidence at protein level	0.9925	0.9990	1	1	1	1	1	1	     0	     0	     0	11C(57.0215), 17C(57.0215)		
976	a	sp|Q9NY33|DPP3_HUMAN	Q9NY33	DPP3_HUMAN	DPP3	737	2.20	Homo sapiens OX=9606	Dipeptidyl peptidase 3 	1:Experimental evidence at protein level	0.9925	0.9990	1	1	1	1	1	1	     0	     0	     0			
977	a	sp|Q9NZL4|HPBP1_HUMAN	Q9NZL4	HPBP1_HUMAN	HSPBP1	359	7.20	Homo sapiens OX=9606	Hsp70-binding protein 1 	1:Experimental evidence at protein level	0.9925	0.9990	1	1	1	1	1	1	     0	     0	     0	8C(57.0215)		
978	a	sp|Q9NZL9|MAT2B_HUMAN	Q9NZL9	MAT2B_HUMAN	MAT2B	334	7.50	Homo sapiens OX=9606	Methionine adenosyltransferase 2 subunit beta 	1:Experimental evidence at protein level	0.9925	0.9990	1	1	1	1	1	1	     0	     0	     0			
979	a	sp|Q9UHD8|SEPT9_HUMAN	Q9UHD8	SEPT9_HUMAN	SEPTIN9	586	4.80	Homo sapiens OX=9606	Septin-9 	1:Experimental evidence at protein level	0.9925	0.9990	1	1	1	1	1	1	     0	     0	     0			
980	a	sp|Q9UI10|EI2BD_HUMAN	Q9UI10	EI2BD_HUMAN	EIF2B4	523	5.00	Homo sapiens OX=9606	Translation initiation factor eIF-2B subunit delta 	1:Experimental evidence at protein level	0.9925	0.9990	1	1	1	1	1	1	     0	     0	     0			
981	a	sp|Q9UKM9|RALY_HUMAN	Q9UKM9	RALY_HUMAN	RALY	306	6.90	Homo sapiens OX=9606	RNA-binding protein Raly 	1:Experimental evidence at protein level	0.9925	0.9990	1	1	1	1	1	1	     0	     0	     0			
982	a	sp|Q9UKS6|PACN3_HUMAN	Q9UKS6	PACN3_HUMAN	PACSIN3	424	3.80	Homo sapiens OX=9606	Protein kinase C and casein kinase substrate in neurons protein 3 	1:Experimental evidence at protein level	0.9925	0.9990	1	1	1	1	1	1	     0	     0	     0			
983	a	sp|Q9Y224|RTRAF_HUMAN	Q9Y224	RTRAF_HUMAN	RTRAF	244	6.10	Homo sapiens OX=9606	RNA transcription, translation and transport factor protein 	1:Experimental evidence at protein level	0.9925	0.9990	1	1	1	1	1	1	     0	     0	     0	14C(57.0215)		
984	a	sp|Q9Y230|RUVB2_HUMAN	Q9Y230	RUVB2_HUMAN	RUVBL2	463	3.70	Homo sapiens OX=9606	RuvB-like 2 	1:Experimental evidence at protein level	0.9925	0.9990	1	1	1	1	1	1	     0	     0	     0			
985	a	sp|Q9Y2Q3|GSTK1_HUMAN	Q9Y2Q3	GSTK1_HUMAN	GSTK1	226	6.60	Homo sapiens OX=9606	Glutathione S-transferase kappa 1 	1:Experimental evidence at protein level	0.9925	0.9990	1	1	1	1	1	1	     0	     0	     0			
986	a	sp|Q9Y2V2|CHSP1_HUMAN	Q9Y2V2	CHSP1_HUMAN	CARHSP1	147	10.90	Homo sapiens OX=9606	Calcium-regulated heat-stable protein 1 	1:Experimental evidence at protein level	0.9925	0.9990	1	1	1	1	1	1	     0	     0	     0			
987	a	sp|Q9Y2Z4|SYYM_HUMAN	Q9Y2Z4	SYYM_HUMAN	YARS2	477	3.80	Homo sapiens OX=9606	Tyrosine--tRNA ligase, mitochondrial 	1:Experimental evidence at protein level	0.9925	0.9990	1	1	1	1	1	1	     0	     0	     0			
988	a	sp|Q9Y394|DHRS7_HUMAN	Q9Y394	DHRS7_HUMAN	DHRS7	339	5.90	Homo sapiens OX=9606	Dehydrogenase/reductase SDR family member 7 	1:Experimental evidence at protein level	0.9925	0.9990	1	1	1	1	1	1	     0	     0	     0			
989	a	sp|Q9Y3A5|SBDS_HUMAN	Q9Y3A5	SBDS_HUMAN	SBDS	250	7.20	Homo sapiens OX=9606	Ribosome maturation protein SBDS 	1:Experimental evidence at protein level	0.9925	0.9990	1	1	1	1	1	1	     0	     0	     0	17C(57.0215)		
990	a	sp|Q9Y3C1|NOP16_HUMAN	Q9Y3C1	NOP16_HUMAN	NOP16	178	9.60	Homo sapiens OX=9606	Nucleolar protein 16 	1:Experimental evidence at protein level	0.9925	0.9990	1	1	1	1	1	1	     0	     0	     0			
991	a	sp|Q9Y5Y2|NUBP2_HUMAN	Q9Y5Y2	NUBP2_HUMAN	NUBP2	271	10.00	Homo sapiens OX=9606	Cytosolic Fe-S cluster assembly factor NUBP2 	1:Experimental evidence at protein level	0.9925	0.9990	1	1	1	1	1	1	     0	     0	     0			
992	a	sp|O15427|MOT4_HUMAN	O15427	MOT4_HUMAN	SLC16A3	465	2.80	Homo sapiens OX=9606	Monocarboxylate transporter 4 	1:Experimental evidence at protein level	0.9918	0.9989	1	1	1	1	1	1	     0	     0	     0			
993	a	sp|O43324|MCA3_HUMAN	O43324	MCA3_HUMAN	EEF1E1	174	14.40	Homo sapiens OX=9606	Eukaryotic translation elongation factor 1 epsilon-1 	1:Experimental evidence at protein level	0.9918	0.9989	1	1	1	1	1	1	     0	     0	     0			
994	a	sp|O43488|ARK72_HUMAN	O43488	ARK72_HUMAN	AKR7A2	359	8.10	Homo sapiens OX=9606	Aflatoxin B1 aldehyde reductase member 2 	1:Experimental evidence at protein level	0.9918	0.9989	1	1	1	1	1	1	     0	     0	     0	27C(57.0215), 3C(57.0215)		
995	a	sp|O43765|SGTA_HUMAN	O43765	SGTA_HUMAN	SGTA	313	4.20	Homo sapiens OX=9606	Small glutamine-rich tetratricopeptide repeat-containing protein alpha 	1:Experimental evidence at protein level	0.9918	0.9989	1	1	1	1	1	1	     0	     0	     0			
996	a	sp|O60220|TIM8A_HUMAN	O60220	TIM8A_HUMAN	TIMM8A	97	29.90	Homo sapiens OX=9606	Mitochondrial import inner membrane translocase subunit Tim8 A 	1:Experimental evidence at protein level	0.9918	0.9989	1	1	1	1	1	1	     0	     0	     0	N-term(42.0106)		
997	a	sp|O60469|DSCAM_HUMAN	O60469	DSCAM_HUMAN	DSCAM	2012	0.50	Homo sapiens OX=9606	Down syndrome cell adhesion molecule 	1:Experimental evidence at protein level	0.9918	0.9989	1	1	1	1	1	1	     0	     0	     0			
998	a	sp|O60547|GMDS_HUMAN	O60547	GMDS_HUMAN	GMDS	372	4.30	Homo sapiens OX=9606	GDP-mannose 4,6 dehydratase 	1:Experimental evidence at protein level	0.9918	0.9989	1	1	1	1	1	1	     0	     0	     0	14C(57.0215)		
999	a	sp|O95218|ZRAB2_HUMAN	O95218	ZRAB2_HUMAN	ZRANB2	330	4.80	Homo sapiens OX=9606	Zinc finger Ran-binding domain-containing protein 2 	1:Experimental evidence at protein level	0.9918	0.9989	1	1	1	1	1	1	     0	     0	     0			
1000	a	sp|O95394|AGM1_HUMAN	O95394	AGM1_HUMAN	PGM3	542	2.40	Homo sapiens OX=9606	Phosphoacetylglucosamine mutase 	1:Experimental evidence at protein level	0.9918	0.9989	1	1	1	1	1	1	     0	     0	     0			
1001	a	sp|P00004|CYC_HORSE	P00004	CYC_HORSE	CYCS	105	10.50	Equus caballus	Cytochrome c 	1:Experimental evidence at protein level	0.9918	0.9989	1	0	1	2	0	2	     0	     0	     0			sp|P99999|CYC_HUMAN
1002	a	sp|P10768|ESTD_HUMAN	P10768	ESTD_HUMAN	ESD	282	8.20	Homo sapiens OX=9606	S-formylglutathione hydrolase 	1:Experimental evidence at protein level	0.9918	0.9989	1	1	1	1	1	1	     0	     0	     0			
1003	a	sp|P12081|SYHC_HUMAN	P12081	SYHC_HUMAN	HARS	509	4.30	Homo sapiens	Histidine--tRNA ligase, cytoplasmic 	1:Experimental evidence at protein level	0.9918	0.9989	1	1	1	1	1	1	     0	     0	     0			
1004	a	sp|P22059|OSBP1_HUMAN	P22059	OSBP1_HUMAN	OSBP	807	1.60	Homo sapiens OX=9606	Oxysterol-binding protein 1 	1:Experimental evidence at protein level	0.9918	0.9989	1	1	1	1	1	1	     0	     0	     0			
1005	a	sp|P28288|ABCD3_HUMAN	P28288	ABCD3_HUMAN	ABCD3	659	2.40	Homo sapiens OX=9606	ATP-binding cassette sub-family D member 3 	1:Experimental evidence at protein level	0.9918	0.9989	1	1	1	1	1	1	     0	     0	     0			
1006	a	sp|P36405|ARL3_HUMAN	P36405	ARL3_HUMAN	ARL3	182	12.10	Homo sapiens OX=9606	ADP-ribosylation factor-like protein 3 	1:Experimental evidence at protein level	0.9918	0.9989	1	1	1	1	1	1	     0	     0	     0			
1007	a	sp|P41236|IPP2_HUMAN	P41236	IPP2_HUMAN	PPP1R2	205	5.40	Homo sapiens OX=9606	Protein phosphatase inhibitor 2 	1:Experimental evidence at protein level	0.9918	0.9989	1	0	1	2	0	2	     0	     0	     0	N-term(42.0106)		sp|Q6NXS1|IPP2B_HUMAN
1008	a	sp|P51116|FXR2_HUMAN	P51116	FXR2_HUMAN	FXR2	673	3.00	Homo sapiens OX=9606	Fragile X mental retardation syndrome-related protein 2 	1:Experimental evidence at protein level	0.9918	0.9989	1	0	1	1	0	1	     0	     0	     0			sp|Q06787|FMR1_HUMAN
1009	a	sp|P51808|DYLT3_HUMAN	P51808	DYLT3_HUMAN	DYNLT3	116	14.70	Homo sapiens OX=9606	Dynein light chain Tctex-type 3 	1:Experimental evidence at protein level	0.9918	0.9989	1	1	1	1	1	1	     0	     0	     0	2C(57.0215)		
1010	a	sp|P62820|RAB1A_HUMAN	P62820	RAB1A_HUMAN	RAB1A	205	8.30	Homo sapiens OX=9606	Ras-related protein Rab-1A 	1:Experimental evidence at protein level	0.9918	0.9989	1	1	1	1	1	1	     0	     0	     0			
1011	a	sp|P63279|UBC9_HUMAN	P63279	UBC9_HUMAN	UBE2I	158	7.60	Homo sapiens	SUMO-conjugating enzyme UBC9 	1:Experimental evidence at protein level	0.9918	0.9989	1	1	1	1	1	1	     0	     0	     0			
1012	a	sp|Q07020|RL18_HUMAN	Q07020	RL18_HUMAN	RPL18	188	5.30	Homo sapiens OX=9606	60S ribosomal protein L18 	1:Experimental evidence at protein level	0.9918	0.9989	1	1	1	1	1	1	     0	     0	     0			
1013	a	sp|Q14254|FLOT2_HUMAN	Q14254	FLOT2_HUMAN	FLOT2	428	2.80	Homo sapiens OX=9606	Flotillin-2 	1:Experimental evidence at protein level	0.9918	0.9989	1	1	1	1	1	1	     0	     0	     0			
1014	a	sp|Q15785|TOM34_HUMAN	Q15785	TOM34_HUMAN	TOMM34	309	5.80	Homo sapiens OX=9606	Mitochondrial import receptor subunit TOM34 	1:Experimental evidence at protein level	0.9918	0.9989	1	1	1	1	1	1	     0	     0	     0			
1015	a	sp|Q5T6F2|UBAP2_HUMAN	Q5T6F2	UBAP2_HUMAN	UBAP2	1119	2.00	Homo sapiens OX=9606	Ubiquitin-associated protein 2 	1:Experimental evidence at protein level	0.9918	0.9989	1	1	1	1	1	1	     0	     0	     0			
1016	a	sp|Q8IVU3|HERC6_HUMAN	Q8IVU3	HERC6_HUMAN	HERC6	1022	1.90	Homo sapiens OX=9606	Probable E3 ubiquitin-protein ligase HERC6 	1:Experimental evidence at protein level	0.9918	0.9989	1	1	1	1	1	1	     0	     0	     0		Hex(2)(324.105600)	
1017	a	sp|Q9NP92|RT30_HUMAN	Q9NP92	RT30_HUMAN	MRPS30	439	3.40	Homo sapiens OX=9606	39S ribosomal protein S30, mitochondrial 	1:Experimental evidence at protein level	0.9918	0.9989	1	1	1	1	1	1	     0	     0	     0	4C(57.0215), 6C(57.0215)		
1018	a	sp|Q9NYJ1|COA4_HUMAN	Q9NYJ1	COA4_HUMAN	COA4	87	17.20	Homo sapiens OX=9606	Cytochrome c oxidase assembly factor 4 homolog, mitochondrial 	1:Experimental evidence at protein level	0.9918	0.9989	1	1	1	1	1	1	     0	     0	     0			
1019	a	sp|Q9UGI8|TES_HUMAN	Q9UGI8	TES_HUMAN	TES	421	4.00	Homo sapiens OX=9606	Testin 	1:Experimental evidence at protein level	0.9918	0.9989	1	1	1	1	1	1	     0	     0	     0	1C(57.0215)		
1020	a	sp|Q9UII2|ATIF1_HUMAN	Q9UII2	ATIF1_HUMAN	ATP5IF1	106	9.40	Homo sapiens OX=9606	ATPase inhibitor, mitochondrial 	1:Experimental evidence at protein level	0.9918	0.9989	1	1	1	1	1	1	     0	     0	     0			
1021	a	sp|Q9Y5L0|TNPO3_HUMAN	Q9Y5L0	TNPO3_HUMAN	TNPO3	923	1.80	Homo sapiens OX=9606	Transportin-3 	1:Experimental evidence at protein level	0.9918	0.9989	1	1	1	1	1	1	     0	     0	     0			
1022	a	sp|O95478|NSA2_HUMAN	O95478	NSA2_HUMAN	NSA2	260	3.80	Homo sapiens OX=9606	Ribosome biogenesis protein NSA2 homolog 	1:Experimental evidence at protein level	0.9910	0.9988	1	1	1	1	1	1	     0	     0	     0			
1023	a	sp|P13073|COX41_HUMAN	P13073	COX41_HUMAN	COX4I1	169	6.50	Homo sapiens OX=9606	Cytochrome c oxidase subunit 4 isoform 1, mitochondrial 	1:Experimental evidence at protein level	0.9910	0.9988	1	1	1	1	1	1	     0	     0	     0			
1024	a	sp|P46060|RAGP1_HUMAN	P46060	RAGP1_HUMAN	RANGAP1	587	1.90	Homo sapiens OX=9606	Ran GTPase-activating protein 1 	1:Experimental evidence at protein level	0.9910	0.9988	1	1	1	1	1	1	     0	     0	     0	9C(57.0215)		
1025	a	sp|P62910|RL32_HUMAN	P62910	RL32_HUMAN	RPL32	135	9.60	Homo sapiens OX=9606	60S ribosomal protein L32 	1:Experimental evidence at protein level	0.9910	0.9988	1	1	1	1	1	1	     0	     0	     0	3C(57.0215)		
1026	a	sp|P62942|FKB1A_HUMAN	P62942	FKB1A_HUMAN	FKBP1A	108	15.70	Homo sapiens OX=9606	Peptidyl-prolyl cis-trans isomerase FKBP1A 	1:Experimental evidence at protein level	0.9910	0.9988	1	1	1	1	1	1	     0	     0	     0	5C(57.0215)		
1027	a	sp|Q03252|LMNB2_HUMAN	Q03252	LMNB2_HUMAN	LMNB2	620	2.70	Homo sapiens OX=9606	Lamin-B2 	1:Experimental evidence at protein level	0.9910	0.9988	1	1	1	1	1	1	     0	     0	     0			
1028	a	sp|Q15629|TRAM1_HUMAN	Q15629	TRAM1_HUMAN	TRAM1	374	2.90	Homo sapiens OX=9606	Translocating chain-associated membrane protein 1 	1:Experimental evidence at protein level	0.9910	0.9988	1	1	1	1	1	1	     0	     0	     0			
1029	a	sp|Q8IWA0|WDR75_HUMAN	Q8IWA0	WDR75_HUMAN	WDR75	830	2.30	Homo sapiens OX=9606	WD repeat-containing protein 75 	1:Experimental evidence at protein level	0.9910	0.9988	1	1	1	1	1	1	     0	     0	     0			
1030	a	sp|Q96I99|SUCB2_HUMAN	Q96I99	SUCB2_HUMAN	SUCLG2	432	5.80	Homo sapiens OX=9606	Succinate--CoA ligase [GDP-forming] subunit beta, mitochondrial 	1:Experimental evidence at protein level	0.9910	0.9988	1	1	1	1	1	1	     0	     0	     0	21C(57.0215)		
1031	a	sp|Q9NPD3|EXOS4_HUMAN	Q9NPD3	EXOS4_HUMAN	EXOSC4	245	4.90	Homo sapiens OX=9606	Exosome complex component RRP41 	1:Experimental evidence at protein level	0.9910	0.9988	1	1	1	1	1	1	     0	     0	     0			
1032	a	sp|Q9UJU6|DBNL_HUMAN	Q9UJU6	DBNL_HUMAN	DBNL	430	2.60	Homo sapiens OX=9606	Drebrin-like protein 	1:Experimental evidence at protein level	0.9910	0.9988	1	1	1	1	1	1	     0	     0	     0			
1033	a	sp|O00267|SPT5H_HUMAN	O00267	SPT5H_HUMAN	SUPT5H	1087	1.50	Homo sapiens OX=9606	Transcription elongation factor SPT5 	1:Experimental evidence at protein level	0.9903	0.9987	1	1	1	1	1	1	     0	     0	     0			
1034	a	sp|O00487|PSDE_HUMAN	O00487	PSDE_HUMAN	PSMD14	310	8.40	Homo sapiens OX=9606	26S proteasome non-ATPase regulatory subunit 14 	1:Experimental evidence at protein level	0.9903	0.9987	1	1	1	1	1	1	     0	     0	     0			
1035	a	sp|O43865|SAHH2_HUMAN	O43865	SAHH2_HUMAN	AHCYL1	530	2.30	Homo sapiens OX=9606	S-adenosylhomocysteine hydrolase-like protein 1 	1:Experimental evidence at protein level	0.9903	0.9987	1	0	1	2	0	2	     0	     0	     0			sp|Q96HN2|SAHH3_HUMAN
1036	a	sp|O75494|SRS10_HUMAN	O75494	SRS10_HUMAN	SRSF10	262	4.20	Homo sapiens OX=9606	Serine/arginine-rich splicing factor 10 	1:Experimental evidence at protein level	0.9903	0.9987	1	1	1	1	1	1	     0	     0	     0			
1037	a	sp|O75874|IDHC_HUMAN	O75874	IDHC_HUMAN	IDH1	414	3.10	Homo sapiens OX=9606	Isocitrate dehydrogenase [NADP] cytoplasmic 	1:Experimental evidence at protein level	0.9903	0.9987	1	1	1	1	1	1	     0	     0	     0			
1038	a	sp|O75934|SPF27_HUMAN	O75934	SPF27_HUMAN	BCAS2	225	10.20	Homo sapiens OX=9606	Pre-mRNA-splicing factor SPF27 	1:Experimental evidence at protein level	0.9903	0.9987	1	1	1	1	1	1	     0	     0	     0	9C(57.0215)		
1039	a	sp|O95881|TXD12_HUMAN	O95881	TXD12_HUMAN	TXNDC12	172	8.70	Homo sapiens OX=9606	Thioredoxin domain-containing protein 12 	1:Experimental evidence at protein level	0.9903	0.9987	1	1	1	1	1	1	     0	     0	     0			
1040	a	sp|P20962|PTMS_HUMAN	P20962	PTMS_HUMAN	PTMS	102	11.80	Homo sapiens OX=9606	Parathymosin 	1:Experimental evidence at protein level	0.9903	0.9987	1	1	1	1	1	1	     0	     0	     0			
1041	a	sp|P21964|COMT_HUMAN	P21964	COMT_HUMAN	COMT	271	8.10	Homo sapiens OX=9606	Catechol O-methyltransferase 	1:Experimental evidence at protein level	0.9903	0.9987	1	1	1	1	1	1	     0	     0	     0	11C(57.0215)		
1042	a	sp|P24390|ERD21_HUMAN	P24390	ERD21_HUMAN	KDELR1	212	5.20	Homo sapiens OX=9606	ER lumen protein-retaining receptor 1 	1:Experimental evidence at protein level	0.9903	0.9987	1	0	1	1	0	1	     0	     0	     0			sp|P33947|ERD22_HUMAN
1043	a	sp|P28340|DPOD1_HUMAN	P28340	DPOD1_HUMAN	POLD1	1107	1.40	Homo sapiens OX=9606	DNA polymerase delta catalytic subunit 	1:Experimental evidence at protein level	0.9903	0.9987	1	1	1	1	1	1	     0	     0	     0	10C(57.0215), 13C(57.0215)		
1044	a	sp|P35606|COPB2_HUMAN	P35606	COPB2_HUMAN	COPB2	906	1.40	Homo sapiens OX=9606	Coatomer subunit beta' 	1:Experimental evidence at protein level	0.9903	0.9987	1	1	1	1	1	1	     0	     0	     0			
1045	a	sp|P53634|CATC_HUMAN	P53634	CATC_HUMAN	CTSC	463	2.60	Homo sapiens OX=9606	Dipeptidyl peptidase 1 	1:Experimental evidence at protein level	0.9903	0.9987	1	1	1	1	1	1	     0	     0	     0			
1046	a	sp|P55769|NH2L1_HUMAN	P55769	NH2L1_HUMAN	SNU13	128	8.60	Homo sapiens OX=9606	NHP2-like protein 1 	1:Experimental evidence at protein level	0.9903	0.9987	1	1	1	1	1	1	     0	     0	     0			
1047	a	sp|P61026|RAB10_HUMAN	P61026	RAB10_HUMAN	RAB10	200	5.00	Homo sapiens OX=9606	Ras-related protein Rab-10 	1:Experimental evidence at protein level	0.9903	0.9987	1	1	1	1	1	1	     0	     0	     0			
1048	a	sp|Q00765|REEP5_HUMAN	Q00765	REEP5_HUMAN	REEP5	189	5.80	Homo sapiens OX=9606	Receptor expression-enhancing protein 5 	1:Experimental evidence at protein level	0.9903	0.9987	1	1	1	1	1	1	     0	     0	     0			
1049	a	sp|Q13057|COASY_HUMAN	Q13057	COASY_HUMAN	COASY	564	4.10	Homo sapiens OX=9606	Bifunctional coenzyme A synthase 	1:Experimental evidence at protein level	0.9903	0.9987	1	1	1	1	1	1	     0	     0	     0			
1050	a	sp|Q15067|ACOX1_HUMAN	Q15067	ACOX1_HUMAN	ACOX1	660	3.60	Homo sapiens OX=9606	Peroxisomal acyl-coenzyme A oxidase 1 	1:Experimental evidence at protein level	0.9903	0.9987	1	1	1	1	1	1	     0	     0	     0			
1051	a	sp|Q969Z0|FAKD4_HUMAN	Q969Z0	FAKD4_HUMAN	TBRG4	631	3.50	Homo sapiens OX=9606	FAST kinase domain-containing protein 4 	1:Experimental evidence at protein level	0.9903	0.9987	1	1	1	1	1	1	     0	     0	     0	20C(57.0215)		
1052	a	sp|Q96KP4|CNDP2_HUMAN	Q96KP4	CNDP2_HUMAN	CNDP2	475	2.50	Homo sapiens OX=9606	Cytosolic non-specific dipeptidase 	1:Experimental evidence at protein level	0.9903	0.9987	1	1	1	1	1	1	     0	     0	     0			
1053	a	sp|Q9BQA1|MEP50_HUMAN	Q9BQA1	MEP50_HUMAN	WDR77	342	4.40	Homo sapiens OX=9606	Methylosome protein 50 	1:Experimental evidence at protein level	0.9903	0.9987	1	1	1	1	1	1	     0	     0	     0	8C(57.0215)		
1054	a	sp|Q9GZT3|SLIRP_HUMAN	Q9GZT3	SLIRP_HUMAN	SLIRP	109	9.20	Homo sapiens OX=9606	SRA stem-loop-interacting RNA-binding protein, mitochondrial 	1:Experimental evidence at protein level	0.9903	0.9987	1	1	1	1	1	1	     0	     0	     0			
1055	a	sp|Q9NX63|MIC19_HUMAN	Q9NX63	MIC19_HUMAN	CHCHD3	227	5.70	Homo sapiens OX=9606	MIC	1:Experimental evidence at protein level	0.9903	0.9987	1	1	1	1	1	1	     0	     0	     0	7C(57.0215)		
1056	a	sp|Q9UBX3|DIC_HUMAN	Q9UBX3	DIC_HUMAN	SLC25A10	287	8.40	Homo sapiens OX=9606	Mitochondrial dicarboxylate carrier 	1:Experimental evidence at protein level	0.9903	0.9987	1	1	1	1	1	1	     0	     0	     0			
1057	a	sp|Q9Y4Y9|LSM5_HUMAN	Q9Y4Y9	LSM5_HUMAN	LSM5	91	20.90	Homo sapiens OX=9606	U6 snRNA-associated Sm-like protein LSm5 	1:Experimental evidence at protein level	0.9903	0.9987	1	1	1	1	1	1	     0	     0	     0	N-term(42.0106)		
1058	a	sp|Q9Y520|PRC2C_HUMAN	Q9Y520	PRC2C_HUMAN	PRRC2C	2896	0.60	Homo sapiens OX=9606	Protein PRRC2C 	1:Experimental evidence at protein level	0.9903	0.9987	1	1	1	1	1	1	     0	     0	     0			
1059	a	sp|Q9Y5J7|TIM9_HUMAN	Q9Y5J7	TIM9_HUMAN	TIMM9	89	16.90	Homo sapiens OX=9606	Mitochondrial import inner membrane translocase subunit Tim9 	1:Experimental evidence at protein level	0.9903	0.9987	1	1	1	1	1	1	     0	     0	     0			
1060	a	sp|P04179|SODM_HUMAN	P04179	SODM_HUMAN	SOD2	222	6.80	Homo sapiens OX=9606	Superoxide dismutase [Mn], mitochondrial 	1:Experimental evidence at protein level	0.9895	0.9986	1	1	1	1	1	1	     0	     0	     0			
1061	a	sp|P05161|ISG15_HUMAN	P05161	ISG15_HUMAN	ISG15	165	7.90	Homo sapiens OX=9606	Ubiquitin-like protein ISG15 	1:Experimental evidence at protein level	0.9895	0.9986	1	1	1	1	1	1	     0	     0	     0			
1062	a	sp|P10599|THIO_HUMAN	P10599	THIO_HUMAN	TXN	105	17.10	Homo sapiens	Thioredoxin 	1:Experimental evidence at protein level	0.9895	0.9986	1	1	1	1	1	1	     0	     0	     0			
1063	a	sp|Q13409|DC1I2_HUMAN	Q13409	DC1I2_HUMAN	DYNC1I2	638	1.70	Homo sapiens OX=9606	Cytoplasmic dynein 1 intermediate chain 2 	1:Experimental evidence at protein level	0.9895	0.9986	1	1	1	1	1	1	     0	     0	     0			
1064	a	sp|Q15437|SC23B_HUMAN	Q15437	SC23B_HUMAN	SEC23B	767	1.70	Homo sapiens OX=9606	Protein transport protein Sec23B 	1:Experimental evidence at protein level	0.9895	0.9986	1	1	1	1	1	1	     0	     0	     0			
1065	a	sp|Q5RI15|COX20_HUMAN	Q5RI15	COX20_HUMAN	COX20	118	10.20	Homo sapiens OX=9606	Cytochrome c oxidase assembly protein COX20, mitochondrial 	1:Experimental evidence at protein level	0.9895	0.9986	1	1	1	1	1	1	     0	     0	     0			
1066	a	sp|Q96A33|CCD47_HUMAN	Q96A33	CCD47_HUMAN	CCDC47	483	2.90	Homo sapiens OX=9606	PAT complex subunit CCDC47 	1:Experimental evidence at protein level	0.9895	0.9986	1	1	1	1	1	1	     0	     0	     0			
1067	a	sp|Q96T76|MMS19_HUMAN	Q96T76	MMS19_HUMAN	MMS19	1030	1.80	Homo sapiens OX=9606	MMS19 nucleotide excision repair protein homolog 	1:Experimental evidence at protein level	0.9895	0.9986	1	1	1	2	2	2	     0	     0	     0	2C(57.0215)		
1068	a	sp|Q9BT73|PSMG3_HUMAN	Q9BT73	PSMG3_HUMAN	PSMG3	122	12.30	Homo sapiens OX=9606	Proteasome assembly chaperone 3 	1:Experimental evidence at protein level	0.9895	0.9986	1	1	1	1	1	1	     0	     0	     0			
1069	a	sp|Q9NYL4|FKB11_HUMAN	Q9NYL4	FKB11_HUMAN	FKBP11	201	5.50	Homo sapiens OX=9606	Peptidyl-prolyl cis-trans isomerase FKBP11 	1:Experimental evidence at protein level	0.9895	0.9986	1	1	1	1	1	1	     0	     0	     0			
1070	a	sp|Q9UG63|ABCF2_HUMAN	Q9UG63	ABCF2_HUMAN	ABCF2	623	1.60	Homo sapiens OX=9606	ATP-binding cassette sub-family F member 2 	1:Experimental evidence at protein level	0.9895	0.9986	1	1	1	1	1	1	     0	     0	     0	8C(57.0215)		
1071	a	sp|Q9UM00|TMCO1_HUMAN	Q9UM00	TMCO1_HUMAN	TMCO1	239	6.30	Homo sapiens OX=9606	Calcium load-activated calcium channel 	1:Experimental evidence at protein level	0.9895	0.9986	1	1	1	1	1	1	     0	     0	     0			
1072	a	sp|Q9UQ35|SRRM2_HUMAN	Q9UQ35	SRRM2_HUMAN	SRRM2	2752	0.60	Homo sapiens OX=9606	Serine/arginine repetitive matrix protein 2 	1:Experimental evidence at protein level	0.9895	0.9986	1	1	1	1	1	1	     0	     0	     0			
1074	a	sp|P10620|MGST1_HUMAN	P10620	MGST1_HUMAN	MGST1	155	10.30	Homo sapiens OX=9606	Microsomal glutathione S-transferase 1 	1:Experimental evidence at protein level	0.9888	0.9985	1	1	1	1	1	1	     0	     0	     0			
1075	a	sp|P63000|RAC1_HUMAN	P63000	RAC1_HUMAN	RAC1	192	7.30	Homo sapiens OX=9606	Ras-related C3 botulinum toxin substrate 1 	1:Experimental evidence at protein level	0.9888	0.9985	1	1	1	1	1	1	     0	     0	     0	3C(57.0215)		
1076	a	sp|Q2M3M2|SC5A9_HUMAN	Q2M3M2	SC5A9_HUMAN	SLC5A9	681	2.90	Homo sapiens OX=9606	Sodium/glucose cotransporter 4 	1:Experimental evidence at protein level	0.9888	0.9985	1	1	1	1	1	1	     0	     0	     0			
1077	a	sp|P12235|ADT1_HUMAN	P12235	ADT1_HUMAN	SLC25A4	298	9.10	Homo sapiens OX=9606	ADP/ATP translocase 1 	1:Experimental evidence at protein level	0.9758	0.9978	1	0	1	1	0	1	     0	     0	     0	18C(57.0215)		sp|P12236|ADT3_HUMAN
1078	a	sp|O15069|NACAD_HUMAN	O15069	NACAD_HUMAN	NACAD	1562	0.90	Homo sapiens OX=9606	NAC-alpha domain-containing protein 1 	1:Experimental evidence at protein level	0.9881	0.9984	1	1	1	1	1	1	     0	     0	     0			
1079	a	sp|O75347|TBCA_HUMAN	O75347	TBCA_HUMAN	TBCA	108	10.20	Homo sapiens OX=9606	Tubulin-specific chaperone A 	1:Experimental evidence at protein level	0.9881	0.9984	1	1	1	1	1	1	     0	     0	     0			
1080	a	sp|P51114|FXR1_HUMAN	P51114	FXR1_HUMAN	FXR1	621	1.60	Homo sapiens OX=9606	Fragile X mental retardation syndrome-related protein 1 	1:Experimental evidence at protein level	0.9881	0.9984	1	1	1	1	1	1	     0	     0	     0			
1081	a	sp|Q02818|NUCB1_HUMAN	Q02818	NUCB1_HUMAN	NUCB1	461	3.90	Homo sapiens OX=9606	Nucleobindin-1 	1:Experimental evidence at protein level	0.9881	0.9984	1	1	1	1	1	1	     0	     0	     0			
1082	a	sp|Q15061|WDR43_HUMAN	Q15061	WDR43_HUMAN	WDR43	677	2.40	Homo sapiens OX=9606	WD repeat-containing protein 43 	1:Experimental evidence at protein level	0.9881	0.9984	1	1	1	1	1	1	     0	     0	     0	7C(57.0215)		
1083	a	sp|Q9BWS9|CHID1_HUMAN	Q9BWS9	CHID1_HUMAN	CHID1	393	5.60	Homo sapiens OX=9606	Chitinase domain-containing protein 1 	1:Experimental evidence at protein level	0.9881	0.9984	1	1	1	1	1	1	     0	     0	     0			
1084	a	sp|Q9UMY4|SNX12_HUMAN	Q9UMY4	SNX12_HUMAN	SNX12	162	6.20	Homo sapiens OX=9606	Sorting nexin-12 	1:Experimental evidence at protein level	0.9881	0.9984	1	1	1	1	1	1	     0	     0	     0			
1085	a	sp|P0DPB6|RPAC2_HUMAN	P0DPB6	RPAC2_HUMAN	POLR1D	133	13.50	Homo sapiens OX=9606	DNA-directed RNA polymerases I and III subunit RPAC2 	1:Experimental evidence at protein level	0.9873	0.9983	1	1	1	1	1	1	     0	     0	     0	7C(57.0215)		
1086	a	sp|P39019|RS19_HUMAN	P39019	RS19_HUMAN	RPS19	145	6.90	Homo sapiens OX=9606	40S ribosomal protein S19 	1:Experimental evidence at protein level	0.9873	0.9983	1	1	1	1	1	1	     0	     0	     0			
1087	a	sp|Q96EP5|DAZP1_HUMAN	Q96EP5	DAZP1_HUMAN	DAZAP1	407	3.90	Homo sapiens OX=9606	DAZ-associated protein 1 	1:Experimental evidence at protein level	0.9873	0.9983	1	1	1	1	1	1	     0	     0	     0	10C(57.0215)		
1088	a	sp|Q9NQR4|NIT2_HUMAN	Q9NQR4	NIT2_HUMAN	NIT2	276	4.00	Homo sapiens OX=9606	Omega-amidase NIT2 	1:Experimental evidence at protein level	0.9873	0.9983	1	1	1	1	1	1	     0	     0	     0			
1089	a	sp|O95758|PTBP3_HUMAN	O95758	PTBP3_HUMAN	PTBP3	552	4.30	Homo sapiens OX=9606	Polypyrimidine tract-binding protein 3 	1:Experimental evidence at protein level	0.9866	0.9982	1	1	1	1	1	1	     0	     0	     0	17M(15.9949), 7M(15.9949)		
1090	a	sp|Q92643|GPI8_HUMAN	Q92643	GPI8_HUMAN	PIGK	395	3.50	Homo sapiens OX=9606	GPI-anchor transamidase 	1:Experimental evidence at protein level	0.9866	0.9982	1	1	1	1	1	1	     0	     0	     0			
1091	a	sp|Q9Y2W2|WBP11_HUMAN	Q9Y2W2	WBP11_HUMAN	WBP11	641	2.20	Homo sapiens OX=9606	WW domain-binding protein 11 	1:Experimental evidence at protein level	0.9866	0.9982	1	1	1	1	1	1	     0	     0	     0			
1092	a	sp|Q9UBQ0|VPS29_HUMAN	Q9UBQ0	VPS29_HUMAN	VPS29	182	7.10	Homo sapiens OX=9606	Vacuolar protein sorting-associated protein 29 	1:Experimental evidence at protein level	0.9859	0.9981	1	1	1	1	1	1	     0	     0	     0	11C(57.0215), 6C(57.0215)		
1093	a	sp|P09543|CN37_HUMAN	P09543	CN37_HUMAN	CNP	421	2.60	Homo sapiens OX=9606	2',3'-cyclic-nucleotide 3'-phosphodiesterase 	1:Experimental evidence at protein level	0.9851	0.9980	1	1	1	2	2	2	     0	     0	     0			
1094	a	sp|P51149|RAB7A_HUMAN	P51149	RAB7A_HUMAN	RAB7A	207	7.70	Homo sapiens OX=9606	Ras-related protein Rab-7a 	1:Experimental evidence at protein level	0.9851	0.9980	1	1	1	1	1	1	     0	     0	     0			
1095	a	sp|Q86TI0|TBCD1_HUMAN	Q86TI0	TBCD1_HUMAN	TBC1D1	1168	0.80	Homo sapiens OX=9606	TBC1 domain family member 1 	1:Experimental evidence at protein level	0.9851	0.9980	1	1	1	1	1	1	     0	     0	     0			
1096	a	sp|Q9Y285|SYFA_HUMAN	Q9Y285	SYFA_HUMAN	FARSA	508	5.70	Homo sapiens OX=9606	Phenylalanine--tRNA ligase alpha subunit 	1:Experimental evidence at protein level	0.9851	0.9980	1	1	1	1	1	1	     0	     0	     0			
1097	a	sp|Q9Y4D8|HECD4_HUMAN	Q9Y4D8	HECD4_HUMAN	HECTD4	3996	0.40	Homo sapiens OX=9606	Probable E3 ubiquitin-protein ligase HECTD4 	1:Experimental evidence at protein level	0.9851	0.9980	1	1	1	1	1	1	     0	     0	     0			
1098	a	sp|O75521|ECI2_HUMAN	O75521	ECI2_HUMAN	ECI2	394	5.80	Homo sapiens OX=9606	Enoyl-CoA delta isomerase 2 	1:Experimental evidence at protein level	0.9844	0.9979	1	1	1	1	1	1	     0	     0	     0	7C(57.0215)		
1099	a	sp|P11279|LAMP1_HUMAN	P11279	LAMP1_HUMAN	LAMP1	417	3.80	Homo sapiens OX=9606	Lysosome-associated membrane glycoprotein 1 	1:Experimental evidence at protein level	0.9844	0.9979	1	1	1	1	1	1	     0	     0	     0			
1100	a	sp|Q13148|TADBP_HUMAN	Q13148	TADBP_HUMAN	TARDBP	414	5.80	Homo sapiens OX=9606	TAR DNA-binding protein 43 	1:Experimental evidence at protein level	0.9837	0.9978	1	1	1	1	1	1	     0	     0	     0			
1101	a	sp|Q6NW34|NEPRO_HUMAN	Q6NW34	NEPRO_HUMAN	NEPRO	567	2.60	Homo sapiens OX=9606	Nucleolus and neural progenitor protein 	1:Experimental evidence at protein level	0.9837	0.9978	1	1	1	1	1	1	     0	     0	     0	9M(15.9949)		
1102	a	sp|Q16181|SEPT7_HUMAN	Q16181	SEPT7_HUMAN	SEPTIN7	437	5.30	Homo sapiens OX=9606	Septin-7 	1:Experimental evidence at protein level	0.9829	0.9977	1	1	1	1	1	1	     0	     0	     0			
1103	a	sp|P20742|PZP_HUMAN	P20742	PZP_HUMAN	PZP	1482	1.60	Homo sapiens OX=9606	Pregnancy zone protein 	1:Experimental evidence at protein level	0.9822	0.9976	1	1	1	1	1	1	     0	     0	     0			
1104	a	sp|Q5JXA9|SIRB2_HUMAN	Q5JXA9	SIRB2_HUMAN	SIRPB2	342	7.60	Homo sapiens OX=9606	Signal-regulatory protein beta-2 	2:Experimental evidence at transcript level	0.9822	0.9976	1	1	1	1	1	1	     0	     0	     0			
1105	a	sp|Q96G23|CERS2_HUMAN	Q96G23	CERS2_HUMAN	CERS2	380	4.20	Homo sapiens OX=9606	Ceramide synthase 2 	1:Experimental evidence at protein level	0.9822	0.9976	1	1	1	1	1	1	     0	     0	     0			
1106	a	sp|Q04917|1433F_HUMAN	Q04917	1433F_HUMAN	YWHAH	246	10.60	Homo sapiens OX=9606	14-3-3 protein eta 	1:Experimental evidence at protein level	0.9814	0.9941	2	1	1	2	1	1	     0	     0	     0			
1107	a	sp|Q70YC5|ZN365_HUMAN	Q70YC5	ZN365_HUMAN	ZNF365	407	4.20	Homo sapiens OX=9606	Protein ZNF365 	1:Experimental evidence at protein level	0.9807	0.9974	1	1	1	1	1	1	     0	     0	     0			
1108	a	sp|P00883|ALDOA_RABIT	P00883	ALDOA_RABIT	ALDOA	364	38.50	Oryctolagus cuniculus	Fructose-bisphosphate aldolase A 	1:Experimental evidence at protein level	0.9803	0.9274	7	1	1	18	1	1	     0	     0	     0			
1109	a	sp|P51572|BAP31_HUMAN	P51572	BAP31_HUMAN	BCAP31	246	6.50	Homo sapiens OX=9606	B-cell receptor-associated protein 31 	1:Experimental evidence at protein level	0.9800	0.9973	1	1	1	1	1	1	     0	     0	     0			
1110	a	sp|Q9H3N1|TMX1_HUMAN	Q9H3N1	TMX1_HUMAN	TMX1	280	4.60	Homo sapiens OX=9606	Thioredoxin-related transmembrane protein 1 	1:Experimental evidence at protein level	0.9800	0.9973	1	1	1	1	1	1	     0	     0	     0	12C(57.0215)		
1111	a	sp|O00233|PSMD9_HUMAN	O00233	PSMD9_HUMAN	PSMD9	223	9.00	Homo sapiens OX=9606	26S proteasome non-ATPase regulatory subunit 9 	1:Experimental evidence at protein level	0.9798	0.9936	1	1	1	1	1	1	     0	     0	     0	5C(57.0215)		
1112	a	sp|P26373|RL13_HUMAN	P26373	RL13_HUMAN	RPL13	211	5.20	Homo sapiens OX=9606	60S ribosomal protein L13 	1:Experimental evidence at protein level	0.9793	0.9972	1	1	1	1	1	1	     0	     0	     0			
1113	a	sp|Q86Y39|NDUAB_HUMAN	Q86Y39	NDUAB_HUMAN	NDUFA11	141	16.30	Homo sapiens OX=9606	NADH dehydrogenase [ubiquinone] 1 alpha subcomplex subunit 11 	1:Experimental evidence at protein level	0.9793	0.9972	1	1	1	1	1	1	     0	     0	     0	14C(57.0215)		
1114	a	sp|P35580|MYH10_HUMAN	P35580	MYH10_HUMAN	MYH10	1976	2.30	Homo sapiens OX=9606	Myosin-10 	1:Experimental evidence at protein level	0.9785	0.9335	3	1	1	3	1	1	     0	     0	     0			
1115	a	sp|Q13724|MOGS_HUMAN	Q13724	MOGS_HUMAN	MOGS	837	2.20	Homo sapiens OX=9606	Mannosyl-oligosaccharide glucosidase 	1:Experimental evidence at protein level	0.9785	0.9971	1	1	1	1	1	1	     0	     0	     0			
1116	a	sp|Q15370|ELOB_HUMAN	Q15370	ELOB_HUMAN	ELOB	118	21.20	Homo sapiens OX=9606	Elongin-B 	1:Experimental evidence at protein level	0.9785	0.9971	1	1	1	1	1	1	     0	     0	     0	5C(57.0215)		
1117	a	sp|Q9HAV7|GRPE1_HUMAN	Q9HAV7	GRPE1_HUMAN	GRPEL1	217	5.10	Homo sapiens OX=9606	GrpE protein homolog 1, mitochondrial 	1:Experimental evidence at protein level	0.9785	0.9971	1	1	1	1	1	1	     0	     0	     0			
1118	a	sp|Q96C90|PP14B_HUMAN	Q96C90	PP14B_HUMAN	PPP1R14B	147	13.60	Homo sapiens OX=9606	Protein phosphatase 1 regulatory subunit 14B 	1:Experimental evidence at protein level	0.9778	0.9970	1	1	1	1	1	1	     0	     0	     0	6C(57.0215)		
1119	a	sp|Q99436|PSB7_HUMAN	Q99436	PSB7_HUMAN	PSMB7	277	4.00	Homo sapiens OX=9606	Proteasome subunit beta type-7 	1:Experimental evidence at protein level	0.9778	0.9970	1	1	1	1	1	1	     0	     0	     0			
1120	a	sp|Q9UQ84|EXO1_HUMAN	Q9UQ84	EXO1_HUMAN	EXO1	846	1.30	Homo sapiens OX=9606	Exonuclease 1 	1:Experimental evidence at protein level	0.9778	0.9970	1	1	1	1	1	1	     0	     0	     0	8M(15.9949)		
1121	a	sp|Q12965|MYO1E_HUMAN	Q12965	MYO1E_HUMAN	MYO1E	1108	1.30	Homo sapiens OX=9606	Unconventional myosin-Ie 	1:Experimental evidence at protein level	0.9757	0.9967	1	1	1	1	1	1	     0	     0	     0			
1122	a	sp|Q9Y4W2|LAS1L_HUMAN	Q9Y4W2	LAS1L_HUMAN	LAS1L	734	2.60	Homo sapiens OX=9606	Ribosomal biogenesis protein LAS1L 	1:Experimental evidence at protein level	0.9757	0.9967	1	1	1	1	1	1	     0	     0	     0			
1123	a	sp|P43897|EFTS_HUMAN	P43897	EFTS_HUMAN	TSFM	325	6.80	Homo sapiens OX=9606	Elongation factor Ts, mitochondrial 	1:Experimental evidence at protein level	0.9742	0.9965	1	1	1	1	1	1	     0	     0	     0			
1124	a	sp|P61964|WDR5_HUMAN	P61964	WDR5_HUMAN	WDR5	334	5.40	Homo sapiens OX=9606	WD repeat-containing protein 5 	1:Experimental evidence at protein level	0.9742	0.9965	1	1	1	1	1	1	     0	     0	     0			
1125	a	sp|Q8N357|S35F6_HUMAN	Q8N357	S35F6_HUMAN	SLC35F6	371	3.20	Homo sapiens OX=9606	Solute carrier family 35 member F6 	1:Experimental evidence at protein level	0.9735	0.9964	1	1	1	1	1	1	     0	     0	     0			
1126	a	sp|A6NMY6|AXA2L_HUMAN	A6NMY6	AXA2L_HUMAN	ANXA2P2	339	28.30	Homo sapiens OX=9606	Putative annexin A2-like protein 	5:Protein uncertain	0.9730	0.9077	6	1	1	10	1	1	     0	     0	     0			
1127	a	sp|Q9BUJ2|HNRL1_HUMAN	Q9BUJ2	HNRL1_HUMAN	HNRNPUL1	856	2.60	Homo sapiens OX=9606	Heterogeneous nuclear ribonucleoprotein U-like protein 1 	1:Experimental evidence at protein level	0.9713	0.9961	1	1	1	1	1	1	     0	     0	     0	5C(57.0215)		
1128	a	sp|P27482|CALL3_HUMAN	P27482	CALL3_HUMAN	CALML3	149	13.40	Homo sapiens OX=9606	Calmodulin-like protein 3 	1:Experimental evidence at protein level	0.9692	0.9958	1	1	1	1	1	1	     0	     0	     0			
1129	a	sp|Q9Y342|PLLP_HUMAN	Q9Y342	PLLP_HUMAN	PLLP	182	12.60	Homo sapiens OX=9606	Plasmolipin 	1:Experimental evidence at protein level	0.9663	0.9954	1	1	1	1	1	1	     0	     0	     0			
1130	a	sp|Q8NE86|MCU_HUMAN	Q8NE86	MCU_HUMAN	MCU	351	5.40	Homo sapiens OX=9606	Calcium uniporter protein, mitochondrial 	1:Experimental evidence at protein level	0.9656	0.9953	1	1	1	1	1	1	     0	     0	     0	11C(57.0215)		
1131	a	sp|Q9Y5P6|GMPPB_HUMAN	Q9Y5P6	GMPPB_HUMAN	GMPPB	360	5.60	Homo sapiens OX=9606	Mannose-1-phosphate guanyltransferase beta 	1:Experimental evidence at protein level	0.9656	0.9953	1	1	1	1	1	1	     0	     0	     0			
1132	a	sp|Q32P28|P3H1_HUMAN	Q32P28	P3H1_HUMAN	P3H1	736	2.00	Homo sapiens OX=9606	Prolyl 3-hydroxylase 1 	1:Experimental evidence at protein level	0.9649	0.9952	1	1	1	1	1	1	     0	     0	     0			
1133	a	sp|Q96PV0|SYGP1_HUMAN	Q96PV0	SYGP1_HUMAN	SYNGAP1	1343	1.30	Homo sapiens OX=9606	Ras/Rap GTPase-activating protein SynGAP 	1:Experimental evidence at protein level	0.9635	0.9950	1	1	1	1	1	1	     0	     0	     0			
1134	a	sp|O00170|AIP_HUMAN	O00170	AIP_HUMAN	AIP	330	3.30	Homo sapiens OX=9606	AH receptor-interacting protein 	1:Experimental evidence at protein level	0.9628	0.9949	1	1	1	1	1	1	     0	     0	     0			
1135	a	sp|Q00169|PIPNA_HUMAN	Q00169	PIPNA_HUMAN	PITPNA	270	4.80	Homo sapiens OX=9606	Phosphatidylinositol transfer protein alpha isoform 	1:Experimental evidence at protein level	0.9628	0.9949	1	1	1	1	1	1	     0	     0	     0			
1136	a	sp|Q9Y333|LSM2_HUMAN	Q9Y333	LSM2_HUMAN	LSM2	95	20.00	Homo sapiens OX=9606	U6 snRNA-associated Sm-like protein LSm2 	1:Experimental evidence at protein level	0.9621	0.9948	1	1	1	1	1	1	     0	     0	     0	6C(57.0215)		
1137	a	sp|O75439|MPPB_HUMAN	O75439	MPPB_HUMAN	PMPCB	489	2.20	Homo sapiens OX=9606	Mitochondrial-processing peptidase subunit beta 	1:Experimental evidence at protein level	0.9607	0.9946	1	1	1	1	1	1	     0	     0	     0			
1138	a	sp|Q05682|CALD1_HUMAN	Q05682	CALD1_HUMAN	CALD1	793	1.50	Homo sapiens OX=9606	Caldesmon 	1:Experimental evidence at protein level	0.9607	0.9946	1	1	1	1	1	1	     0	     0	     0			
1139	a	sp|Q5SY16|NOL9_HUMAN	Q5SY16	NOL9_HUMAN	NOL9	702	1.60	Homo sapiens OX=9606	Polynucleotide 5'-hydroxyl-kinase NOL9 	1:Experimental evidence at protein level	0.9593	0.9944	1	1	1	1	1	1	     0	     0	     0			
1140	a	sp|Q99584|S10AD_HUMAN	Q99584	S10AD_HUMAN	S100A13	98	12.20	Homo sapiens OX=9606	Protein S100-A13 	1:Experimental evidence at protein level	0.9593	0.9944	1	1	1	1	1	1	     0	     0	     0			
1141	a	sp|Q9BQC6|RT63_HUMAN	Q9BQC6	RT63_HUMAN	MRPL57	102	12.70	Homo sapiens OX=9606	Ribosomal protein 63, mitochondrial 	1:Experimental evidence at protein level	0.9593	0.9944	1	1	1	1	1	1	     0	     0	     0			
1142	a	sp|O75306|NDUS2_HUMAN	O75306	NDUS2_HUMAN	NDUFS2	463	2.60	Homo sapiens OX=9606	NADH dehydrogenase [ubiquinone] iron-sulfur protein 2, mitochondrial 	1:Experimental evidence at protein level	0.9586	0.9943	1	1	1	1	1	1	     0	     0	     0			
1143	a	sp|P30876|RPB2_HUMAN	P30876	RPB2_HUMAN	POLR2B	1174	2.20	Homo sapiens OX=9606	DNA-directed RNA polymerase II subunit RPB2 	1:Experimental evidence at protein level	0.9586	0.9943	1	1	1	1	1	1	     0	     0	     0			
1144	a	sp|Q9C0G6|DYH6_HUMAN	Q9C0G6	DYH6_HUMAN	DNAH6	4158	0.40	Homo sapiens OX=9606	Dynein axonemal heavy chain 6 	2:Experimental evidence at transcript level	0.9586	0.9943	1	1	1	1	1	1	     0	     0	     0			
1145	a	sp|P57105|SYJ2B_HUMAN	P57105	SYJ2B_HUMAN	SYNJ2BP	145	7.60	Homo sapiens OX=9606	Synaptojanin-2-binding protein 	1:Experimental evidence at protein level	0.9579	0.9942	1	1	1	1	1	1	     0	     0	     0			
1146	a	sp|Q7RTV0|PHF5A_HUMAN	Q7RTV0	PHF5A_HUMAN	PHF5A	110	8.20	Homo sapiens OX=9606	PHD finger-like domain-containing protein 5A 	1:Experimental evidence at protein level	0.9579	0.9942	1	1	1	1	1	1	     0	     0	     0	8C(57.0215)		
1147	a	sp|P53985|MOT1_HUMAN	P53985	MOT1_HUMAN	SLC16A1	500	3.40	Homo sapiens OX=9606	Monocarboxylate transporter 1 	1:Experimental evidence at protein level	0.9572	0.9941	1	1	1	1	1	1	     0	     0	     0			
1148	a	sp|Q09161|NCBP1_HUMAN	Q09161	NCBP1_HUMAN	NCBP1	790	1.40	Homo sapiens OX=9606	Nuclear cap-binding protein subunit 1 	1:Experimental evidence at protein level	0.9572	0.9941	1	1	1	1	1	1	     0	     0	     0			
1149	a	sp|Q0VDF9|HSP7E_HUMAN	Q0VDF9	HSP7E_HUMAN	HSPA14	509	4.30	Homo sapiens OX=9606	Heat shock 70 kDa protein 14 	1:Experimental evidence at protein level	0.9572	0.9941	1	1	1	1	1	1	     0	     0	     0			
1150	a	sp|Q96CP2|FWCH2_HUMAN	Q96CP2	FWCH2_HUMAN	FLYWCH2	140	7.90	Homo sapiens OX=9606	FLYWCH family member 2 	1:Experimental evidence at protein level	0.9572	0.9941	1	1	1	1	1	1	     0	     0	     0			
1151	a	sp|Q9P2X0|DPM3_HUMAN	Q9P2X0	DPM3_HUMAN	DPM3	92	13.00	Homo sapiens OX=9606	Dolichol-phosphate mannosyltransferase subunit 3 	1:Experimental evidence at protein level	0.9572	0.9941	1	1	1	1	1	1	     0	     0	     0	7C(57.0215)		
1152	a	sp|A8MZ97|CB074_HUMAN	A8MZ97	CB074_HUMAN	C2orf74	194	8.20	Homo sapiens OX=9606	Uncharacterized protein C2orf74 	1:Experimental evidence at protein level	0.9565	0.9940	1	1	1	1	1	1	     0	     0	     0	12C(57.0215), 3C(57.0215)		
1153	a	sp|P48556|PSMD8_HUMAN	P48556	PSMD8_HUMAN	PSMD8	350	2.90	Homo sapiens OX=9606	26S proteasome non-ATPase regulatory subunit 8 	1:Experimental evidence at protein level	0.9565	0.9940	1	1	1	1	1	1	     0	     0	     0			
1154	a	sp|P53992|SC24C_HUMAN	P53992	SC24C_HUMAN	SEC24C	1094	1.50	Homo sapiens OX=9606	Protein transport protein Sec24C 	1:Experimental evidence at protein level	0.9565	0.9940	1	1	1	1	1	1	     0	     0	     0			
1155	a	sp|P62847|RS24_HUMAN	P62847	RS24_HUMAN	RPS24	133	8.30	Homo sapiens OX=9606	40S ribosomal protein S24 	1:Experimental evidence at protein level	0.9558	0.9939	1	1	1	1	1	1	     0	     0	     0			
1156	a	sp|Q12788|TBL3_HUMAN	Q12788	TBL3_HUMAN	TBL3	808	1.90	Homo sapiens OX=9606	Transducin beta-like protein 3 	1:Experimental evidence at protein level	0.9558	0.9939	1	1	1	1	1	1	     0	     0	     0			
1157	a	sp|Q8TCC3|RM30_HUMAN	Q8TCC3	RM30_HUMAN	MRPL30	161	6.80	Homo sapiens OX=9606	39S ribosomal protein L30, mitochondrial 	1:Experimental evidence at protein level	0.9558	0.9939	1	1	1	1	1	1	     0	     0	     0			
1158	a	sp|Q8WUM0|NU133_HUMAN	Q8WUM0	NU133_HUMAN	NUP133	1156	1.40	Homo sapiens OX=9606	Nuclear pore complex protein Nup133 	1:Experimental evidence at protein level	0.9558	0.9939	1	1	1	1	1	1	     0	     0	     0			
1159	a	sp|O43719|HTSF1_HUMAN	O43719	HTSF1_HUMAN	HTATSF1	755	1.30	Homo sapiens OX=9606	HIV Tat-specific factor 1 	1:Experimental evidence at protein level	0.9551	0.9938	1	1	1	1	1	1	     0	     0	     0			
1160	a	sp|Q9UIG0|BAZ1B_HUMAN	Q9UIG0	BAZ1B_HUMAN	BAZ1B	1483	0.70	Homo sapiens OX=9606	Tyrosine-protein kinase BAZ1B 	1:Experimental evidence at protein level	0.9551	0.9938	1	1	1	1	1	1	     0	     0	     0	4C(57.0215)		
1161	a	sp|O14975|S27A2_HUMAN	O14975	S27A2_HUMAN	SLC27A2	620	1.90	Homo sapiens OX=9606	Very long-chain acyl-CoA synthetase 	1:Experimental evidence at protein level	0.9544	0.9937	1	1	1	1	1	1	     0	     0	     0	5C(57.0215), 8C(57.0215), 9C(57.0215)		
1162	a	sp|P06730|IF4E_HUMAN	P06730	IF4E_HUMAN	EIF4E	217	6.50	Homo sapiens OX=9606	Eukaryotic translation initiation factor 4E 	1:Experimental evidence at protein level	0.9544	0.9937	1	1	1	1	1	1	     0	     0	     0			
1163	a	sp|P29218|IMPA1_HUMAN	P29218	IMPA1_HUMAN	IMPA1	277	8.30	Homo sapiens OX=9606	Inositol monophosphatase 1 	1:Experimental evidence at protein level	0.9544	0.9937	1	1	1	1	1	1	     0	     0	     0			
1164	a	sp|P42677|RS27_HUMAN	P42677	RS27_HUMAN	RPS27	84	13.10	Homo sapiens OX=9606	40S ribosomal protein S27 	1:Experimental evidence at protein level	0.9544	0.9937	1	1	1	1	1	1	     0	     0	     0			
1165	a	sp|P54578|UBP14_HUMAN	P54578	UBP14_HUMAN	USP14	494	3.00	Homo sapiens OX=9606	Ubiquitin carboxyl-terminal hydrolase 14 	1:Experimental evidence at protein level	0.9544	0.9937	1	1	1	1	1	1	     0	     0	     0	8C(57.0215)		
1166	a	sp|Q13126|MTAP_HUMAN	Q13126	MTAP_HUMAN	MTAP	283	8.10	Homo sapiens OX=9606	S-methyl-5'-thioadenosine phosphorylase 	1:Experimental evidence at protein level	0.9544	0.9937	1	1	1	1	1	1	     0	     0	     0			
1167	a	sp|Q15645|PCH2_HUMAN	Q15645	PCH2_HUMAN	TRIP13	432	2.80	Homo sapiens OX=9606	Pachytene checkpoint protein 2 homolog 	1:Experimental evidence at protein level	0.9544	0.9937	1	1	1	1	1	1	     0	     0	     0			
1168	a	sp|Q96EN8|MOCOS_HUMAN	Q96EN8	MOCOS_HUMAN	MOCOS	888	2.60	Homo sapiens OX=9606	Molybdenum cofactor sulfurase 	1:Experimental evidence at protein level	0.9544	0.9937	1	1	1	1	1	1	     0	     0	     0			
1169	a	sp|Q99459|CDC5L_HUMAN	Q99459	CDC5L_HUMAN	CDC5L	802	2.20	Homo sapiens OX=9606	Cell division cycle 5-like protein 	1:Experimental evidence at protein level	0.9544	0.9937	1	1	1	1	1	1	     0	     0	     0			
1170	a	sp|Q9ULV4|COR1C_HUMAN	Q9ULV4	COR1C_HUMAN	CORO1C	474	2.30	Homo sapiens OX=9606	Coronin-1C 	1:Experimental evidence at protein level	0.9544	0.9937	1	1	1	1	1	1	     0	     0	     0			
1171	a	sp|Q9Y6M9|NDUB9_HUMAN	Q9Y6M9	NDUB9_HUMAN	NDUFB9	179	11.20	Homo sapiens OX=9606	NADH dehydrogenase [ubiquinone] 1 beta subcomplex subunit 9 	1:Experimental evidence at protein level	0.9544	0.9937	1	1	1	1	1	1	     0	     0	     0			
1172	a	sp|A6NKT7|RGPD3_HUMAN	A6NKT7	RGPD3_HUMAN	RGPD3	1758	0.60	Homo sapiens OX=9606	RanBP2-like and GRIP domain-containing protein 3 	3:Protein inferred from homology	0.9537	0.9936	1	0	1	1	0	1	     0	     0	     0			sp|O14715|RGPD8_HUMAN, sp|P49792|RBP2_HUMAN, sp|Q7Z3J3|RGPD4_HUMAN, sp|Q99666|RGPD5_HUMAN
1173	a	sp|O14776|TCRG1_HUMAN	O14776	TCRG1_HUMAN	TCERG1	1098	1.00	Homo sapiens OX=9606	Transcription elongation regulator 1 	1:Experimental evidence at protein level	0.9537	0.9936	1	1	1	1	1	1	     0	     0	     0			
1174	a	sp|O15260|SURF4_HUMAN	O15260	SURF4_HUMAN	SURF4	269	6.70	Homo sapiens OX=9606	Surfeit locus protein 4 	1:Experimental evidence at protein level	0.9537	0.9936	1	1	1	1	1	1	     0	     0	     0			
1175	a	sp|O43747|AP1G1_HUMAN	O43747	AP1G1_HUMAN	AP1G1	822	1.30	Homo sapiens OX=9606	AP-1 complex subunit gamma-1 	1:Experimental evidence at protein level	0.9537	0.9936	1	1	1	1	1	1	     0	     0	     0			
1176	a	sp|O75436|VP26A_HUMAN	O75436	VP26A_HUMAN	VPS26A	327	3.40	Homo sapiens OX=9606	Vacuolar protein sorting-associated protein 26A 	1:Experimental evidence at protein level	0.9537	0.9936	1	1	1	1	1	1	     0	     0	     0			
1177	a	sp|O95445|APOM_HUMAN	O95445	APOM_HUMAN	APOM	188	10.60	Homo sapiens OX=9606	Apolipoprotein M 	1:Experimental evidence at protein level	0.9537	0.9936	1	1	1	1	1	1	     0	     0	     0			
1178	a	sp|P07996|TSP1_HUMAN	P07996	TSP1_HUMAN	THBS1	1170	0.80	Homo sapiens OX=9606	Thrombospondin-1 	1:Experimental evidence at protein level	0.9537	0.9936	1	1	1	1	1	1	     0	     0	     0	2C(57.0215), 7C(57.0215)		
1179	a	sp|P13798|ACPH_HUMAN	P13798	ACPH_HUMAN	APEH	732	3.10	Homo sapiens OX=9606	Acylamino-acid-releasing enzyme 	1:Experimental evidence at protein level	0.9537	0.9936	1	1	1	1	1	1	     0	     0	     0			
1180	a	sp|P14927|QCR7_HUMAN	P14927	QCR7_HUMAN	UQCRB	111	9.00	Homo sapiens OX=9606	Cytochrome b-c1 complex subunit 7 	1:Experimental evidence at protein level	0.9537	0.9936	1	1	1	1	1	1	     0	     0	     0			
1181	a	sp|P16949|STMN1_HUMAN	P16949	STMN1_HUMAN	STMN1	149	10.10	Homo sapiens OX=9606	Stathmin 	1:Experimental evidence at protein level	0.9537	0.9936	1	1	1	1	1	1	     0	     0	     0			
1182	a	sp|P19827|ITIH1_HUMAN	P19827	ITIH1_HUMAN	ITIH1	911	1.10	Homo sapiens OX=9606	Inter-alpha-trypsin inhibitor heavy chain H1 	1:Experimental evidence at protein level	0.9537	0.9936	1	1	1	1	1	1	     0	     0	     0			
1183	a	sp|P30626|SORCN_HUMAN	P30626	SORCN_HUMAN	SRI	198	5.10	Homo sapiens OX=9606	Sorcin 	1:Experimental evidence at protein level	0.9537	0.9936	1	1	1	1	1	1	     0	     0	     0			
1184	a	sp|P33176|KINH_HUMAN	P33176	KINH_HUMAN	KIF5B	963	1.10	Homo sapiens OX=9606	Kinesin-1 heavy chain 	1:Experimental evidence at protein level	0.9537	0.9936	1	1	1	1	1	1	     0	     0	     0			
1185	a	sp|P42126|ECI1_HUMAN	P42126	ECI1_HUMAN	ECI1	302	3.30	Homo sapiens OX=9606	Enoyl-CoA delta isomerase 1, mitochondrial 	1:Experimental evidence at protein level	0.9537	0.9936	1	1	1	1	1	1	     0	     0	     0			
1186	a	sp|P48507|GSH0_HUMAN	P48507	GSH0_HUMAN	GCLM	274	5.80	Homo sapiens OX=9606	Glutamate--cysteine ligase regulatory subunit 	1:Experimental evidence at protein level	0.9537	0.9936	1	1	1	1	1	1	     0	     0	     0	8C(57.0215)		
1187	a	sp|P48735|IDHP_HUMAN	P48735	IDHP_HUMAN	IDH2	452	2.90	Homo sapiens OX=9606	Isocitrate dehydrogenase [NADP], mitochondrial 	1:Experimental evidence at protein level	0.9537	0.9936	1	1	1	1	1	1	     0	     0	     0			
1188	a	sp|P50995|ANX11_HUMAN	P50995	ANX11_HUMAN	ANXA11	505	3.20	Homo sapiens OX=9606	Annexin A11 	1:Experimental evidence at protein level	0.9537	0.9936	1	1	1	1	1	1	     0	     0	     0			
1189	a	sp|P51610|HCFC1_HUMAN	P51610	HCFC1_HUMAN	HCFC1	2035	0.50	Homo sapiens OX=9606	Host cell factor 1 	1:Experimental evidence at protein level	0.9537	0.9936	1	1	1	1	1	1	     0	     0	     0			
1190	a	sp|P61006|RAB8A_HUMAN	P61006	RAB8A_HUMAN	RAB8A	207	7.20	Homo sapiens OX=9606	Ras-related protein Rab-8A 	1:Experimental evidence at protein level	0.9537	0.9936	1	1	1	1	1	1	     0	     0	     0			
1191	a	sp|P62310|LSM3_HUMAN	P62310	LSM3_HUMAN	LSM3	102	20.60	Homo sapiens OX=9606	U6 snRNA-associated Sm-like protein LSm3 	1:Experimental evidence at protein level	0.9537	0.9936	1	1	1	1	1	1	     0	     0	     0	N-term(42.0106)		
1192	a	sp|P62913|RL11_HUMAN	P62913	RL11_HUMAN	RPL11	178	7.90	Homo sapiens OX=9606	60S ribosomal protein L11 	1:Experimental evidence at protein level	0.9537	0.9936	1	1	1	1	1	1	     0	     0	     0			
1193	a	sp|Q04206|TF65_HUMAN	Q04206	TF65_HUMAN	RELA	551	2.40	Homo sapiens OX=9606	Transcription factor p65 	1:Experimental evidence at protein level	0.9537	0.9936	1	1	1	1	1	1	     0	     0	     0			
1194	a	sp|Q05519|SRS11_HUMAN	Q05519	SRS11_HUMAN	SRSF11	484	2.90	Homo sapiens OX=9606	Serine/arginine-rich splicing factor 11 	1:Experimental evidence at protein level	0.9537	0.9936	1	1	1	1	1	1	     0	     0	     0			
1195	a	sp|Q14376|GALE_HUMAN	Q14376	GALE_HUMAN	GALE	348	2.90	Homo sapiens OX=9606	UDP-glucose 4-epimerase 	1:Experimental evidence at protein level	0.9537	0.9936	1	1	1	1	1	1	     0	     0	     0			
1196	a	sp|Q14C86|GAPD1_HUMAN	Q14C86	GAPD1_HUMAN	GAPVD1	1478	0.70	Homo sapiens OX=9606	GTPase-activating protein and VPS9 domain-containing protein 1 	1:Experimental evidence at protein level	0.9537	0.9936	1	1	1	1	1	1	     0	     0	     0			
1197	a	sp|Q15003|CND2_HUMAN	Q15003	CND2_HUMAN	NCAPH	741	2.30	Homo sapiens OX=9606	Condensin complex subunit 2 	1:Experimental evidence at protein level	0.9537	0.9936	1	1	1	1	1	1	     0	     0	     0			
1198	a	sp|Q15070|OXA1L_HUMAN	Q15070	OXA1L_HUMAN	OXA1L	435	2.30	Homo sapiens OX=9606	Mitochondrial inner membrane protein OXA1L 	1:Experimental evidence at protein level	0.9537	0.9936	1	1	1	1	1	1	     0	     0	     0			
1199	a	sp|Q15257|PTPA_HUMAN	Q15257	PTPA_HUMAN	PTPA	358	6.10	Homo sapiens OX=9606	Serine/threonine-protein phosphatase 2A activator 	1:Experimental evidence at protein level	0.9537	0.9936	1	1	1	1	1	1	     0	     0	     0			
1200	a	sp|Q16630|CPSF6_HUMAN	Q16630	CPSF6_HUMAN	CPSF6	551	2.70	Homo sapiens OX=9606	Cleavage and polyadenylation specificity factor subunit 6 	1:Experimental evidence at protein level	0.9537	0.9936	1	1	1	1	1	1	     0	     0	     0	13C(57.0215)		
1201	a	sp|Q7L5N1|CSN6_HUMAN	Q7L5N1	CSN6_HUMAN	COPS6	327	4.60	Homo sapiens OX=9606	COP9 signalosome complex subunit 6 	1:Experimental evidence at protein level	0.9537	0.9936	1	1	1	1	1	1	     0	     0	     0			
1202	a	sp|Q8NFH3|NUP43_HUMAN	Q8NFH3	NUP43_HUMAN	NUP43	380	4.50	Homo sapiens OX=9606	Nucleoporin Nup43 	1:Experimental evidence at protein level	0.9537	0.9936	1	1	1	1	1	1	     0	     0	     0			
1203	a	sp|Q8TC12|RDH11_HUMAN	Q8TC12	RDH11_HUMAN	RDH11	318	6.30	Homo sapiens OX=9606	Retinol dehydrogenase 11 	1:Experimental evidence at protein level	0.9537	0.9936	1	1	1	1	1	1	     0	     0	     0			
1204	a	sp|Q8WVY7|UBCP1_HUMAN	Q8WVY7	UBCP1_HUMAN	UBLCP1	318	3.10	Homo sapiens OX=9606	Ubiquitin-like domain-containing CTD phosphatase 1 	1:Experimental evidence at protein level	0.9537	0.9936	1	1	1	1	1	1	     0	     0	     0			
1205	a	sp|Q96T37|RBM15_HUMAN	Q96T37	RBM15_HUMAN	RBM15	977	2.30	Homo sapiens OX=9606	RNA-binding protein 15 	1:Experimental evidence at protein level	0.9537	0.9936	1	1	1	1	1	1	     0	     0	     0			
1206	a	sp|Q9BPX3|CND3_HUMAN	Q9BPX3	CND3_HUMAN	NCAPG	1015	1.30	Homo sapiens OX=9606	Condensin complex subunit 3 	1:Experimental evidence at protein level	0.9537	0.9936	1	1	1	1	1	1	     0	     0	     0			
1207	a	sp|Q9BR76|COR1B_HUMAN	Q9BR76	COR1B_HUMAN	CORO1B	489	2.20	Homo sapiens OX=9606	Coronin-1B 	1:Experimental evidence at protein level	0.9537	0.9936	1	1	1	1	1	1	     0	     0	     0			
1208	a	sp|Q9BUL8|PDC10_HUMAN	Q9BUL8	PDC10_HUMAN	PDCD10	212	6.10	Homo sapiens OX=9606	Programmed cell death protein 10 	1:Experimental evidence at protein level	0.9537	0.9936	1	1	1	1	1	1	     0	     0	     0			
1209	a	sp|Q9H910|JUPI2_HUMAN	Q9H910	JUPI2_HUMAN	JPT2	190	6.30	Homo sapiens OX=9606	Jupiter microtubule associated homolog 2 	1:Experimental evidence at protein level	0.9537	0.9936	1	1	1	1	1	1	     0	     0	     0	6C(57.0215)		
1210	a	sp|Q9H9B4|SFXN1_HUMAN	Q9H9B4	SFXN1_HUMAN	SFXN1	322	4.30	Homo sapiens OX=9606	Sideroflexin-1 	1:Experimental evidence at protein level	0.9537	0.9936	1	1	1	1	1	1	     0	     0	     0			
1211	a	sp|Q9NYK5|RM39_HUMAN	Q9NYK5	RM39_HUMAN	MRPL39	338	3.30	Homo sapiens OX=9606	39S ribosomal protein L39, mitochondrial 	1:Experimental evidence at protein level	0.9537	0.9936	1	1	1	1	1	1	     0	     0	     0			
1212	a	sp|Q9P0J0|NDUAD_HUMAN	Q9P0J0	NDUAD_HUMAN	NDUFA13	144	9.70	Homo sapiens OX=9606	NADH dehydrogenase [ubiquinone] 1 alpha subcomplex subunit 13 	1:Experimental evidence at protein level	0.9537	0.9936	1	1	1	1	1	1	     0	     0	     0			
1213	a	sp|Q9UHB6|LIMA1_HUMAN	Q9UHB6	LIMA1_HUMAN	LIMA1	759	1.30	Homo sapiens OX=9606	LIM domain and actin-binding protein 1 	1:Experimental evidence at protein level	0.9537	0.9936	1	1	1	1	1	1	     0	     0	     0			
1214	a	sp|Q9Y282|ERGI3_HUMAN	Q9Y282	ERGI3_HUMAN	ERGIC3	383	2.90	Homo sapiens OX=9606	Endoplasmic reticulum-Golgi intermediate compartment protein 3 	1:Experimental evidence at protein level	0.9537	0.9936	1	1	1	1	1	1	     0	     0	     0			
1215	a	sp|A0AVT1|UBA6_HUMAN	A0AVT1	UBA6_HUMAN	UBA6	1052	1.60	Homo sapiens OX=9606	Ubiquitin-like modifier-activating enzyme 6 	1:Experimental evidence at protein level	0.9530	0.9935	1	1	1	1	1	1	     0	     0	     0			
1216	a	sp|Q9UI09|NDUAC_HUMAN	Q9UI09	NDUAC_HUMAN	NDUFA12	145	8.30	Homo sapiens OX=9606	NADH dehydrogenase [ubiquinone] 1 alpha subcomplex subunit 12 	1:Experimental evidence at protein level	0.9530	0.9935	1	1	1	1	1	1	     0	     0	     0			
1217	a	sp|Q9UNS2|CSN3_HUMAN	Q9UNS2	CSN3_HUMAN	COPS3	423	4.70	Homo sapiens OX=9606	COP9 signalosome complex subunit 3 	1:Experimental evidence at protein level	0.9530	0.9935	1	1	1	1	1	1	     0	     0	     0	10C(57.0215)		
1218	a	sp|Q86UE4|LYRIC_HUMAN	Q86UE4	LYRIC_HUMAN	MTDH	582	2.20	Homo sapiens OX=9606	Protein LYRIC 	1:Experimental evidence at protein level	0.9523	0.9934	1	1	1	1	1	1	     0	     0	     0			
1219	a	sp|Q9HDC9|APMAP_HUMAN	Q9HDC9	APMAP_HUMAN	APMAP	416	3.40	Homo sapiens OX=9606	Adipocyte plasma membrane-associated protein 	1:Experimental evidence at protein level	0.9523	0.9934	1	1	1	1	1	1	     0	     0	     0			
1220	a	sp|O94776|MTA2_HUMAN	O94776	MTA2_HUMAN	MTA2	668	1.60	Homo sapiens OX=9606	Metastasis-associated protein MTA2 	1:Experimental evidence at protein level	0.9516	0.9933	1	1	1	1	1	1	     0	     0	     0			
1221	a	sp|Q99615|DNJC7_HUMAN	Q99615	DNJC7_HUMAN	DNAJC7	494	2.00	Homo sapiens OX=9606	DnaJ homolog subfamily C member 7 	1:Experimental evidence at protein level	0.9516	0.9933	1	1	1	1	1	1	     0	     0	     0	8C(57.0215)		
1222	a	sp|Q16740|CLPP_HUMAN	Q16740	CLPP_HUMAN	CLPP	277	4.00	Homo sapiens OX=9606	ATP-dependent Clp protease proteolytic subunit, mitochondrial 	1:Experimental evidence at protein level	0.9482	0.9928	1	1	1	1	1	1	     0	     0	     0			
1223	a	sp|Q5JTV8|TOIP1_HUMAN	Q5JTV8	TOIP1_HUMAN	TOR1AIP1	583	2.10	Homo sapiens OX=9606	Torsin-1A-interacting protein 1 	1:Experimental evidence at protein level	0.9414	0.9918	1	0	1	1	0	1	     0	     0	     0	2C(57.0215)		sp|Q8NFQ8|TOIP2_HUMAN
1224	a	sp|Q9UJZ1|STML2_HUMAN	Q9UJZ1	STML2_HUMAN	STOML2	356	5.90	Homo sapiens OX=9606	Stomatin-like protein 2, mitochondrial 	1:Experimental evidence at protein level	0.9414	0.9918	1	1	1	1	1	1	     0	     0	     0			
1225	a	sp|Q92882|OSTF1_HUMAN	Q92882	OSTF1_HUMAN	OSTF1	214	11.70	Homo sapiens OX=9606	Osteoclast-stimulating factor 1 	1:Experimental evidence at protein level	0.9373	0.9912	1	1	1	1	1	1	     0	     0	     0			
1226	a	sp|P35249|RFC4_HUMAN	P35249	RFC4_HUMAN	RFC4	363	7.70	Homo sapiens OX=9606	Replication factor C subunit 4 	1:Experimental evidence at protein level	0.9279	0.9898	1	1	1	1	1	1	     0	     0	     0			
1227	a	sp|Q8WTT2|NOC3L_HUMAN	Q8WTT2	NOC3L_HUMAN	NOC3L	800	2.90	Homo sapiens OX=9606	Nucleolar complex protein 3 homolog 	1:Experimental evidence at protein level	0.9253	0.9894	1	1	1	1	1	1	     0	     0	     0			
1228	a	sp|P18583|SON_HUMAN	P18583	SON_HUMAN	SON	2426	1.10	Homo sapiens OX=9606	Protein SON 	1:Experimental evidence at protein level	0.9129	0.9875	1	1	1	1	1	1	     0	     0	     0			
1229	a	sp|Q9BW27|NUP85_HUMAN	Q9BW27	NUP85_HUMAN	NUP85	656	2.70	Homo sapiens OX=9606	Nuclear pore complex protein Nup85 	1:Experimental evidence at protein level	0.9104	0.9871	1	1	1	1	1	1	     0	     0	     0			
1230	a	sp|Q9BQ61|TRIR_HUMAN	Q9BQ61	TRIR_HUMAN	TRIR	176	14.80	Homo sapiens OX=9606	Telomerase RNA component interacting RNase 	1:Experimental evidence at protein level	0.8964	0.9849	1	1	1	1	1	1	     0	     0	     0			
1231	a	sp|P61956|SUMO2_HUMAN	P61956	SUMO2_HUMAN	SUMO2	95	10.50	Homo sapiens OX=9606	Small ubiquitin-related modifier 2 	1:Experimental evidence at protein level	0.8927	0.9843	1	1	1	1	1	1	     0	     0	     0			
1232	a	sp|O95139|NDUB6_HUMAN	O95139	NDUB6_HUMAN	NDUFB6	128	14.10	Homo sapiens OX=9606	NADH dehydrogenase [ubiquinone] 1 beta subcomplex subunit 6 	1:Experimental evidence at protein level	0.8921	0.9842	1	1	1	1	1	1	     0	     0	     0			
1233	a	sp|P06276|CHLE_HUMAN	P06276	CHLE_HUMAN	BCHE	602	1.70	Homo sapiens OX=9606	Cholinesterase 	1:Experimental evidence at protein level	0.8805	0.9823	1	1	1	1	1	1	     0	     0	     0		Pyro-carbamidomethyl(39.994900)	
1234	a	sp|Q00266|METK1_HUMAN	Q00266	METK1_HUMAN	MAT1A	395	10.90	Homo sapiens OX=9606	S-adenosylmethionine synthase isoform type-1 	1:Experimental evidence at protein level	0.8774	0.7231	3	1	1	3	1	1	     0	     0	     0			
1235	a	sp|Q9Y6R7|FCGBP_HUMAN	Q9Y6R7	FCGBP_HUMAN	FCGBP	5405	0.40	Homo sapiens OX=9606	IgGFc-binding protein 	1:Experimental evidence at protein level	0.8768	0.9817	1	1	1	1	1	1	     0	     0	     0	9C(57.0215)		
1236	a	sp|A6NKG5|RTL1_HUMAN	A6NKG5	RTL1_HUMAN	RTL1	1358	1.30	Homo sapiens OX=9606	Retrotransposon-like protein 1 	3:Protein inferred from homology	0.8756	0.9815	1	1	1	1	1	1	     0	     0	     0			
1237	a	sp|Q14203|DCTN1_HUMAN	Q14203	DCTN1_HUMAN	DCTN1	1278	2.00	Homo sapiens OX=9606	Dynactin subunit 1 	1:Experimental evidence at protein level	0.8720	0.9809	1	1	1	1	1	1	     0	     0	     0			
1238	a	sp|O95298|NDUC2_HUMAN	O95298	NDUC2_HUMAN	NDUFC2	119	10.10	Homo sapiens OX=9606	NADH dehydrogenase [ubiquinone] 1 subunit C2 	1:Experimental evidence at protein level	0.8685	0.9803	1	1	1	1	1	1	     0	     0	     0			
1239	a	sp|Q15750|TAB1_HUMAN	Q15750	TAB1_HUMAN	TAB1	504	2.60	Homo sapiens OX=9606	TGF-beta-activated kinase 1 and MAP3K7-binding protein 1 	1:Experimental evidence at protein level	0.8667	0.9800	1	1	1	1	1	1	     0	     0	     0			
1240	a	sp|O75838|CIB2_HUMAN	O75838	CIB2_HUMAN	CIB2	187	4.80	Homo sapiens OX=9606	Calcium and integrin-binding family member 2 	1:Experimental evidence at protein level	0.8522	0.9775	1	1	1	2	2	2	     0	     0	     0			
1241	a	sp|Q12874|SF3A3_HUMAN	Q12874	SF3A3_HUMAN	SF3A3	501	2.60	Homo sapiens OX=9606	Splicing factor 3A subunit 3 	1:Experimental evidence at protein level	0.8465	0.9765	1	1	1	1	1	1	     0	     0	     0			
1242	a	sp|O60303|KATIP_HUMAN	O60303	KATIP_HUMAN	KATNIP	1618	1.60	Homo sapiens OX=9606	Katanin-interacting protein 	1:Experimental evidence at protein level	0.8287	0.9733	1	1	1	1	1	1	     0	     0	     0			
1243	a	sp|Q7L014|DDX46_HUMAN	Q7L014	DDX46_HUMAN	DDX46	1031	1.80	Homo sapiens OX=9606	Probable ATP-dependent RNA helicase DDX46 	1:Experimental evidence at protein level	0.8238	0.9724	1	1	1	1	1	1	     0	     0	     0			
1244	a	sp|Q8ND56|LS14A_HUMAN	Q8ND56	LS14A_HUMAN	LSM14A	463	5.00	Homo sapiens OX=9606	Protein LSM14 homolog A 	1:Experimental evidence at protein level	0.8100	0.9698	1	1	1	1	1	1	     0	     0	     0			
1245	a	sp|Q96CS3|FAF2_HUMAN	Q96CS3	FAF2_HUMAN	FAF2	445	6.10	Homo sapiens OX=9606	FAS-associated factor 2 	1:Experimental evidence at protein level	0.8079	0.9694	1	1	1	1	1	1	     0	     0	     0			
1246	a	sp|P17023|ZNF19_HUMAN	P17023	ZNF19_HUMAN	ZNF19	458	3.90	Homo sapiens OX=9606	Zinc finger protein 19 	1:Experimental evidence at protein level	0.8068	0.9692	1	1	1	1	1	1	     0	     0	     0	4C(57.0215), 7C(57.0215)		
1247	a	sp|Q8TC07|TBC15_HUMAN	Q8TC07	TBC15_HUMAN	TBC1D15	691	1.60	Homo sapiens OX=9606	TBC1 domain family member 15 	1:Experimental evidence at protein level	0.8052	0.9689	1	1	1	1	1	1	     0	     0	     0			
1248	a	sp|P59190|RAB15_HUMAN	P59190	RAB15_HUMAN	RAB15	212	8.50	Homo sapiens OX=9606	Ras-related protein Rab-15 	1:Experimental evidence at protein level	0.8011	0.9681	1	1	1	1	1	1	     0	     0	     0			
1249	a	sp|P56182|RRP1_HUMAN	P56182	RRP1_HUMAN	RRP1	461	2.40	Homo sapiens OX=9606	Ribosomal RNA processing protein 1 homolog A 	1:Experimental evidence at protein level	0.7864	0.9652	1	1	1	1	1	1	     0	     0	     0	10C(57.0215)		
1250	a	sp|O15042|SR140_HUMAN	O15042	SR140_HUMAN	U2SURP	1029	1.90	Homo sapiens OX=9606	U2 snRNP-associated SURP motif-containing protein 	1:Experimental evidence at protein level	0.7839	0.9647	1	1	1	1	1	1	     0	     0	     0			
1251	a	sp|Q96PF1|TGM7_HUMAN	Q96PF1	TGM7_HUMAN	TGM7	710	2.10	Homo sapiens OX=9606	Protein-glutamine gamma-glutamyltransferase Z 	1:Experimental evidence at protein level	0.7814	0.9642	1	1	1	1	1	1	     0	     0	     0			
1252	a	sp|Q9Y3T9|NOC2L_HUMAN	Q9Y3T9	NOC2L_HUMAN	NOC2L	749	1.60	Homo sapiens OX=9606	Nucleolar complex protein 2 homolog 	1:Experimental evidence at protein level	0.7799	0.9639	1	1	1	1	1	1	     0	     0	     0			
1254	a	sp|P37235|HPCL1_HUMAN	P37235	HPCL1_HUMAN	HPCAL1	193	5.20	Homo sapiens OX=9606	Hippocalcin-like protein 1 	1:Experimental evidence at protein level	0.7794	0.9638	1	1	1	1	1	1	     0	     0	     0			
1255	a	sp|P14735|IDE_HUMAN	P14735	IDE_HUMAN	IDE	1019	1.30	Homo sapiens OX=9606	Insulin-degrading enzyme 	1:Experimental evidence at protein level	0.7789	0.9637	1	1	1	1	1	1	     0	     0	     0			
1256	a	sp|P62891|RL39_HUMAN	P62891	RL39_HUMAN	RPL39	51	19.60	Homo sapiens OX=9606	60S ribosomal protein L39 	1:Experimental evidence at protein level	0.7789	0.9637	1	0	1	1	0	1	     0	     0	     0			sp|Q59GN2|R39L5_HUMAN
1257	a	sp|Q03154|ACY1_HUMAN	Q03154	ACY1_HUMAN	ACY1	408	4.90	Homo sapiens OX=9606	Aminoacylase-1 	1:Experimental evidence at protein level	0.7789	0.9637	1	1	1	1	1	1	     0	     0	     0			
1258	a	sp|Q15475|SIX1_HUMAN	Q15475	SIX1_HUMAN	SIX1	284	3.50	Homo sapiens OX=9606	Homeobox protein SIX1 	1:Experimental evidence at protein level	0.7789	0.9637	1	1	1	1	1	1	     0	     0	     0			
1259	a	sp|Q5TFE4|NT5D1_HUMAN	Q5TFE4	NT5D1_HUMAN	NT5DC1	455	2.60	Homo sapiens OX=9606	5'-nucleotidase domain-containing protein 1 	1:Experimental evidence at protein level	0.7789	0.9637	1	1	1	1	1	1	     0	     0	     0			
1260	a	sp|P61221|ABCE1_HUMAN	P61221	ABCE1_HUMAN	ABCE1	599	1.50	Homo sapiens OX=9606	ATP-binding cassette sub-family E member 1 	1:Experimental evidence at protein level	0.7784	0.9636	1	1	1	1	1	1	     0	     0	     0			
1262	a	sp|P41227|NAA10_HUMAN	P41227	NAA10_HUMAN	NAA10	235	8.10	Homo sapiens OX=9606	N-alpha-acetyltransferase 10 	1:Experimental evidence at protein level	0.7750	0.9629	1	1	1	1	1	1	     0	     0	     0			
1263	a	sp|Q2LD37|K1109_HUMAN	Q2LD37	K1109_HUMAN	KIAA1109	5005	0.20	Homo sapiens OX=9606	Transmembrane protein KIAA1109 	1:Experimental evidence at protein level	0.7750	0.9629	1	1	1	1	1	1	     0	     0	     0			
1264	a	sp|P57678|GEMI4_HUMAN	P57678	GEMI4_HUMAN	GEMIN4	1058	1.00	Homo sapiens OX=9606	Gem-associated protein 4 	1:Experimental evidence at protein level	0.6374	0.9299	1	1	1	1	1	1	     0	     0	     0		Pro->HAVA(18.010500)	
1265	a	sp|Q9UJN7|ZN391_HUMAN	Q9UJN7	ZN391_HUMAN	ZNF391	358	4.50	Homo sapiens OX=9606	Zinc finger protein 391 	2:Experimental evidence at transcript level	0.6353	0.9293	1	1	1	1	1	1	     0	     0	     0			
1266	a	sp|Q13619|CUL4A_HUMAN	Q13619	CUL4A_HUMAN	CUL4A	759	0.90	Homo sapiens OX=9606	Cullin-4A 	1:Experimental evidence at protein level	0.6259	0.9266	1	0	1	1	0	1	     0	     0	     0			sp|Q13620|CUL4B_HUMAN
1267	a	sp|Q4G0X9|CCD40_HUMAN	Q4G0X9	CCD40_HUMAN	CCDC40	1142	0.90	Homo sapiens OX=9606	Coiled-coil domain-containing protein 40 	1:Experimental evidence at protein level	0.5855	0.9142	1	1	1	1	1	1	     0	     0	     0			
1268	a	sp|P40123|CAP2_HUMAN	P40123	CAP2_HUMAN	CAP2	477	2.10	Homo sapiens OX=9606	Adenylyl cyclase-associated protein 2 	1:Experimental evidence at protein level	0.5790	0.9121	1	1	1	1	1	1	     0	     0	     0			
1269	a	sp|P40425|PBX2_HUMAN	P40425	PBX2_HUMAN	PBX2	430	2.90	Homo sapiens OX=9606	Pre-B-cell leukemia transcription factor 2 	1:Experimental evidence at protein level	0.5686	0.9086	1	0	1	1	0	1	     0	     0	     0	8C(57.0215)		sp|P40426|PBX3_HUMAN, sp|Q9BYU1|PBX4_HUMAN
1270	a	sp|Q9UPN7|PP6R1_HUMAN	Q9UPN7	PP6R1_HUMAN	PPP6R1	881	1.10	Homo sapiens OX=9606	Serine/threonine-protein phosphatase 6 regulatory subunit 1 	1:Experimental evidence at protein level	0.5630	0.9067	1	1	1	1	1	1	     0	     0	     0			
1272	a	sp|O43524|FOXO3_HUMAN	O43524	FOXO3_HUMAN	FOXO3	673	3.10	Homo sapiens OX=9606	Forkhead box protein O3 	1:Experimental evidence at protein level	0.5613	0.9061	1	1	1	1	1	1	     0	     0	     0			
1273	a	sp|A0A087WXM9|MEIKN_HUMAN	A0A087WXM9	MEIKN_HUMAN	MEIKIN	373	2.40	Homo sapiens OX=9606	Meiosis-specific kinetochore protein 	2:Experimental evidence at transcript level	0.5496	0.9020	1	1	1	1	1	1	     0	     0	     0			
1274	a	sp|Q5SSJ5|HP1B3_HUMAN	Q5SSJ5	HP1B3_HUMAN	HP1BP3	553	1.60	Homo sapiens OX=9606	Heterochromatin protein 1-binding protein 3 	1:Experimental evidence at protein level	0.5199	0.8909	1	1	1	1	1	1	     0	     0	     0			
1275	a	sp|A6NFN3|RFOX3_HUMAN	A6NFN3	RFOX3_HUMAN	RBFOX3	312	4.80	Homo sapiens OX=9606	RNA binding protein fox-1 homolog 3 	2:Experimental evidence at transcript level	0.5048	0.8849	1	1	1	1	1	1	     0	     0	     0			
1276	a	sp|A6NDU8|CE051_HUMAN	A6NDU8	CE051_HUMAN	C5orf51	294	3.70	Homo sapiens OX=9606	UPF0600 protein C5orf51 	1:Experimental evidence at protein level	0.5038	0.8845	1	1	1	1	1	1	     0	     0	     0	6C(57.0215)		
1277	a	sp|Q96I25|SPF45_HUMAN	Q96I25	SPF45_HUMAN	RBM17	401	2.50	Homo sapiens OX=9606	Splicing factor 45 	1:Experimental evidence at protein level	0.4867	0.8773	1	1	1	1	1	1	     0	     0	     0			
1278	a	sp|P67936|TPM4_HUMAN	P67936	TPM4_HUMAN	TPM4	248	8.10	Homo sapiens OX=9606	Tropomyosin alpha-4 chain 	1:Experimental evidence at protein level	0.4865	0.8772	1	1	1	1	1	1	     0	     0	     0	19C(57.0215)		
1279	a	sp|Q7RTS7|K2C74_HUMAN	Q7RTS7	K2C74_HUMAN	KRT74	529	2.50	Homo sapiens OX=9606	Keratin, type II cytoskeletal 74 	1:Experimental evidence at protein level	0.4858	0.8769	1	1	1	1	1	1	     0	     0	     0			
1280	a	sp|Q10713|MPPA_HUMAN	Q10713	MPPA_HUMAN	PMPCA	525	4.80	Homo sapiens OX=9606	Mitochondrial-processing peptidase subunit alpha 	1:Experimental evidence at protein level	0.4803	0.8745	1	1	1	1	1	1	     0	     0	     0			
1281	a	sp|Q93052|LPP_HUMAN	Q93052	LPP_HUMAN	LPP	612	2.00	Homo sapiens OX=9606	Lipoma-preferred partner 	1:Experimental evidence at protein level	0.4789	0.8739	1	1	1	1	1	1	     0	     0	     0			
1282	a	sp|Q9UI12|VATH_HUMAN	Q9UI12	VATH_HUMAN	ATP6V1H	483	4.80	Homo sapiens OX=9606	V-type proton ATPase subunit H 	1:Experimental evidence at protein level	0.4740	0.8717	1	1	1	1	1	1	     0	     0	     0			
1284	a	sp|P53041|PPP5_HUMAN	P53041	PPP5_HUMAN	PPP5C	499	2.20	Homo sapiens OX=9606	Serine/threonine-protein phosphatase 5 	1:Experimental evidence at protein level	0.4711	0.8704	1	1	1	1	1	1	     0	     0	     0			
1287	a	sp|Q9NQX0|PRDM6_HUMAN	Q9NQX0	PRDM6_HUMAN	PRDM6	595	3.50	Homo sapiens OX=9606	Putative histone-lysine N-methyltransferase PRDM6 	1:Experimental evidence at protein level	0.4583	0.8645	1	1	1	1	1	1	     0	     0	     0			
1288	a	sp|Q6NUK1|SCMC1_HUMAN	Q6NUK1	SCMC1_HUMAN	SLC25A24	477	1.70	Homo sapiens OX=9606	Calcium-binding mitochondrial carrier protein SCaMC-1 	1:Experimental evidence at protein level	0.4556	0.8632	1	1	1	1	1	1	     0	     0	     0			
1289	a	sp|Q14847|LASP1_HUMAN	Q14847	LASP1_HUMAN	LASP1	261	6.50	Homo sapiens OX=9606	LIM and SH3 domain protein 1 	1:Experimental evidence at protein level	0.4496	0.8603	1	1	1	1	1	1	     0	     0	     0			
1290	a	sp|Q92526|TCPW_HUMAN	Q92526	TCPW_HUMAN	CCT6B	530	3.40	Homo sapiens OX=9606	T-complex protein 1 subunit zeta-2 	1:Experimental evidence at protein level	0.4463	0.8587	1	1	1	1	1	1	     0	     0	     0			
1291	a	sp|Q6P0Q8|MAST2_HUMAN	Q6P0Q8	MAST2_HUMAN	MAST2	1798	0.50	Homo sapiens OX=9606	Microtubule-associated serine/threonine-protein kinase 2 	1:Experimental evidence at protein level	0.4375	0.8543	1	1	1	1	1	1	     0	     0	     0			
1292	a	sp|Q9UPQ7|PZRN3_HUMAN	Q9UPQ7	PZRN3_HUMAN	PDZRN3	1066	0.90	Homo sapiens OX=9606	E3 ubiquitin-protein ligase PDZRN3 	1:Experimental evidence at protein level	0.4147	0.8424	1	1	1	1	1	1	     0	     0	     0	2M(15.9949)		
1293	a	sp|Q96C19|EFHD2_HUMAN	Q96C19	EFHD2_HUMAN	EFHD2	240	5.40	Homo sapiens OX=9606	EF-hand domain-containing protein D2 	1:Experimental evidence at protein level	0.4050	0.8370	1	1	1	1	1	1	     0	     0	     0			
1295	a	sp|A7MD48|SRRM4_HUMAN	A7MD48	SRRM4_HUMAN	SRRM4	611	1.60	Homo sapiens OX=9606	Serine/arginine repetitive matrix protein 4 	1:Experimental evidence at protein level	0.3954	0.8315	1	1	1	1	1	1	     0	     0	     0			
1296	a	sp|Q9BUA3|SPNDC_HUMAN	Q9BUA3	SPNDC_HUMAN	SPINDOC	381	4.70	Homo sapiens OX=9606	Spindlin interactor and repressor of chromatin-binding protein 	1:Experimental evidence at protein level	0.3919	0.8294	1	1	1	1	1	1	     0	     0	     0			
1298	a	sp|Q96EK6|GNA1_HUMAN	Q96EK6	GNA1_HUMAN	GNPNAT1	184	7.10	Homo sapiens OX=9606	Glucosamine 6-phosphate N-acetyltransferase 	1:Experimental evidence at protein level	0.3828	0.8239	1	1	1	1	1	1	     0	     0	     0		Xlink:DSS[259](259.141900)	
1299	a	sp|Q8TEW6|DOK4_HUMAN	Q8TEW6	DOK4_HUMAN	DOK4	326	4.60	Homo sapiens OX=9606	Docking protein 4 	1:Experimental evidence at protein level	0.3802	0.8223	1	1	1	1	1	1	     0	     0	     0	4C(57.0215)		
1300	a	sp|Q96BM9|ARL8A_HUMAN	Q96BM9	ARL8A_HUMAN	ARL8A	186	12.40	Homo sapiens OX=9606	ADP-ribosylation factor-like protein 8A 	1:Experimental evidence at protein level	0.3718	0.8170	1	0	1	1	0	1	     0	     0	     0			sp|Q9NVJ2|ARL8B_HUMAN
1301	a	sp|P78332|RBM6_HUMAN	P78332	RBM6_HUMAN	RBM6	1123	0.80	Homo sapiens OX=9606	RNA-binding protein 6 	1:Experimental evidence at protein level	0.3670	0.8139	1	1	1	1	1	1	     0	     0	     0			
1302	a	sp|Q9UM21|MGT4A_HUMAN	Q9UM21	MGT4A_HUMAN	MGAT4A	535	2.40	Homo sapiens OX=9606	Alpha-1,3-mannosyl-glycoprotein 4-beta-N-acetylglucosaminyltransferase A 	1:Experimental evidence at protein level	0.3555	0.8062	1	1	1	1	1	1	     0	     0	     0	7M(15.9949)		
1303	a	sp|Q86XE3|MICU3_HUMAN	Q86XE3	MICU3_HUMAN	MICU3	530	1.70	Homo sapiens OX=9606	Calcium uptake protein 3, mitochondrial 	1:Experimental evidence at protein level	0.3544	0.8055	1	1	1	1	1	1	     0	     0	     0			
1304	a	sp|O94822|LTN1_HUMAN	O94822	LTN1_HUMAN	LTN1	1766	0.70	Homo sapiens OX=9606	E3 ubiquitin-protein ligase listerin 	1:Experimental evidence at protein level	0.3530	0.8045	1	1	1	1	1	1	     0	     0	     0			
1305	a	sp|P83881|RL36A_HUMAN	P83881	RL36A_HUMAN	RPL36A	106	12.30	Homo sapiens OX=9606	60S ribosomal protein L36a 	1:Experimental evidence at protein level	0.3419	0.7967	1	0	1	1	0	1	     0	     0	     0			sp|Q969Q0|RL36L_HUMAN
1306	a	sp|Q13439|GOGA4_HUMAN	Q13439	GOGA4_HUMAN	GOLGA4	2230	0.60	Homo sapiens OX=9606	Golgin subfamily A member 4 	1:Experimental evidence at protein level	0.3411	0.7961	1	1	1	1	1	1	     0	     0	     0			
1307	a	sp|Q9UBP8|KAAG1_HUMAN	Q9UBP8	KAAG1_HUMAN	KAAG1	84	16.70	Homo sapiens OX=9606	Kidney-associated antigen 1 	2:Experimental evidence at transcript level	0.3404	0.7956	1	1	1	1	1	1	     0	     0	     0			
1308	a	sp|B4DZS4|T11X1_HUMAN	B4DZS4	T11X1_HUMAN	TCP11X1	312	9.00	Homo sapiens OX=9606	T-complex protein 11 X-linked protein 1 	2:Experimental evidence at transcript level	0.3388	0.7944	1	1	1	1	1	1	     0	     0	     0			
1309	a	sp|Q9UMN6|KMT2B_HUMAN	Q9UMN6	KMT2B_HUMAN	KMT2B	2715	0.60	Homo sapiens OX=9606	Histone-lysine N-methyltransferase 2B 	1:Experimental evidence at protein level	0.3343	0.7911	1	1	1	1	1	1	     0	     0	     0	10C(57.0215)		
1310	a	sp|Q9BTZ2|DHRS4_HUMAN	Q9BTZ2	DHRS4_HUMAN	DHRS4	278	4.70	Homo sapiens OX=9606	Dehydrogenase/reductase SDR family member 4 	1:Experimental evidence at protein level	0.3327	0.7899	1	1	1	1	1	1	     0	     0	     0			
1311	a	sp|Q9NUI1|DECR2_HUMAN	Q9NUI1	DECR2_HUMAN	DECR2	292	6.20	Homo sapiens OX=9606	Peroxisomal 2,4-dienoyl-CoA reductase [(3E)-enoyl-CoA-producing] 	1:Experimental evidence at protein level	0.3299	0.7878	1	1	1	1	1	1	     0	     0	     0	13C(57.0215)		
1312	a	sp|Q8NA29|NLS1_HUMAN	Q8NA29	NLS1_HUMAN	MFSD2A	543	4.80	Homo sapiens OX=9606	Sodium-dependent lysophosphatidylcholine symporter 1 	1:Experimental evidence at protein level	0.3267	0.7854	1	1	1	1	1	1	     0	     0	     0	1M(15.9949)		
1314	a	sp|P02771|FETA_HUMAN	P02771	FETA_HUMAN	AFP	609	3.60	Homo sapiens OX=9606	Alpha-fetoprotein 	1:Experimental evidence at protein level	0.3035	0.7667	1	1	1	1	1	1	     0	     0	     0	3C(57.0215)	Delta:H(2)C(2)(26.015600)	
1315	a	sp|P40429|RL13A_HUMAN	P40429	RL13A_HUMAN	RPL13A	203	5.90	Homo sapiens OX=9606	60S ribosomal protein L13a 	1:Experimental evidence at protein level	0.3013	0.7648	1	1	1	1	1	1	     0	     0	     0	N-term(42.0106)	HexNAc(2)Sulf(1)(486.115500)	
1316	a	sp|Q9UBW7|ZMYM2_HUMAN	Q9UBW7	ZMYM2_HUMAN	ZMYM2	1377	1.50	Homo sapiens OX=9606	Zinc finger MYM-type protein 2 	1:Experimental evidence at protein level	0.2927	0.7573	1	1	1	1	1	1	     0	     0	     0			
1317	a	sp|Q9BUB5|MKNK1_HUMAN	Q9BUB5	MKNK1_HUMAN	MKNK1	465	3.70	Homo sapiens OX=9606	MAP kinase-interacting serine/threonine-protein kinase 1 	1:Experimental evidence at protein level	0.2888	0.7538	1	1	1	1	1	1	     0	     0	     0	4M(15.9949)		
1318	a	sp|P20674|COX5A_HUMAN	P20674	COX5A_HUMAN	COX5A	150	6.00	Homo sapiens OX=9606	Cytochrome c oxidase subunit 5A, mitochondrial 	1:Experimental evidence at protein level	0.2818	0.7475	1	1	1	1	1	1	     0	     0	     0			
1320	a	sp|P02100|HBE_HUMAN	P02100	HBE_HUMAN	HBE1	147	12.90	Homo sapiens OX=9606	Hemoglobin subunit epsilon 	1:Experimental evidence at protein level	0.2491	0.7145	1	1	1	1	1	1	     0	     0	     0			
1321	a	sp|Q9UHB9|SRP68_HUMAN	Q9UHB9	SRP68_HUMAN	SRP68	627	2.10	Homo sapiens OX=9606	Signal recognition particle subunit SRP68 	1:Experimental evidence at protein level	0.2335	0.6967	1	1	1	1	1	1	     0	     0	     0	7M(15.9949)		
1322	a	sp|Q9HBR0|S38AA_HUMAN	Q9HBR0	S38AA_HUMAN	SLC38A10	1119	1.70	Homo sapiens OX=9606	Putative sodium-coupled neutral amino acid transporter 10 	1:Experimental evidence at protein level	0.2271	0.6891	1	1	1	1	1	1	     0	     0	     0			
1323	a	sp|O14556|G3PT_HUMAN	O14556	G3PT_HUMAN	GAPDHS	408	3.40	Homo sapiens OX=9606	Glyceraldehyde-3-phosphate dehydrogenase, testis-specific 	1:Experimental evidence at protein level	0.2268	0.6887	1	1	1	1	1	1	     0	     0	     0	13C(57.0215)		
1324	a	sp|Q6GMV3|PTRD1_HUMAN	Q6GMV3	PTRD1_HUMAN	PTRHD1	140	12.90	Homo sapiens OX=9606	Putative peptidyl-tRNA hydrolase PTRHD1 	1:Experimental evidence at protein level	0.2252	0.6867	1	1	1	1	1	1	     0	     0	     0			
1325	a	sp|P08519|APOA_HUMAN	P08519	APOA_HUMAN	LPA	4548	0.50	Homo sapiens OX=9606	Apolipoprotein(a) 	1:Experimental evidence at protein level	0.2213	0.6819	1	1	1	1	1	1	     0	     0	     0	3C(57.0215)		
1330	a	sp|Q8TDB6|DTX3L_HUMAN	Q8TDB6	DTX3L_HUMAN	DTX3L	740	1.60	Homo sapiens OX=9606	E3 ubiquitin-protein ligase DTX3L 	1:Experimental evidence at protein level	0.2038	0.6588	1	1	1	1	1	1	     0	     0	     0			
1331	a	sp|Q9BTW9|TBCD_HUMAN	Q9BTW9	TBCD_HUMAN	TBCD	1192	1.80	Homo sapiens OX=9606	Tubulin-specific chaperone D 	1:Experimental evidence at protein level	0.2003	0.6538	1	1	1	1	1	1	     0	     0	     0			
