Study.Identifier,Year,Intervention,Intervention.types,Intervention.subgroups,Country,Setting,Types.of.disease_clean,Type.of.disease.in.two.categories.(dementia.and.MCI),Updated.Dementia.Severity,Is.this.a.study.focusing.on.carers.of.people.living.with.dementia.or.mild.cognitive.impairment?,Primary.Cognition.Measure.standardized.z-score.change,Type,Baseline.Score.-.Primary.Cognition,Number.of.Participants.at.Baseline,Baseline.SD,Post.Treatment.Score,Post.Treatment.N,Post.Treatment.SD,Post.Treatment.Time.(Weeks.from.Start),Post.Treatment.Time.(Months.from.Start),Follow.up.N,Follow.Up.Score,Follow.up.SD,Follow.up.Time.(Weeks.since.end.of.study),Follow.up.Time.(Months.since.end.of.study),Domain.1,Domain.2,Domain.3,Domain.4,Domain.5,Overall,Baseline.Age.in.years.(mean).age.at.diagnosis,Baseline.Age.in.years.(range),Baseline.Age.(years),Baseline.APOE-e4.carriers.(percent),Baseline.BMI.(mean),Baseline.Clinical.dementia.rating.sum.of.boxes.(mean),Baseline.Educational.level.<5.yrs.(%),"Baseline.Educational.level.(basic.education,.percent)",Baseline.Educational.level:.Elementary.school.or.lower.(percent),Baseline.Educational.level.(had.formal.education),Baseline.Educational.level:.High.school.(percent),"Baseline.Educational.level.(illiterate,.percent))",Baseline.Educational.level.(illiterate/primary.school/middle.school/college.degree.or.above).(n),Baseline.Educational.level.(indicate.how.this.was.measured),Baseline.Educational.level.(indicate.how.this.was.measured):.years.of.schooling,Baseline.Educational.level.(longer.than.middle.school),Baseline.Educational.level.(mean),Baseline.Educational.level:.middle.school.or.above.(percent),Baseline.Educational.level.(primary.school),Baseline.Educational.level.(years),"Baseline.Educational.level.(years,.mean)",Baseline.Educational.level.(Years.of.schooling),"Baseline.Education,.College.(n)","Baseline.Education,.Diploma.(n)","Baseline.Education,.illiterate.(n)","Baseline.Education,.Lettered.(n)",Baseline.Education.level:.College.(percent),Baseline.Education.level:.Middle.school.(%),Baseline.Education.level:.no.school.(percent),Baseline.Education.level:.primary.school.(percent),"Baseline.Education,.Middle.school.(n)",Baseline.Female.(percent),Baseline.For.studies.in.carers.only:.Caregiver.age.in.years.(mean),Baseline.For.studies.in.carers.only:.Caregiver.female.(percent),Baseline.For.studies.in.carers.only:.Full-time.working.(percent),Baseline.For.studies.in.carers.only:.Part-time.working.(percent),Baseline.Mild.severity.of.dementia.(percent),Baseline.MMSE.score.(mean),Baseline.MMSE.score.(means),Baseline.MoCA.score.(mean),Baseline.Moderate.severity.of.dementia.(percent),Baseline.NPI.score.(mean),Baseline.Number.of.co-morbidities.(mean),Baseline.Rural.setting.(percent),Baseline.SKT.total.score.(mean),Baseline.Urban.setting.(percent),Baseline.VaDAS-cog.(mean),Baseline.Years.duration.of.illness.(mean),Intervention.Brief.description.of.intervention,Intervention.Brief.description.ofi.ntervention,Intervention.Brief.intervention.description,Intervention.Brief.introduction.to.the.intervention,Intervention.Intervention.details,Intervention.Intervention.details.1,"Intervention.Intervention.details.(duration.and.intensity.of.the.intervention,.dosage.of.drugs,.existence.of.a.protocol.or.manual.for.psychosocial,.training.or.education.interventions)",Intervention.intervention.type,Intervention.Intervention.type.1,Intervention.Interv..Type:,Intervention.Interv..type.[SELECT:.Pharmaceutical;.Traditional.Chinese.Medicine;.Other.trad..medicines;.Non-pharmacol.;.Multicomponent.(record.each.component);.Interv..for.carers;.End.of.life.care;.Treatment/prevention.of.co-morbidities;.Technology;.Diagn,Intervention.Interv..type.[SELECT:.Pharmaceutical;.Traditional.Chinese.Medicine;.Other.trad..medicines;.Non-pharmacol.;.Multicomponent.(record.each.component);.Interv..for.carers;.End.of.life.care;.Treatment/preventioo-morbidities;.Technology;.Diagnostic;,Intervention.Name.of.intervention,,Effect measure,Measurement method,Measurement type,Pre_mean,Pre_N,Pre_SD,Post_mean,Post_N,Post_SD,95CI_lower,95CI_upper,Duration
Aboulafia-Brakha 2014,2014,Cognitive–behavioural group therapy,Support for carers,Group support and therapy,Brazil,"""The recruitment was carried out at the Cognitive Disorders Reference Center – CEREDIC of the Medical School of Universidade de S~ao Paulo – Clinical Hospital (HCFMUSP).""",Alzheimer's Disease,Dementia,Moderate to severe,Yes,,,,,,,,,,,,,,,,high risk,some concerns,high risk,high risk,some concerns,high risk,,,,,,,,,,,,,,,,,,,,,,,,,,,,,,,,,59.42,100,(8.3% were in paid emplyment),,,,,,,,,,,,,,"Structured group discussion and CBT sessions for caregivers (90 minutes, 1/week, over 8 weeks)",,,,,,"""CBT group: caregivers allocated to this group were
divided in small groups of six to eight participants.
They benefited from eight 90-minute group sessions
held once a week, with pre-established discussion
themes. These included life activities before
and after caring for their AD relative, the family
dynamic around the affected member and the caregiver
relationship with his/her relative. Using cognitive–
behavioural techniques, such as cognitive
restructuring and behaviour modifications, participants
were encouraged to resume some of the activities
they had abandoned after becoming a
caregiver and to favour the inclusion of other family
members in caregiving activities. For example,
in one of the sessions, participants chose one activity
they wanted to carry out during the next week
and that was feasible if someone else took care of
their proxy. Cognitions and emotions related to this
attitude were discussed prior to exposure, and participants
could also benefit from encouragement of
the other group fellows. The following week, they
were invited to share their experience in the group,
where alternative ways of thinking and feeling
about the situation were identified. Further, psychoeducation facts transmitted to the EDUC
group (including management of AD’s neuropsychiatric
symptoms) were also covered in the CBT
group, but in an interactive manner, which explains
the need for slightly longer sessions. Discussions
between group members and role-plays were regularly
encouraged in order to strengthen the understanding
of the different topics. In order to test and
apply the skills learned during the sessions, homework
tasks were recommended, such as practicing
in vivo what was rehearsed in role-plays.""",,,,Intervention for carers,,,,Caregiver burden,ZBI,Raw,35.0,11,13.5,38.1,11,12.9,,,8 weeks
Aboulafia-Brakha 2014,2014,Psychoeducation group programme (Control),Support for carers,"Information, education, and training to support carers",Brazil,"""The recruitment was carried out at the Cognitive Disorders Reference Center – CEREDIC of the Medical School of Universidade de S~ao Paulo – Clinical Hospital (HCFMUSP).""",Alzheimer's Disease,Dementia,Moderate to severe,Yes,,,,,,,,,,,,,,,,high risk,some concerns,high risk,high risk,some concerns,high risk,,,,,,,,,,,,,,,,,,,,,,,,,,,,,,,,,55.07,67,(53.3% were in paid employment),,,,,,,,,,,,,,"Structured group education session for caregivers (60 minutes,  1/week, over 8 weeks)",,,,,,"EDUC group: in this group, caregivers participated
in eight 60-minute group sessions held once
a week, with up to 17 participants together. They
received information on AD. The programme was based on the work of Zarit, Anthony, and Boutselis
(1987) and Parks and Novielli (2000), and covered
the diagnosis process, cognitive symptoms,
different stages of the disease and available treatment
methods. Advices concerning interaction
with the patient, how to deal with neuropsychiatric
symptoms such as disinhibition, aggressiveness
and delusions, as well as security issues
were also given. Information was transmitted in a
structured format with the aid of presentation software.
At the end of the sessions, participants were
allowed to ask questions, but little opportunity
was given for discussion of personal issues and
interactions between participants.""",,,,Intervention for carers,,,,Caregiver burden,ZBI,Raw,31.3,15,11.9,34.2,15,16.3,,,8 weeks
Amit 2008,2008,Control,No intervention,No intervention,India,"Caregivers of people living with dementia were recruited from the community. “The study was conducted in Goa, on the west coast of India. Goa is in an advanced stage of the epidemiological and demographic transition in the country, with some of the best health indicators [7] and a rising proportion of older people; the 2001 Census reported that 8.3% of the total population was aged over 60 years[8]. The consensus figure for prevalence of dementia in India is 1.9% above the age of 60 years [3]The present trial was carried out in two of the largest administrative blocks (talukas) in the state - Bardez and Tiswadi with a population of approximately 340,000.”",Dementia (general/unspecified),Dementia,Mild to moderate,Yes,,,,,,,,,,,,,,,,low risk,some concerns,low risk,high risk,some concerns,high risk,,,,,,,,,,,,,,Below primary: 19%,,,,,,,,,,,,,,,,,,32.5,53.8,85,,,,,,,,,,,,,,,Education and information (wait list for intervention),,,,“The control arm dyads received only education and information regarding dementia and were then placed in a waiting list to receive the intervention after 6 months. They were free to utilize the existing health services during this time.”,,,,,,N/A,,,,Caregiver burden,ZBI,SMD,,,,,26,,,,6 months
Amit 2008,2008,Home care program,Training and education for carers,Training and education for unpaid carers,India,"Caregivers of people living with dementia were recruited from the community. “The study was conducted in Goa, on the west coast of India. Goa is in an advanced stage of the epidemiological and demographic transition in the country, with some of the best health indicators [7] and a rising proportion of older people; the 2001 Census reported that 8.3% of the total population was aged over 60 years[8]. The consensus figure for prevalence of dementia in India is 1.9% above the age of 60 years [3]The present trial was carried out in two of the largest administrative blocks (talukas) in the state - Bardez and Tiswadi with a population of approximately 340,000.”",Dementia (general/unspecified),Dementia,Mild to moderate,Yes,,,,,,,,,,,,,,,,low risk,some concerns,low risk,high risk,some concerns,high risk,,,,,,,,,,,,,,Below primary: 16%,,,,,,,,,,,,,,,,,,36.6,53.2,90.2,,,,,,,,,,,,,,,"Flexible home-care program tailored to needs of the individual with dementia and their family, delivered by a team of home care advisors, specialist doctor, and counsellor, over 6 months.",,,,"“The intervention was delivered by a Community Team, one for each taluka. Each team comprised two full-time Home Care Advisors (HCA), and a part-time local psychiatrist from the public health services, and a part-time lay counselor (who was shared by both teams). The minimum requirements for being a HCA were knowledge of the local language, being literate, preferably passed higher secondary school, and motivated to be involved in the community care of older people. They received intensive training for a week through role play and interactive training methods. The HCA were trained in key skills including listening and counselling skills, bereavement counseling, stress management and health advice for common health problems. The specific components of the intervention carried out by the HCA were: Basic education about dementia (what is the disease, its course, its features etc); Education about common behaviour problems and how they can be managed; Support to the caregiver, for example for an elderly caregiver living alone with the patient, in activities of daily living; Referral to psychiatrists or the family doctor when behaviour problems are severe and warrant medication intervention; Networking of families to enable the formation of support groups; Advice regarding existing government schemes for elders. The HCA applied a flexible home-care program tailored to the needs of the individual and the family. The baseline information collected by the researchers was made available to the HCA before they initiated the intervention. The minimum frequency of visits was at least once a fortnight for six months. The maximum was based on the needs as assessed by the HCA. Thus, the visits could be more frequent depending on the need of that particular family.”",,,,,,Intervention for carers,,,,Caregiver burden,ZBI,SMD,,,,-3.29,33,,-6.78,0.2,6 months
Guerra 2011,2011,Intervention group,Training and education for carers,Training and education for unpaid carers,Peru,Intervention was carried out at the participant's home. ,Dementia (general/unspecified),Dementia,Any severity stage,Yes,,,,,,,,,,,,,,,,low risk,some concerns,low risk,high risk,some concerns,high risk,,,,,,,,,,,,,,55.5% completed secondary or more,,,,,,,,,,,,,,,,,,79.3,53.3,85.7,,,,,,,,,,,,,,,10/66 caregiver intervention consisting of education and training in 5 weekly 30-minute sessions,,,,"""The 10/66 intervention targets the main caregiver, but it also includes members of the immediate and extended family. The aim is to provide basic education about dementia and specific training on managing problem behaviors. The three simple, manualised modules are delivered over five weekly sessions with 30 minutes each. Module 1 - Assessment (one session): a) Cognitive and functional impairments; b) Caregiver’s knowledge and understanding of dementia; andc) Care arrangements (Who are the family members? Who lives with the person with dementia? How do they assist the main caregiver? Which behavioral problems present most difficulties? How burdened do they feel?). Module 2 - Basic education (two sessions): a) General introduction to the illness; b) What to expect in the future; c) What causes and what does not cause dementia?; and d) Locally available care and treatment. Module 3 - Training on problem behaviors (two sessions):Up to eight problem behaviors identified in the assessment are addressed (personal hygiene, dressing, incontinence, repeated questioning, clinging, aggression, wandering, and apathy)""",,,,,,Intervention for carers,,,,Caregiver distress,NPI-Q,SMD,,,,-0.09,27,,-0.64,0.48,6 months
Guerra 2011,2011,Waiting list control group,No intervention,No intervention,Peru,Intervention was carried out at the participant's home. ,Dementia (general/unspecified),Dementia,Any severity stage,Yes,,,,,,,,,,,,,,,,low risk,some concerns,low risk,high risk,some concerns,high risk,,,,,,,,,,,,,,37.0% completed secondary or more; 2 missing values,,,,,,,,,,,,,,,,,,69.0,47.6,89.7,,,,,,,,,,,,,,,Waiting list,,,,""" caregivers of people with dementia that received the intervention six months later""",,,,,,N/A,,,,Caregiver distress,NPI-Q,,,,,,29,,,,6 months
Guerra 2011,2011,Intervention group,Training and education for carers,Training and education for unpaid carers,Peru,Intervention was carried out at the participant's home. ,Dementia (general/unspecified),Dementia,Any severity stage,Yes,,,,,,,,,,,,,,,,low risk,some concerns,low risk,high risk,some concerns,high risk,,,,,,,,,,,,,,55.5% completed secondary or more,,,,,,,,,,,,,,,,,,79.3,53.3,85.7,,,,,,,,,,,,,,,10/66 caregiver intervention consisting of education and training in 5 weekly 30-minute sessions,,,,"""The 10/66 intervention targets the main caregiver, but it also includes members of the immediate and extended family. The aim is to provide basic education about dementia and specific training on managing problem behaviors. The three simple, manualised modules are delivered over five weekly sessions with 30 minutes each. Module 1 - Assessment (one session): a) Cognitive and functional impairments; b) Caregiver’s knowledge and understanding of dementia; andc) Care arrangements (Who are the family members? Who lives with the person with dementia? How do they assist the main caregiver? Which behavioral problems present most difficulties? How burdened do they feel?). Module 2 - Basic education (two sessions): a) General introduction to the illness; b) What to expect in the future; c) What causes and what does not cause dementia?; and d) Locally available care and treatment. Module 3 - Training on problem behaviors (two sessions):Up to eight problem behaviors identified in the assessment are addressed (personal hygiene, dressing, incontinence, repeated questioning, clinging, aggression, wandering, and apathy)""",,,,,,Intervention for carers,,,,Caregiver environmental quality of life,WHO-QoL-Bref,SMD,,,,-0.22,27,,-0.75,0.3,6 months
Guerra 2011,2011,Waiting list control group,No intervention,No intervention,Peru,Intervention was carried out at the participant's home. ,Dementia (general/unspecified),Dementia,Any severity stage,Yes,,,,,,,,,,,,,,,,low risk,some concerns,low risk,high risk,some concerns,high risk,,,,,,,,,,,,,,37.0% completed secondary or more; 2 missing values,,,,,,,,,,,,,,,,,,69.0,47.6,89.7,,,,,,,,,,,,,,,Waiting list,,,,""" caregivers of people with dementia that received the intervention six months later""",,,,,,N/A,,,,Caregiver environmental quality of life,WHO-QoL-Bref,,,,,,29,,,,6 months
Guerra 2011,2011,Intervention group,Training and education for carers,Training and education for unpaid carers,Peru,Intervention was carried out at the participant's home. ,Dementia (general/unspecified),Dementia,Any severity stage,Yes,,,,,,,,,,,,,,,,low risk,some concerns,low risk,high risk,some concerns,high risk,,,,,,,,,,,,,,55.5% completed secondary or more,,,,,,,,,,,,,,,,,,79.3,53.3,85.7,,,,,,,,,,,,,,,10/66 caregiver intervention consisting of education and training in 5 weekly 30-minute sessions,,,,"""The 10/66 intervention targets the main caregiver, but it also includes members of the immediate and extended family. The aim is to provide basic education about dementia and specific training on managing problem behaviors. The three simple, manualised modules are delivered over five weekly sessions with 30 minutes each. Module 1 - Assessment (one session): a) Cognitive and functional impairments; b) Caregiver’s knowledge and understanding of dementia; andc) Care arrangements (Who are the family members? Who lives with the person with dementia? How do they assist the main caregiver? Which behavioral problems present most difficulties? How burdened do they feel?). Module 2 - Basic education (two sessions): a) General introduction to the illness; b) What to expect in the future; c) What causes and what does not cause dementia?; and d) Locally available care and treatment. Module 3 - Training on problem behaviors (two sessions):Up to eight problem behaviors identified in the assessment are addressed (personal hygiene, dressing, incontinence, repeated questioning, clinging, aggression, wandering, and apathy)""",,,,,,Intervention for carers,,,,Caregiver physical quality of life,WHO-QoL-Bref,SMD,,,,0.49,27,,0,0.99,6 months
Guerra 2011,2011,Waiting list control group,No intervention,No intervention,Peru,Intervention was carried out at the participant's home. ,Dementia (general/unspecified),Dementia,Any severity stage,Yes,,,,,,,,,,,,,,,,low risk,some concerns,low risk,high risk,some concerns,high risk,,,,,,,,,,,,,,37.0% completed secondary or more; 2 missing values,,,,,,,,,,,,,,,,,,69.0,47.6,89.7,,,,,,,,,,,,,,,Waiting list,,,,""" caregivers of people with dementia that received the intervention six months later""",,,,,,N/A,,,,Caregiver physical quality of life,WHO-QoL-Bref,,,,,,29,,,,6 months
Guerra 2011,2011,Intervention group,Training and education for carers,Training and education for unpaid carers,Peru,Intervention was carried out at the participant's home. ,Dementia (general/unspecified),Dementia,Any severity stage,Yes,,,,,,,,,,,,,,,,low risk,some concerns,low risk,high risk,some concerns,high risk,,,,,,,,,,,,,,55.5% completed secondary or more,,,,,,,,,,,,,,,,,,79.3,53.3,85.7,,,,,,,,,,,,,,,10/66 caregiver intervention consisting of education and training in 5 weekly 30-minute sessions,,,,"""The 10/66 intervention targets the main caregiver, but it also includes members of the immediate and extended family. The aim is to provide basic education about dementia and specific training on managing problem behaviors. The three simple, manualised modules are delivered over five weekly sessions with 30 minutes each. Module 1 - Assessment (one session): a) Cognitive and functional impairments; b) Caregiver’s knowledge and understanding of dementia; andc) Care arrangements (Who are the family members? Who lives with the person with dementia? How do they assist the main caregiver? Which behavioral problems present most difficulties? How burdened do they feel?). Module 2 - Basic education (two sessions): a) General introduction to the illness; b) What to expect in the future; c) What causes and what does not cause dementia?; and d) Locally available care and treatment. Module 3 - Training on problem behaviors (two sessions):Up to eight problem behaviors identified in the assessment are addressed (personal hygiene, dressing, incontinence, repeated questioning, clinging, aggression, wandering, and apathy)""",,,,,,Intervention for carers,,,,Caregiver psychological morbidity,SRQ-20,SMD,,,,-0.14,27,,-0.66,0.4,6 months
Guerra 2011,2011,Waiting list control group,No intervention,No intervention,Peru,Intervention was carried out at the participant's home. ,Dementia (general/unspecified),Dementia,Any severity stage,Yes,,,,,,,,,,,,,,,,low risk,some concerns,low risk,high risk,some concerns,high risk,,,,,,,,,,,,,,37.0% completed secondary or more; 2 missing values,,,,,,,,,,,,,,,,,,69.0,47.6,89.7,,,,,,,,,,,,,,,Waiting list,,,,""" caregivers of people with dementia that received the intervention six months later""",,,,,,N/A,,,,Caregiver psychological morbidity,SRQ-20,,,,,,29,,,,6 months
Guerra 2011,2011,Intervention group,Training and education for carers,Training and education for unpaid carers,Peru,Intervention was carried out at the participant's home. ,Dementia (general/unspecified),Dementia,Any severity stage,Yes,,,,,,,,,,,,,,,,low risk,some concerns,low risk,high risk,some concerns,high risk,,,,,,,,,,,,,,55.5% completed secondary or more,,,,,,,,,,,,,,,,,,79.3,53.3,85.7,,,,,,,,,,,,,,,10/66 caregiver intervention consisting of education and training in 5 weekly 30-minute sessions,,,,"""The 10/66 intervention targets the main caregiver, but it also includes members of the immediate and extended family. The aim is to provide basic education about dementia and specific training on managing problem behaviors. The three simple, manualised modules are delivered over five weekly sessions with 30 minutes each. Module 1 - Assessment (one session): a) Cognitive and functional impairments; b) Caregiver’s knowledge and understanding of dementia; andc) Care arrangements (Who are the family members? Who lives with the person with dementia? How do they assist the main caregiver? Which behavioral problems present most difficulties? How burdened do they feel?). Module 2 - Basic education (two sessions): a) General introduction to the illness; b) What to expect in the future; c) What causes and what does not cause dementia?; and d) Locally available care and treatment. Module 3 - Training on problem behaviors (two sessions):Up to eight problem behaviors identified in the assessment are addressed (personal hygiene, dressing, incontinence, repeated questioning, clinging, aggression, wandering, and apathy)""",,,,,,Intervention for carers,,,,Caregiver psychological morbidity,SRQ-20,SMD,,,,0.1,27,,-0.47,0.68,6 months
Guerra 2011,2011,Waiting list control group,No intervention,No intervention,Peru,Intervention was carried out at the participant's home. ,Dementia (general/unspecified),Dementia,Any severity stage,Yes,,,,,,,,,,,,,,,,low risk,some concerns,low risk,high risk,some concerns,high risk,,,,,,,,,,,,,,37.0% completed secondary or more; 2 missing values,,,,,,,,,,,,,,,,,,69.0,47.6,89.7,,,,,,,,,,,,,,,Waiting list,,,,""" caregivers of people with dementia that received the intervention six months later""",,,,,,N/A,,,,Caregiver psychological morbidity,SRQ-20,,,,,,29,,,,6 months
Guerra 2011,2011,Intervention group,Training and education for carers,Training and education for unpaid carers,Peru,Intervention was carried out at the participant's home. ,Dementia (general/unspecified),Dementia,Any severity stage,Yes,,,,,,,,,,,,,,,,low risk,some concerns,low risk,high risk,some concerns,high risk,,,,,,,,,,,,,,55.5% completed secondary or more,,,,,,,,,,,,,,,,,,79.3,53.3,85.7,,,,,,,,,,,,,,,10/66 caregiver intervention consisting of education and training in 5 weekly 30-minute sessions,,,,"""The 10/66 intervention targets the main caregiver, but it also includes members of the immediate and extended family. The aim is to provide basic education about dementia and specific training on managing problem behaviors. The three simple, manualised modules are delivered over five weekly sessions with 30 minutes each. Module 1 - Assessment (one session): a) Cognitive and functional impairments; b) Caregiver’s knowledge and understanding of dementia; andc) Care arrangements (Who are the family members? Who lives with the person with dementia? How do they assist the main caregiver? Which behavioral problems present most difficulties? How burdened do they feel?). Module 2 - Basic education (two sessions): a) General introduction to the illness; b) What to expect in the future; c) What causes and what does not cause dementia?; and d) Locally available care and treatment. Module 3 - Training on problem behaviors (two sessions):Up to eight problem behaviors identified in the assessment are addressed (personal hygiene, dressing, incontinence, repeated questioning, clinging, aggression, wandering, and apathy)""",,,,,,Intervention for carers,,,,Caregiver burden,ZBI,SMD,,,,-1.02,27,,-1.53,-0.51,6 months
Guerra 2011,2011,Waiting list control group,No intervention,No intervention,Peru,Intervention was carried out at the participant's home. ,Dementia (general/unspecified),Dementia,Any severity stage,Yes,,,,,,,,,,,,,,,,low risk,some concerns,low risk,high risk,some concerns,high risk,,,,,,,,,,,,,,37.0% completed secondary or more; 2 missing values,,,,,,,,,,,,,,,,,,69.0,47.6,89.7,,,,,,,,,,,,,,,Waiting list,,,,""" caregivers of people with dementia that received the intervention six months later""",,,,,,N/A,,,,Caregiver burden,ZBI,,,,,,29,,,,6 months
Guerra 2011,2011,Intervention group,Training and education for carers,Training and education for unpaid carers,Peru,Intervention was carried out at the participant's home. ,Dementia (general/unspecified),Dementia,Any severity stage,Yes,,,,,,,,,,,,,,,,low risk,some concerns,low risk,high risk,some concerns,high risk,,,,,,,,,,,,,,55.5% completed secondary or more,,,,,,,,,,,,,,,,,,79.3,53.3,85.7,,,,,,,,,,,,,,,10/66 caregiver intervention consisting of education and training in 5 weekly 30-minute sessions,,,,"""The 10/66 intervention targets the main caregiver, but it also includes members of the immediate and extended family. The aim is to provide basic education about dementia and specific training on managing problem behaviors. The three simple, manualised modules are delivered over five weekly sessions with 30 minutes each. Module 1 - Assessment (one session): a) Cognitive and functional impairments; b) Caregiver’s knowledge and understanding of dementia; andc) Care arrangements (Who are the family members? Who lives with the person with dementia? How do they assist the main caregiver? Which behavioral problems present most difficulties? How burdened do they feel?). Module 2 - Basic education (two sessions): a) General introduction to the illness; b) What to expect in the future; c) What causes and what does not cause dementia?; and d) Locally available care and treatment. Module 3 - Training on problem behaviors (two sessions):Up to eight problem behaviors identified in the assessment are addressed (personal hygiene, dressing, incontinence, repeated questioning, clinging, aggression, wandering, and apathy)""",,,,,,Intervention for carers,,,,Caregiver social quality of life,WHO-QoL-Bref,SMD,,,,0.39,27,,-0.15,0.93,6 months
Guerra 2011,2011,Waiting list control group,No intervention,No intervention,Peru,Intervention was carried out at the participant's home. ,Dementia (general/unspecified),Dementia,Any severity stage,Yes,,,,,,,,,,,,,,,,low risk,some concerns,low risk,high risk,some concerns,high risk,,,,,,,,,,,,,,37.0% completed secondary or more; 2 missing values,,,,,,,,,,,,,,,,,,69.0,47.6,89.7,,,,,,,,,,,,,,,Waiting list,,,,""" caregivers of people with dementia that received the intervention six months later""",,,,,,N/A,,,,Caregiver social quality of life,WHO-QoL-Bref,,,,,,29,,,,6 months
Guerra 2011,2011,Intervention group,Training and education for carers,Training and education for unpaid carers,Peru,Intervention was carried out at the participant's home. ,Dementia (general/unspecified),Dementia,Any severity stage,Yes,,,,,,,,,,,,,,,,low risk,some concerns,low risk,high risk,some concerns,high risk,,,,,,,,,,,,,,55.5% completed secondary or more,,,,,,,,,,,,,,,,,,79.3,53.3,85.7,,,,,,,,,,,,,,,10/66 caregiver intervention consisting of education and training in 5 weekly 30-minute sessions,,,,"""The 10/66 intervention targets the main caregiver, but it also includes members of the immediate and extended family. The aim is to provide basic education about dementia and specific training on managing problem behaviors. The three simple, manualised modules are delivered over five weekly sessions with 30 minutes each. Module 1 - Assessment (one session): a) Cognitive and functional impairments; b) Caregiver’s knowledge and understanding of dementia; andc) Care arrangements (Who are the family members? Who lives with the person with dementia? How do they assist the main caregiver? Which behavioral problems present most difficulties? How burdened do they feel?). Module 2 - Basic education (two sessions): a) General introduction to the illness; b) What to expect in the future; c) What causes and what does not cause dementia?; and d) Locally available care and treatment. Module 3 - Training on problem behaviors (two sessions):Up to eight problem behaviors identified in the assessment are addressed (personal hygiene, dressing, incontinence, repeated questioning, clinging, aggression, wandering, and apathy)""",,,,,,Intervention for carers,,,,Caregiver neuropsychiatric symptoms,NPI-Q severity,SMD,,,,-0.1,27,,-0.66,0.48,6 months
Guerra 2011,2011,Waiting list control group,No intervention,No intervention,Peru,Intervention was carried out at the participant's home. ,Dementia (general/unspecified),Dementia,Any severity stage,Yes,,,,,,,,,,,,,,,,low risk,some concerns,low risk,high risk,some concerns,high risk,,,,,,,,,,,,,,37.0% completed secondary or more; 2 missing values,,,,,,,,,,,,,,,,,,69.0,47.6,89.7,,,,,,,,,,,,,,,Waiting list,,,,""" caregivers of people with dementia that received the intervention six months later""",,,,,,N/A,,,,Caregiver neuropsychiatric symptoms,NPI-Q severity,,,,,,29,,,,6 months
Guerra 2011,2011,Intervention group,Training and education for carers,Training and education for unpaid carers,Peru,Intervention was carried out at the participant's home. ,Dementia (general/unspecified),Dementia,Any severity stage,Yes,,,,,,,,,,,,,,,,low risk,some concerns,low risk,high risk,some concerns,high risk,,,,,,,,,,,,,,55.5% completed secondary or more,,,,,,,,,,,,,,,,,,79.3,53.3,85.7,,,,,,,,,,,,,,,10/66 caregiver intervention consisting of education and training in 5 weekly 30-minute sessions,,,,"""The 10/66 intervention targets the main caregiver, but it also includes members of the immediate and extended family. The aim is to provide basic education about dementia and specific training on managing problem behaviors. The three simple, manualised modules are delivered over five weekly sessions with 30 minutes each. Module 1 - Assessment (one session): a) Cognitive and functional impairments; b) Caregiver’s knowledge and understanding of dementia; andc) Care arrangements (Who are the family members? Who lives with the person with dementia? How do they assist the main caregiver? Which behavioral problems present most difficulties? How burdened do they feel?). Module 2 - Basic education (two sessions): a) General introduction to the illness; b) What to expect in the future; c) What causes and what does not cause dementia?; and d) Locally available care and treatment. Module 3 - Training on problem behaviors (two sessions):Up to eight problem behaviors identified in the assessment are addressed (personal hygiene, dressing, incontinence, repeated questioning, clinging, aggression, wandering, and apathy)""",,,,,,Intervention for carers,,,,Patient quality of life,DEMQOL,SMD,,,,0.32,27,,-0.84,1.48,6 months
Guerra 2011,2011,Waiting list control group,No intervention,No intervention,Peru,Intervention was carried out at the participant's home. ,Dementia (general/unspecified),Dementia,Any severity stage,Yes,,,,,,,,,,,,,,,,low risk,some concerns,low risk,high risk,some concerns,high risk,,,,,,,,,,,,,,37.0% completed secondary or more; 2 missing values,,,,,,,,,,,,,,,,,,69.0,47.6,89.7,,,,,,,,,,,,,,,Waiting list,,,,""" caregivers of people with dementia that received the intervention six months later""",,,,,,N/A,,,,Patient quality of life,DEMQOL,,,,,,29,,,,6 months
JIANG 2012,2012,对照组,No intervention,No intervention,China,Hospital ,Alzheimer's Disease,Dementia,Mild to moderate,No,MMSE,Raw,18.52,48,3.4,20.33,48,3.49,,12,,,,,,some concerns,some concerns,low risk,some concerns,some concerns,some concerns,,,,,,,,,,,,,,,,,,,,,,,,,,,,,,,,54.17,,,,,,18.52,,,,,,,,,,,Conventional therapy with Piracetam and Donepezil,,,,"""按医嘱进行脑复康，多奈哌齐 等药物治疗，康复护理干预期间药物剂量不变。 """,,,,,,Multicomponent (Conventional therapy + Pharmaceutical),,,,Patient cognitive function,MMSE,Raw,18.52,48,3.4,20.33,48,3.49,,,12 months
JIANG 2012,2012,研究组 ,Comprehensive care interventions,Individual-based interventions,China,Hospital ,Alzheimer's Disease,Dementia,Mild to moderate,No,MMSE,Raw,18.309999999999999,48,3.63,22.08,48,6.15,,12,,,,,,some concerns,some concerns,low risk,some concerns,some concerns,some concerns,,,,,,,,,,,,,,,,,,,,,,,,,,,,,,,,58.33,,,,,,18.31,,,,,,,,,,,Conventional therapy with Piracetam and Donepezil + whole course rehabilitafion nursing intervention including cognitive intervention，memory intervention，behaviour intervention，psychological intervention，safety intervention，community family nursing intervention，etc,,,,"""按医嘱进行脑复康，多奈哌齐 等药物治疗，康复护理干预期间药物剂量不变。 ""研究组于入院第2天开始，根据本院编制的《老年痴呆全程康复护理规程》进行全程康复护理干预。 内容包括：①组织与管理：成立由专家、责任医生、责任护士、 护工组成的AD全程康复护理指导小组，小组成员负责制订 AD患者个性化全程康复护理计划，并负责组织实施。②健 康教育：针对AD患者的健康问题和照顾者对健康教育知识 的需求，每周进行相关老年性痴呆健康教育。③认知干预：干 预患者分析、综合、推理、判断和计算的能力，主要方法为3R 护理即Reminiscence(回忆往事)、Reality(现实定向)和 Remotivation(记忆再激发)。主要包括计算能力训练(如计算 家庭每月食品费、水电费、电话费、医疗费等开支，再算半年和 全年费用等)、数字排列训练(如扑克牌打乱后再让患者按顺 序排列等)、分类法训练(如给患者一张写有40种物品名称 的清单，让患者进行归类)等，每天训练三次。④记忆干预： 每天帮助患者记忆住所的环境、周围的人和物，最近进行的一 些活动等。⑤语言训练：要求患者叙述每天周围发生的事件、 家庭情况、新闻故事，让患者多交流，每天至少三次，防止出现 语言障碍。⑥行为干预：根据患者功能障碍情况，从13常生活 的穿衣、饮食、住房、用厕、出行等开始，并从患者的日常生活、 文体活动或一些轻的劳动过程中选出一些能使患者感兴趣并 有助于恢复功能和技能的活动，并按要求进行训练，帮助维持 或恢复功能。根据患者状况确定训练时间。⑦心理干预：每 天根据患者出现焦虑和抑郁等负性情绪的特点，采用安慰、鼓励、暗示以及听音乐、看幽默剧等方法对患者及照顾者进行心 理干预。同时鼓励患者与家人、亲友交往，从思想上、情感上 尽可能沟通，以减少患者的内心痛苦、孤独感、失望感、自罪自 责感。⑧用药指导：指导和督促患者按医嘱科学用药。⑨安 全干预：营造一个舒适、安全的住院环境及家居环境，防止出 现并发症和各种意外事故(如摔倒、骨折、走失、火灾、自杀自 残等)发生。⑩社区一家庭护理干预：患者在出院后，进行家庭 跟踪随访护理干预，每月为患者及照顾者进行讲课，每2周上 门随访1次，每周电话随访1次，了解患者的康复治疗情况， 提出相关指导意见。 """,,,,,,Multicomponent intervention (Conventional therapy +  non-pharmacological),,,,Patient cognitive function,MMSE,Raw,18.309999999999999,48,3.63,22.08,48,6.15,,,12 months
Kamkhagi 2015,2015,Body awareness therapy (BAT),Support for carers,"Information, education, and training to support carers",Brazil,"psychogeriatric clinic of a tertiary hospital in Brazil (Institute of Psychiatry, Faculty of Medicine, Uni-versity of Sao Paulo",Alzheimer's Disease,Dementia,Mild to moderate,Yes,,,,,,,,,,,,,,,,some concerns,high risk,high risk,high risk,some concerns,high risk,,,,,,,,,,,,,,94% high school or higher,,,,,,,,,,,,,,,,,,,55.7,70,,,,,,,,,,,,,,,Body Awareness Therapy once a week in a total of 14 group sessions of 90 minutes of duration each.,,,,"""The facilitators of BAT sessions were a physical therapist and a psychologist."" ""The BAT intervention was designed according to the “Func-tional Symbolic Dynamics” methodology, created by Marcia Taques Bittencourt17, which has as a major goal to bring the patient to bodily self-awareness. This intervention started with a physical evaluation by the therapist and uses several physiotherapeutic backgrounds such as calatonia, eutonia, feldenkrais, relaxing, somatic experience, spontaneous movements and dance. Petho Sándor18 established in 1974 the basis for the utilization of soft touches in specific points, which uses the high potential of the skin sensitivity, promoting a multi-sensorial experience, physical and psychological rebalancing, and leading the recipients of the intervention to pay more attention to themselves. Body relaxation is considered a psychophysiological reconditioning method. In eutonia, through attention and self-observation, using auxiliary objects, the individual can get in contact with his/her internal rhythm. The sequence of Feldenkrais slow movements will explore the patterns and limits of the body. During the sessions, some tools were used to awaken new perceptions, such as: bed linen, clay, little balls and drawings.""",,,,,,Non-pharmacological intervention,,,,Caregiver burden,ZBI,Raw,48.9,17,15.1,37.1,17,9.8,,,After intervention
Kamkhagi 2015,2015,Psychodynamic group therapy (PGT),Support for carers,Group support and therapy,Brazil,"psychogeriatric clinic of a tertiary hospital in Brazil (Institute of Psychiatry, Faculty of Medicine, Uni-versity of Sao Paulo",Alzheimer's Disease,Dementia,Mild to moderate,Yes,,,,,,,,,,,,,,,,some concerns,high risk,high risk,high risk,some concerns,high risk,,,,,,,,,,,,,,85% high school or higher,,,,,,,,,,,,,,,,,,,62.1,75,,,,,,,,,,,,,,,Psychodynamic group therapy once a week in a total of 14 group sessions of 90 minutes of duration each.,,,,"""In the PGT group, several aspects of the caregiver roles were dealt with through the intervention program, reinforcing their resilience abilities. The most frequent aspects, usually raised spontaneously by participants (otherwise prompted by facilitators) were: loneliness and helplessness associated with the caregiver’s role, occurrence of family conflicts, and changing roles within the family dynamics. Participants were encouraged by the facilitators to get in contact with their feelings of sadness, frustration, anger and guilt, and to further name and elaborate the feelings they experience when dealing with these situations. In the first moment, the participants were asked to think about their previous relationship with the patient under their care, as it used to be before the onset of dementia, and then to update this notion to the present reality, thus enabling the elaboration of new ways to maintain an affectionate caring relationship with their relative. In a second moment, facilitators of the PGT group worked on other roles that the caregiver used to play in the family dynam-ics before the onset of the illness, and the necessary adaptations to the present time, particularly due to the necessity of performing unwanted roles and having to abandon (or at least cutback) the engagement in other competing roles. Some effort is dedicated by fa-cilitators to establish and reinforce empathy with the difficulties faced by the subject, discussing strategies to better cope with the various sources of burden of care. Towards the completion of the program, facilitators discuss the lack of recognition of the caregiver’s efforts by other family members and encourage participants to nominate their perceived and unattended rights; this “caregiver declaration of rights” usually warrants them a place of existence and gratefulness for their feelings and concerns.""",,,,,,Non-pharmacological intervention,,,,Caregiver burden,ZBI,Raw,35.3,20,12.8,24.0,20,7.7,,,After intervention
Lin 2017,2017, Nursing intervention ,Training and education for carers,Training and education for unpaid carers,China,"urban, community ",Dementia (general/unspecified),Dementia,Any severity stage,Yes,,,,,,,,,,,,,,,,some concerns,some concerns,low risk,some concerns,some concerns,some concerns,,,,,,,,,,,,,,,,,,,,,,,,,,,,,,,,,66.54,66.67,25.64,,,,,,,,,,,,,,"""Nursing intervention according to the community nurse family visit program set up in this study, including the caregiver training, issued “dementia caregivers manual’’ and telephone follow—up for period of 3 months""",,,,"""1．2．1．1方案制定及社区护士培训 研究者在文献 查阅基础上形成初稿，经4位精神科及老年科护理领 域专家论证后，最终形成《社区失智老人居家照顾者照 护技能培训方案》及《失智症照顾者手册》。社区护士 失智症管理培训以学习讲座形式进行，由4位失智症 护理及老年护理领域专家授课，内容主要包括：①家庭 访视的方法和技巧；②认识失智症；③失智症的家庭护 理；④失智症日常康复训练；⑤照顾者自我照顾及社区 资源支持；⑥常规护理实践指导；⑦失智症日常生活照 顾实践指导等。采用体验式学习法，以情景模拟体验、 案例分析分享、小组讨论交流等多种方式进行，由授课 专家对培训护士进行理论及实践操作考核。共计5次 课程，每次3 h～4 h。 1．2．1．2人员分配及家庭访视 根据社区医护人员 课程培训结果，对培训合格的社区护士进行人员分配 及职责划分，每名护士负责3例～4例失智老人居家 照顾者的家庭访视，每2周进行1次集中讨论，讨论本 组内失智老人及其照顾者的现况并实时更新记录，如 遇不能解决的照顾问题，及时向专家求助。家庭访视 每周1次，每次1．5 h～2．0 h，具体工作可进行个体化 调整，注重理论学习与实际生活的联系，所有内容都要
针对照顾者家庭的实际情况由社区护士进行一对一指 导。首次家庭访视时主动进行自我介绍，获得照顾者 的信任和许可后，发放《失智症照顾者手册》及用以预 防失智老人走失的“黄手环”，评估失智老人的基本情 况(病人病情、日常生活能力等)及照顾者需求(疾病知 识、协助病人日常活动、环境安全设施设置等)等问题 并记录，结合手册进行失智症疾病基础知识的指导，使 照顾者意识到失智症并非是正常老化所造成的，是需 要治疗和护理的，让照顾者对失智症有一定的了解。 第2次结合“日常生活照顾指导”主题，按照家庭访视 常规流程进行，以手册为基础对照顾者进行饮食、口腔 卫生、排泄、洗澡穿衣及睡眠休息等内容的指导，如何 为失智老人提供营养丰富的三餐，运用定时如厕等方 法避免失智老人弄脏衣裤等。第3次进行“安全护理” 及“康复技能”指导，如何预防与应对异常行为、定向力 及记忆力训练等内容，引导失智老人浏览老照片、讲述 老故事以延缓记忆衰退等。第4次进行“照顾者自我 照顾”及“社区医疗资源利用”指导，引导照顾者接纳病 人，进行自我心理调适；合理安排时间，多参与健身及 娱乐活动以丰富生活，同时减轻照顾压力；多与家庭成 员交流，勇于表达自己的难处，接受外界的帮助，建立 有效的家庭支持系统；合理接纳和利用来自社区医疗 机构及心理援助组织的相关医疗支持；了解日间照护中心、“护老者之家”、喘息服务等政府养老服务资源并 学会根据自己的实际情况做出最佳的医疗服务决策。 在进行理论学习的同时，根据被访家庭的具体情况，由 社区护士为其提供个性化的支持和指导，注重与照顾 者的交流，利用倾听、共情、肢体接触等方式为照顾者 提供心理及情感支持，允许照顾者通过抱怨、哭泣等方 式进行不良情绪的发泄；将社区养老服务机构的宣传 资料发给照顾者，详细介绍社区资源的使用条件及方 法，同照顾者一起根据失智老人的健康状况及家庭条 件选择最佳的养老服务；陪照顾者检视家庭环境，排除 存在跌倒风险的居家陈设，减少青团、糕团等易诱发噎 食的食物，引导照顾者积极对待照顾活动，将所学知识 真正融人实际生活。 1．2．1．3 电话随访 家庭访视结束后，每周1次电话 随访照顾者，通过与照顾者电话沟通了解仍未解决的 问题，并予以指导，根据情况可以安排再次进行人户。 第2个月开始每两周进行1次电话随访，直至干预 结束。 ""
",,,,,,Intervention for carers,,,,Caregiver burden,Unspecified,Raw,,,16.10,33.64,,15.49,,,3 months
Lin 2017,2017,Routine community management (control),No intervention,No intervention,China,"urban, community ",Dementia (general/unspecified),Dementia,Any severity stage,Yes,,,,,,,,,,,,,,,,some concerns,some concerns,low risk,some concerns,some concerns,some concerns,,,,,,,,,,,,,,,,,,,,,,,,,,,,,,,,,62.79,56.41,28.21,,,,,,,,,,,,,,Routine community management,,,,"""接受常规社区卫生服务，依照社区精 神类疾病护理管理常规进行，照顾者根据失智老人病 情变化可随时根据需要前往社区卫生服务中心等医疗 单位就诊。 """,,,,,,community management,,,,Caregiver burden,Unspecified,Raw,,,9.18,58.26,,10.60,,,3 months
Lin 2017,2017, Nursing intervention ,Training and education for carers,Training and education for unpaid carers,China,"urban, community ",Dementia (general/unspecified),Dementia,Any severity stage,Yes,,,,,,,,,,,,,,,,some concerns,some concerns,low risk,some concerns,some concerns,some concerns,,,,,,,,,,,,,,,,,,,,,,,,,,,,,,,,,66.54,66.67,25.64,,,,,,,,,,,,,,"""Nursing intervention according to the community nurse family visit program set up in this study, including the caregiver training, issued “dementia caregivers manual’’ and telephone follow—up for period of 3 months""",,,,"""1．2．1．1方案制定及社区护士培训 研究者在文献 查阅基础上形成初稿，经4位精神科及老年科护理领 域专家论证后，最终形成《社区失智老人居家照顾者照 护技能培训方案》及《失智症照顾者手册》。社区护士 失智症管理培训以学习讲座形式进行，由4位失智症 护理及老年护理领域专家授课，内容主要包括：①家庭 访视的方法和技巧；②认识失智症；③失智症的家庭护 理；④失智症日常康复训练；⑤照顾者自我照顾及社区 资源支持；⑥常规护理实践指导；⑦失智症日常生活照 顾实践指导等。采用体验式学习法，以情景模拟体验、 案例分析分享、小组讨论交流等多种方式进行，由授课 专家对培训护士进行理论及实践操作考核。共计5次 课程，每次3 h～4 h。 1．2．1．2人员分配及家庭访视 根据社区医护人员 课程培训结果，对培训合格的社区护士进行人员分配 及职责划分，每名护士负责3例～4例失智老人居家 照顾者的家庭访视，每2周进行1次集中讨论，讨论本 组内失智老人及其照顾者的现况并实时更新记录，如 遇不能解决的照顾问题，及时向专家求助。家庭访视 每周1次，每次1．5 h～2．0 h，具体工作可进行个体化 调整，注重理论学习与实际生活的联系，所有内容都要
针对照顾者家庭的实际情况由社区护士进行一对一指 导。首次家庭访视时主动进行自我介绍，获得照顾者 的信任和许可后，发放《失智症照顾者手册》及用以预 防失智老人走失的“黄手环”，评估失智老人的基本情 况(病人病情、日常生活能力等)及照顾者需求(疾病知 识、协助病人日常活动、环境安全设施设置等)等问题 并记录，结合手册进行失智症疾病基础知识的指导，使 照顾者意识到失智症并非是正常老化所造成的，是需 要治疗和护理的，让照顾者对失智症有一定的了解。 第2次结合“日常生活照顾指导”主题，按照家庭访视 常规流程进行，以手册为基础对照顾者进行饮食、口腔 卫生、排泄、洗澡穿衣及睡眠休息等内容的指导，如何 为失智老人提供营养丰富的三餐，运用定时如厕等方 法避免失智老人弄脏衣裤等。第3次进行“安全护理” 及“康复技能”指导，如何预防与应对异常行为、定向力 及记忆力训练等内容，引导失智老人浏览老照片、讲述 老故事以延缓记忆衰退等。第4次进行“照顾者自我 照顾”及“社区医疗资源利用”指导，引导照顾者接纳病 人，进行自我心理调适；合理安排时间，多参与健身及 娱乐活动以丰富生活，同时减轻照顾压力；多与家庭成 员交流，勇于表达自己的难处，接受外界的帮助，建立 有效的家庭支持系统；合理接纳和利用来自社区医疗 机构及心理援助组织的相关医疗支持；了解日间照护中心、“护老者之家”、喘息服务等政府养老服务资源并 学会根据自己的实际情况做出最佳的医疗服务决策。 在进行理论学习的同时，根据被访家庭的具体情况，由 社区护士为其提供个性化的支持和指导，注重与照顾 者的交流，利用倾听、共情、肢体接触等方式为照顾者 提供心理及情感支持，允许照顾者通过抱怨、哭泣等方 式进行不良情绪的发泄；将社区养老服务机构的宣传 资料发给照顾者，详细介绍社区资源的使用条件及方 法，同照顾者一起根据失智老人的健康状况及家庭条 件选择最佳的养老服务；陪照顾者检视家庭环境，排除 存在跌倒风险的居家陈设，减少青团、糕团等易诱发噎 食的食物，引导照顾者积极对待照顾活动，将所学知识 真正融人实际生活。 1．2．1．3 电话随访 家庭访视结束后，每周1次电话 随访照顾者，通过与照顾者电话沟通了解仍未解决的 问题，并予以指导，根据情况可以安排再次进行人户。 第2个月开始每两周进行1次电话随访，直至干预 结束。 ""
",,,,,,Intervention for carers,,,,Quality of life,Unspecified,Raw,,,7.83,55.04,,5.88,,,3 months
Lin 2017,2017,Routine community management (control),No intervention,No intervention,China,"urban, community ",Dementia (general/unspecified),Dementia,Any severity stage,Yes,,,,,,,,,,,,,,,,some concerns,some concerns,low risk,some concerns,some concerns,some concerns,,,,,,,,,,,,,,,,,,,,,,,,,,,,,,,,,62.79,56.41,28.21,,,,,,,,,,,,,,Routine community management,,,,"""接受常规社区卫生服务，依照社区精 神类疾病护理管理常规进行，照顾者根据失智老人病 情变化可随时根据需要前往社区卫生服务中心等医疗 单位就诊。 """,,,,,,community management,,,,Quality of life,Unspecified,Raw,,,4.20,46.77,,4.00,,,3 months
Lök 2017,2017,"""First You Should Get Stronger"" caregiving programme",Support for carers,"Information, education, and training to support carers",Turkey,Erenköy - a rural village (population circa 1500) in Turkey. Intervention delivered at carers homes,Dementia (general/unspecified),Dementia,Not specified,Yes,,,,,,,,,,,,,,,,some concerns,high risk,high risk,high risk,some concerns,high risk,,,,,,,,,,,,,,,,,,,,,,,,,,,,,,,,45.0,52.97,70.0,,,,,,,,,,100,,,,,"7 session home delivered bespoke caregiver information programme focused on for strengthening the caregiver, decreasing the caregiving burden and developing healthy life style behaviours",,,,"""Visits were carried
out by the researcher once every week with each session lasting
45 min. [...] The content of the program was designed in accordance with
the relevant literature before the study was implemented entia
(Alves, Teixeira, Azevedo, Duarte, & Paúl, 2015; Arango-Lasprilla
et al., 2014; Ducharme et al., 2015; Hou et al., 2013; Pinquar and
Sörensen, 2006). We sought expert opinions from four faculty
members in the psychiatric nursing department (1), public health
nursing department (2), internal medical nursing department(1)
who were specialized in working with the families of patients with
dementia. Final revisions were made in the program in accordance
with the opinions of experts. The program consists of seven
sessions for strengthening the caregiver, decreasing the caregiving
burden and developing healthy life style behaviors (Table 1). [...] Session 1 Introduction, learning about dementia and the
individual for whom care is given
Session 2 Communication with individuals with dementia
(caregiving without being derogatory)
Session 3 Defining the difficulties experienced by the
individual with dementia
Session 4 Carrying out the systematics of daily works
Session 5 Determining social support systems
Session 6 Carrying out activities for enhancing and developing
the health of the caregiver
Session 7 General evaluation and closure""",,,,,,Intervention for carers,,,,Caregiver burden,ZBI,,78.3,20,4.46,67.1,20,7.18,,,7 weeks
Lök 2017,2017,Control,No intervention,No intervention,Turkey,Erenköy - a rural village (population circa 1500) in Turkey. Intervention delivered at carers homes,Dementia (general/unspecified),Dementia,Not specified,Yes,,,,,,,,,,,,,,,,some concerns,high risk,high risk,high risk,some concerns,high risk,,,,,,,,,,,,,,,,,,,,,,,,,,,,,,,,35.0,51.76,65.0,,,,,,,,,,100,,,,,Control,,,,Appears to be no intervention,,,,,,Appears to be no intervention,,,,Caregiver burden,ZBI,,78.45,20,3.26,79.3,20,3.79,,,7 weeks
Mahdavi 2017,2017,Control 1,Support for carers,Group support and therapy,Iran,Family caregivers of the elderly with Alzheimer's disease registered in Iran Alzheimer's Association in 2014,Alzheimer's Disease,Dementia,Not specified,Yes,,,,,,,,,,,,,,,,some concerns,high risk,high risk,high risk,high risk,high risk,,,,,,,,,,,,,,,,,,,,,,,,,,,,,,,,,,,,,,,,,,,,,,,,,"Group sessions without spiritual therapy, 45-60 minutes for 5 weeks",,,,"""Five, 45 to 60 minute weekly sessions were held for control group one. In these sessions caregivers were meet each other in groups, with-out performing any particular interventions, and daily issues were discussed""",,,,,,Intervention for carers ,,,,Caregiver burden,Care strain score,Change from baseline (within group),36.75,,1.35,36.64,,1.28,,,post-intervention
Mahdavi 2017,2017,Control 2,No intervention,No intervention,Iran,Family caregivers of the elderly with Alzheimer's disease registered in Iran Alzheimer's Association in 2014,Alzheimer's Disease,Dementia,Not specified,Yes,,,,,,,,,,,,,,,,some concerns,high risk,high risk,high risk,high risk,high risk,,,,,,,,,,,,,,,,,,,,,,,,,,,,,,,,,,,,,,,,,,,,,,,,,Control,,,,"""Control group two received no interventions, or even the chance of meeting the caregivers in the group""",,,,,,N/A,,,,Caregiver burden,Care strain score,Change from baseline (within group),37.58,,1.64,37.19,,1.53,,,post-intervention
Mahdavi 2017,2017,Intervention ,Support for carers,Group support and therapy,Iran,Family caregivers of the elderly with Alzheimer's disease registered in Iran Alzheimer's Association in 2014,Alzheimer's Disease,Dementia,Not specified,Yes,,,,,,,,,,,,,,,,some concerns,high risk,high risk,high risk,high risk,high risk,,,,,,,,,,,,,,,,,,,,,,,,,,,,,,,,,,,,,,,,,,,,,,,,,Spiritual group therapy 45-60 minutes for 5 weeks,,,,"Spiritual group therapy was held weekly
for
five weeks and each session lasted 45 to 60 min. Subjects presented
included: Introduction and formation of group solidarity in session one,
The role of reciting the Quran in personal peace in session two, The role
of recommended recitals and repeat them in personal peace in session
three, The role of reciting prayers in personal peace in session four
and Explaining the experience of spiritual care and its effects, preparing members to leave the group and take advantage of the group's achieve-
ments in session
fi
ve.",,,,,,Intervention for carers ,,,,Caregiver burden,Care strain score,Change from baseline (within group),37.16,,1.26,32.43,,2.73,,,post-intervention
Mahdavi 2017,2017,Control 1,Support for carers,Group support and therapy,Iran,Family caregivers of the elderly with Alzheimer's disease registered in Iran Alzheimer's Association in 2014,Alzheimer's Disease,Dementia,Not specified,Yes,,,,,,,,,,,,,,,,some concerns,high risk,high risk,high risk,high risk,high risk,,,,,,,,,,,,,,,,,,,,,,,,,,,,,,,,,,,,,,,,,,,,,,,,,"Group sessions without spiritual therapy, 45-60 minutes for 5 weeks",,,,"""Five, 45 to 60 minute weekly sessions were held for control group one. In these sessions caregivers were meet each other in groups, with-out performing any particular interventions, and daily issues were discussed""",,,,,,Intervention for carers ,,,,Caregiver burden,Care strain score,Change from baseline (between group),36.75,,1.35,36.64,,1.28,,,post-intervention
Mahdavi 2017,2017,Control 2,No intervention,No intervention,Iran,Family caregivers of the elderly with Alzheimer's disease registered in Iran Alzheimer's Association in 2014,Alzheimer's Disease,Dementia,Not specified,Yes,,,,,,,,,,,,,,,,some concerns,high risk,high risk,high risk,high risk,high risk,,,,,,,,,,,,,,,,,,,,,,,,,,,,,,,,,,,,,,,,,,,,,,,,,Control,,,,"""Control group two received no interventions, or even the chance of meeting the caregivers in the group""",,,,,,N/A,,,,Caregiver burden,Care strain score,Change from baseline (between group),37.58,,1.64,37.19,,1.53,,,post-intervention
Mahdavi 2017,2017,Intervention ,Support for carers,Group support and therapy,Iran,Family caregivers of the elderly with Alzheimer's disease registered in Iran Alzheimer's Association in 2014,Alzheimer's Disease,Dementia,Not specified,Yes,,,,,,,,,,,,,,,,some concerns,high risk,high risk,high risk,high risk,high risk,,,,,,,,,,,,,,,,,,,,,,,,,,,,,,,,,,,,,,,,,,,,,,,,,Spiritual group therapy 45-60 minutes for 5 weeks,,,,"Spiritual group therapy was held weekly
for
five weeks and each session lasted 45 to 60 min. Subjects presented
included: Introduction and formation of group solidarity in session one,
The role of reciting the Quran in personal peace in session two, The role
of recommended recitals and repeat them in personal peace in session
three, The role of reciting prayers in personal peace in session four
and Explaining the experience of spiritual care and its effects, preparing members to leave the group and take advantage of the group's achieve-
ments in session
fi
ve.",,,,,,Intervention for carers ,,,,Caregiver burden,Care strain score,Change from baseline (between group),37.16,,1.26,32.43,,2.73,,,post-intervention
Mercedeh 2014,2014,Controlled group,No intervention,No intervention,Iran,Precise setting not stated but members of an Alzheimers Association and took place in urban Tehran.,Alzheimer's Disease,Dementia,Not specified,,,,,,,,,,,,,,,,,high risk,high risk,high risk,high risk,some concerns,high risk,,,,,,,,,,,,,,,,,,,,,,,,,,,,,,,,,,100%,,,,,,,,,,,,,,,,,,,,,,,,,,,,,Caregiver burden,Unspecified,Raw,25.3,10,7.33,44.7,10,13.71,,,post-intervention
Mercedeh 2014,2014,Experimental group,Support for carers,Group support and therapy,Iran,Precise setting not stated but members of an Alzheimers Association and took place in urban Tehran.,Alzheimer's Disease,Dementia,Not specified,,,,,,,,,,,,,,,,,high risk,high risk,high risk,high risk,some concerns,high risk,,,,,,,,,,,,,,,,,,,,,,,,,,,,,,,,,,100%,,,,,,,,,,,,,,,,,,,,,,,,,,,,,Caregiver burden,Unspecified,Raw,31.6,10,16.36,24,10,14.25,,,post-intervention
Mercedeh 2014,2014,Controlled group,No intervention,No intervention,Iran,Precise setting not stated but members of an Alzheimers Association and took place in urban Tehran.,Alzheimer's Disease,Dementia,Not specified,,,,,,,,,,,,,,,,,high risk,high risk,high risk,high risk,some concerns,high risk,,,,,,,,,,,,,,,,,,,,,,,,,,,,,,,,,,100%,,,,,,,,,,,,,,,,,,,,,,,,,,,,,Caregiver depression,Unspecified,Raw,12.7,10,4.57,19.4,10,9.21,,,post-intervention
Mercedeh 2014,2014,Experimental group,Support for carers,Group support and therapy,Iran,Precise setting not stated but members of an Alzheimers Association and took place in urban Tehran.,Alzheimer's Disease,Dementia,Not specified,,,,,,,,,,,,,,,,,high risk,high risk,high risk,high risk,some concerns,high risk,,,,,,,,,,,,,,,,,,,,,,,,,,,,,,,,,,100%,,,,,,,,,,,,,,,,,,,,,,,,,,,,,Caregiver depression,Unspecified,Raw,20,10,6.16,6.7,10,2.54,,,post-intervention
Mercedeh 2014,2014,Controlled group,No intervention,No intervention,Iran,Precise setting not stated but members of an Alzheimers Association and took place in urban Tehran.,Alzheimer's Disease,Dementia,Not specified,,,,,,,,,,,,,,,,,high risk,high risk,high risk,high risk,some concerns,high risk,,,,,,,,,,,,,,,,,,,,,,,,,,,,,,,,,,100%,,,,,,,,,,,,,,,,,,,,,,,,,,,,,Quality of life,Unspecified,Raw,47.61,10,18.32,37.57,10,12.8,,,post-intervention
Mercedeh 2014,2014,Experimental group,Support for carers,Group support and therapy,Iran,Precise setting not stated but members of an Alzheimers Association and took place in urban Tehran.,Alzheimer's Disease,Dementia,Not specified,,,,,,,,,,,,,,,,,high risk,high risk,high risk,high risk,some concerns,high risk,,,,,,,,,,,,,,,,,,,,,,,,,,,,,,,,,,100%,,,,,,,,,,,,,,,,,,,,,,,,,,,,,Quality of life,Unspecified,Raw,58.01,10,24.01,70.98,10,11.11,,,post-intervention
Orawan 2018,2018,Enhancing positive aspects of caregiving program (EPACP),Support for carers,"Information, education, and training to support carers",Thailand,participants were recruited from three secondary medical care hospitals in the central part of Thailand.,Dementia (general/unspecified),Dementia,Mild to moderate,Yes,,,,,,,,,,,,,,,,some concerns,some concerns,low risk,high risk,some concerns,high risk,,,,,,,,,,,,,,,,,,,,,,,,,,,,,,,,,55.11,83.3,,,,,,,,,,,,,,,EPACP plus usual care. The program consistedof six groups sessions and one individual session,,,,""" The
EPACP was developed based on the Kramer’s twofactor adaptation model4 and designed to increase
caregiving self-efficacy, spirituality, social support,
and maintain positive caregiving experiences for
family caregiver of the person with dementia. Strategies
used included information provision and skill training;
exploring spirituality; finding positive events in their
lives; mindfulness practice; positive reappraisal
activities; and goal setting practice all conducted through
group discussions and training. Individual counseling
was also given. A dementia caregiving booklet, role
model, and video were also used. The program consisted
of six groups sessions and one individual session. Three
groups of 15 family members met once a week, for 2
hours over 6 weeks. At week 7, the PI offered the
individual sessions (see details in Table 1).""",,,,,,Intervention for carers,,,,Positive aspects of caregiving,,Raw,44.08,36,1.13,43.27,36,2.47,,,12 weeks
Orawan 2018,2018,Usual care (Control Group),No intervention,No intervention,Thailand,participants were recruited from three secondary medical care hospitals in the central part of Thailand.,Dementia (general/unspecified),Dementia,Mild to moderate,Yes,,,,,,,,,,,,,,,,some concerns,some concerns,low risk,high risk,some concerns,high risk,,,,,,,,,,,,,,,,,,,,,,,,,,,,,,,,,55.66,72.2,,,,,,,,,,,,,,,Usual care which included health education or suggestions fromnurses and other professionals at psychiatric clinicsof hospital or at home.,,,,"""For the
control group, participants received only usual care
which included health education or suggestions from
nurses and other professionals at psychiatric clinics
of hospital or at home. """,,,,,,N/A,,,,Positive aspects of caregiving,,Raw,37.75,36,3.86,37.36,36,5.89,,,12 weeks
Orawan 2018,2018,Enhancing positive aspects of caregiving program (EPACP),Support for carers,"Information, education, and training to support carers",Thailand,participants were recruited from three secondary medical care hospitals in the central part of Thailand.,Dementia (general/unspecified),Dementia,Mild to moderate,Yes,,,,,,,,,,,,,,,,some concerns,some concerns,low risk,high risk,some concerns,high risk,,,,,,,,,,,,,,,,,,,,,,,,,,,,,,,,,55.11,83.3,,,,,,,,,,,,,,,EPACP plus usual care. The program consistedof six groups sessions and one individual session,,,,""" The
EPACP was developed based on the Kramer’s twofactor adaptation model4 and designed to increase
caregiving self-efficacy, spirituality, social support,
and maintain positive caregiving experiences for
family caregiver of the person with dementia. Strategies
used included information provision and skill training;
exploring spirituality; finding positive events in their
lives; mindfulness practice; positive reappraisal
activities; and goal setting practice all conducted through
group discussions and training. Individual counseling
was also given. A dementia caregiving booklet, role
model, and video were also used. The program consisted
of six groups sessions and one individual session. Three
groups of 15 family members met once a week, for 2
hours over 6 weeks. At week 7, the PI offered the
individual sessions (see details in Table 1).""",,,,,,Intervention for carers,,,,Positive aspects of caregiving,,Raw,44.08,36,1.13,42.58,36,3.2,,,8 weeks
Orawan 2018,2018,Usual care (Control Group),No intervention,No intervention,Thailand,participants were recruited from three secondary medical care hospitals in the central part of Thailand.,Dementia (general/unspecified),Dementia,Mild to moderate,Yes,,,,,,,,,,,,,,,,some concerns,some concerns,low risk,high risk,some concerns,high risk,,,,,,,,,,,,,,,,,,,,,,,,,,,,,,,,,55.66,72.2,,,,,,,,,,,,,,,Usual care which included health education or suggestions fromnurses and other professionals at psychiatric clinicsof hospital or at home.,,,,"""For the
control group, participants received only usual care
which included health education or suggestions from
nurses and other professionals at psychiatric clinics
of hospital or at home. """,,,,,,N/A,,,,Positive aspects of caregiving,,Raw,37.75,36,3.86,39.19,36,4.52,,,8 weeks
Orawan 2018,2018,Enhancing positive aspects of caregiving program (EPACP),Support for carers,"Information, education, and training to support carers",Thailand,participants were recruited from three secondary medical care hospitals in the central part of Thailand.,Dementia (general/unspecified),Dementia,Mild to moderate,Yes,,,,,,,,,,,,,,,,some concerns,some concerns,low risk,high risk,some concerns,high risk,,,,,,,,,,,,,,,,,,,,,,,,,,,,,,,,,55.11,83.3,,,,,,,,,,,,,,,EPACP plus usual care. The program consistedof six groups sessions and one individual session,,,,""" The
EPACP was developed based on the Kramer’s twofactor adaptation model4 and designed to increase
caregiving self-efficacy, spirituality, social support,
and maintain positive caregiving experiences for
family caregiver of the person with dementia. Strategies
used included information provision and skill training;
exploring spirituality; finding positive events in their
lives; mindfulness practice; positive reappraisal
activities; and goal setting practice all conducted through
group discussions and training. Individual counseling
was also given. A dementia caregiving booklet, role
model, and video were also used. The program consisted
of six groups sessions and one individual session. Three
groups of 15 family members met once a week, for 2
hours over 6 weeks. At week 7, the PI offered the
individual sessions (see details in Table 1).""",,,,,,Intervention for carers,,,,Positive aspects of caregiving,,Raw,44.08,36,1.13,44.08,36,1.13,,,20 weeks
Orawan 2018,2018,Usual care (Control Group),No intervention,No intervention,Thailand,participants were recruited from three secondary medical care hospitals in the central part of Thailand.,Dementia (general/unspecified),Dementia,Mild to moderate,Yes,,,,,,,,,,,,,,,,some concerns,some concerns,low risk,high risk,some concerns,high risk,,,,,,,,,,,,,,,,,,,,,,,,,,,,,,,,,55.66,72.2,,,,,,,,,,,,,,,Usual care which included health education or suggestions fromnurses and other professionals at psychiatric clinicsof hospital or at home.,,,,"""For the
control group, participants received only usual care
which included health education or suggestions from
nurses and other professionals at psychiatric clinics
of hospital or at home. """,,,,,,N/A,,,,Positive aspects of caregiving,,Raw,37.75,36,3.86,37.75,36,3.86,,,20 weeks
Orawan 2018,2018,Enhancing positive aspects of caregiving program (EPACP),Support for carers,"Information, education, and training to support carers",Thailand,participants were recruited from three secondary medical care hospitals in the central part of Thailand.,Dementia (general/unspecified),Dementia,Mild to moderate,Yes,,,,,,,,,,,,,,,,some concerns,some concerns,low risk,high risk,some concerns,high risk,,,,,,,,,,,,,,,,,,,,,,,,,,,,,,,,,55.11,83.3,,,,,,,,,,,,,,,EPACP plus usual care. The program consistedof six groups sessions and one individual session,,,,""" The
EPACP was developed based on the Kramer’s twofactor adaptation model4 and designed to increase
caregiving self-efficacy, spirituality, social support,
and maintain positive caregiving experiences for
family caregiver of the person with dementia. Strategies
used included information provision and skill training;
exploring spirituality; finding positive events in their
lives; mindfulness practice; positive reappraisal
activities; and goal setting practice all conducted through
group discussions and training. Individual counseling
was also given. A dementia caregiving booklet, role
model, and video were also used. The program consisted
of six groups sessions and one individual session. Three
groups of 15 family members met once a week, for 2
hours over 6 weeks. At week 7, the PI offered the
individual sessions (see details in Table 1).""",,,,,,Intervention for carers,,,,Subjective well-being,,Raw,79.44,36,11.19,98.61,36,10.8,,,8 weeks
Orawan 2018,2018,Enhancing positive aspects of caregiving program (EPACP),Support for carers,"Information, education, and training to support carers",Thailand,participants were recruited from three secondary medical care hospitals in the central part of Thailand.,Dementia (general/unspecified),Dementia,Mild to moderate,Yes,,,,,,,,,,,,,,,,some concerns,some concerns,low risk,high risk,some concerns,high risk,,,,,,,,,,,,,,,,,,,,,,,,,,,,,,,,,55.11,83.3,,,,,,,,,,,,,,,EPACP plus usual care. The program consistedof six groups sessions and one individual session,,,,""" The
EPACP was developed based on the Kramer’s twofactor adaptation model4 and designed to increase
caregiving self-efficacy, spirituality, social support,
and maintain positive caregiving experiences for
family caregiver of the person with dementia. Strategies
used included information provision and skill training;
exploring spirituality; finding positive events in their
lives; mindfulness practice; positive reappraisal
activities; and goal setting practice all conducted through
group discussions and training. Individual counseling
was also given. A dementia caregiving booklet, role
model, and video were also used. The program consisted
of six groups sessions and one individual session. Three
groups of 15 family members met once a week, for 2
hours over 6 weeks. At week 7, the PI offered the
individual sessions (see details in Table 1).""",,,,,,Intervention for carers,,,,Subjective well-being,,Raw,79.77,36,11.02,100.11,36,10.49,,,8 weeks
Orawan 2018,2018,Enhancing positive aspects of caregiving program (EPACP),Support for carers,"Information, education, and training to support carers",Thailand,participants were recruited from three secondary medical care hospitals in the central part of Thailand.,Dementia (general/unspecified),Dementia,Mild to moderate,Yes,,,,,,,,,,,,,,,,some concerns,some concerns,low risk,high risk,some concerns,high risk,,,,,,,,,,,,,,,,,,,,,,,,,,,,,,,,,55.11,83.3,,,,,,,,,,,,,,,EPACP plus usual care. The program consistedof six groups sessions and one individual session,,,,""" The
EPACP was developed based on the Kramer’s twofactor adaptation model4 and designed to increase
caregiving self-efficacy, spirituality, social support,
and maintain positive caregiving experiences for
family caregiver of the person with dementia. Strategies
used included information provision and skill training;
exploring spirituality; finding positive events in their
lives; mindfulness practice; positive reappraisal
activities; and goal setting practice all conducted through
group discussions and training. Individual counseling
was also given. A dementia caregiving booklet, role
model, and video were also used. The program consisted
of six groups sessions and one individual session. Three
groups of 15 family members met once a week, for 2
hours over 6 weeks. At week 7, the PI offered the
individual sessions (see details in Table 1).""",,,,,,Intervention for carers,,,,Subjective well-being,,Raw,79.44,36,11.19,98.91,36,10.05,,,12 weeks
Orawan 2018,2018,Enhancing positive aspects of caregiving program (EPACP),Support for carers,"Information, education, and training to support carers",Thailand,participants were recruited from three secondary medical care hospitals in the central part of Thailand.,Dementia (general/unspecified),Dementia,Mild to moderate,Yes,,,,,,,,,,,,,,,,some concerns,some concerns,low risk,high risk,some concerns,high risk,,,,,,,,,,,,,,,,,,,,,,,,,,,,,,,,,55.11,83.3,,,,,,,,,,,,,,,EPACP plus usual care. The program consistedof six groups sessions and one individual session,,,,""" The
EPACP was developed based on the Kramer’s twofactor adaptation model4 and designed to increase
caregiving self-efficacy, spirituality, social support,
and maintain positive caregiving experiences for
family caregiver of the person with dementia. Strategies
used included information provision and skill training;
exploring spirituality; finding positive events in their
lives; mindfulness practice; positive reappraisal
activities; and goal setting practice all conducted through
group discussions and training. Individual counseling
was also given. A dementia caregiving booklet, role
model, and video were also used. The program consisted
of six groups sessions and one individual session. Three
groups of 15 family members met once a week, for 2
hours over 6 weeks. At week 7, the PI offered the
individual sessions (see details in Table 1).""",,,,,,Intervention for carers,,,,Subjective well-being,,Raw,79.77,36,11.02,99.8,36,11.25,,,12 weeks
Orawan 2018,2018,Enhancing positive aspects of caregiving program (EPACP),Support for carers,"Information, education, and training to support carers",Thailand,participants were recruited from three secondary medical care hospitals in the central part of Thailand.,Dementia (general/unspecified),Dementia,Mild to moderate,Yes,,,,,,,,,,,,,,,,some concerns,some concerns,low risk,high risk,some concerns,high risk,,,,,,,,,,,,,,,,,,,,,,,,,,,,,,,,,55.11,83.3,,,,,,,,,,,,,,,EPACP plus usual care. The program consistedof six groups sessions and one individual session,,,,""" The
EPACP was developed based on the Kramer’s twofactor adaptation model4 and designed to increase
caregiving self-efficacy, spirituality, social support,
and maintain positive caregiving experiences for
family caregiver of the person with dementia. Strategies
used included information provision and skill training;
exploring spirituality; finding positive events in their
lives; mindfulness practice; positive reappraisal
activities; and goal setting practice all conducted through
group discussions and training. Individual counseling
was also given. A dementia caregiving booklet, role
model, and video were also used. The program consisted
of six groups sessions and one individual session. Three
groups of 15 family members met once a week, for 2
hours over 6 weeks. At week 7, the PI offered the
individual sessions (see details in Table 1).""",,,,,,Intervention for carers,,,,Subjective well-being,,Raw,79.44,36,11.19,100.27,36,9.56,,,20 weeks
Orawan 2018,2018,Enhancing positive aspects of caregiving program (EPACP),Support for carers,"Information, education, and training to support carers",Thailand,participants were recruited from three secondary medical care hospitals in the central part of Thailand.,Dementia (general/unspecified),Dementia,Mild to moderate,Yes,,,,,,,,,,,,,,,,some concerns,some concerns,low risk,high risk,some concerns,high risk,,,,,,,,,,,,,,,,,,,,,,,,,,,,,,,,,55.11,83.3,,,,,,,,,,,,,,,EPACP plus usual care. The program consistedof six groups sessions and one individual session,,,,""" The
EPACP was developed based on the Kramer’s twofactor adaptation model4 and designed to increase
caregiving self-efficacy, spirituality, social support,
and maintain positive caregiving experiences for
family caregiver of the person with dementia. Strategies
used included information provision and skill training;
exploring spirituality; finding positive events in their
lives; mindfulness practice; positive reappraisal
activities; and goal setting practice all conducted through
group discussions and training. Individual counseling
was also given. A dementia caregiving booklet, role
model, and video were also used. The program consisted
of six groups sessions and one individual session. Three
groups of 15 family members met once a week, for 2
hours over 6 weeks. At week 7, the PI offered the
individual sessions (see details in Table 1).""",,,,,,Intervention for carers,,,,Subjective well-being,,Raw,79.77,36,11.02,98.91,36,11.23,,,20 weeks
Pahlavanzadeh 2010,2010,Control,No intervention,No intervention,Iran,"Modares Psychiatric Hospital and Shariati Psychiatric clinic in the city of Isfahan, which are the centers for elderly with dementia",Dementia (general/unspecified),Dementia,Not specified,Yes,,,,,,,,,,,,,,,,some concerns,high risk,high risk,high risk,some concerns,high risk,,,,,,,,,,,,,,Illiterate: 16%; Primary school: 68%; Guidance school: 8%; High school diploma: 8%; Higher education: 0%,,,,,,,,,,,,,,,,,,56,46.56,68,,,,13.44,,,,,,,,,,,Control,,,,No details,,,,,,N/A,,,,Caregiver burden,ZBI,Raw,43.28,25,13.08,46.8,25,3.13,,,End of intervention
Pahlavanzadeh 2010,2010,Family education program,Support for carers,"Information, education, and training to support carers",Iran,"Modares Psychiatric Hospital and Shariati Psychiatric clinic in the city of Isfahan, which are the centers for elderly with dementia",Dementia (general/unspecified),Dementia,Not specified,Yes,,,,,,,,,,,,,,,,some concerns,high risk,high risk,high risk,some concerns,high risk,,,,,,,,,,,,,,Illiterate: 48%; Primary school: 32%; Guidance school: 4%; High school diploma: 16%; Higher education: 0%,,,,,,,,,,,,,,,,,,44,42.88,84,,,,14,,,,,,,,,,,"Family education programme for caregivers; 5 weekly group sessions for 90 minutes each, plus recordings on CD",,,,"""Caregivers of the case group attended family educational program after signing a consent form. Patients and controls were not present in this program. The content of the program was based on an educational pamphlet prepared and edited by the researchers through reading books and articles. The content was approved by 10 psychiatrists, neurologist and faculty members of the School of Nursing and Midwifery of Isfahan University of Medical Sciences. This program included 5 weekly sessions22 using lecturing, group discussions (10-15 members in groups), and question and answer as table 1 presents. The duration of each session was 90 minutes23 and the place was Noor Hospital in Isfahan. This program was conducted under the supervision of the first researcher who has several years of experience as a university lecturer and patients and their families’ educator and also has a master degree in psychiatry. Meanwhile, CDs of all the sessions were provided to caregivers of the case group.""",,,,,,Intervention for caregivers,,,,Caregiver burden,ZBI,Raw,42,25,65.17,44.35,25,65.15,,,End of intervention
Pahlavanzadeh 2010,2010,Control,No intervention,No intervention,Iran,"Modares Psychiatric Hospital and Shariati Psychiatric clinic in the city of Isfahan, which are the centers for elderly with dementia",Dementia (general/unspecified),Dementia,Not specified,Yes,,,,,,,,,,,,,,,,some concerns,high risk,high risk,high risk,some concerns,high risk,,,,,,,,,,,,,,Illiterate: 16%; Primary school: 68%; Guidance school: 8%; High school diploma: 8%; Higher education: 0%,,,,,,,,,,,,,,,,,,56,46.56,68,,,,13.44,,,,,,,,,,,Control,,,,No details,,,,,,N/A,,,,Caregiver burden,ZBI,Raw,43.28,25,13.08,64.5,25,25.13,,,1 month post treatment
Pahlavanzadeh 2010,2010,Family education program,Support for carers,"Information, education, and training to support carers",Iran,"Modares Psychiatric Hospital and Shariati Psychiatric clinic in the city of Isfahan, which are the centers for elderly with dementia",Dementia (general/unspecified),Dementia,Not specified,Yes,,,,,,,,,,,,,,,,some concerns,high risk,high risk,high risk,some concerns,high risk,,,,,,,,,,,,,,Illiterate: 48%; Primary school: 32%; Guidance school: 4%; High school diploma: 16%; Higher education: 0%,,,,,,,,,,,,,,,,,,44,42.88,84,,,,14,,,,,,,,,,,"Family education programme for caregivers; 5 weekly group sessions for 90 minutes each, plus recordings on CD",,,,"""Caregivers of the case group attended family educational program after signing a consent form. Patients and controls were not present in this program. The content of the program was based on an educational pamphlet prepared and edited by the researchers through reading books and articles. The content was approved by 10 psychiatrists, neurologist and faculty members of the School of Nursing and Midwifery of Isfahan University of Medical Sciences. This program included 5 weekly sessions22 using lecturing, group discussions (10-15 members in groups), and question and answer as table 1 presents. The duration of each session was 90 minutes23 and the place was Noor Hospital in Isfahan. This program was conducted under the supervision of the first researcher who has several years of experience as a university lecturer and patients and their families’ educator and also has a master degree in psychiatry. Meanwhile, CDs of all the sessions were provided to caregivers of the case group.""",,,,,,Intervention for caregivers,,,,Caregiver burden,ZBI,Raw,42,25,65.17,56.33,25,54.14,,,1 month post treatment
Salamizadeh 2017,2017,Control,No intervention,No intervention,Iran,City of Rafsanjan (Iran). Participants (family caregivers) were recruited from private neurologists' offices.,Alzheimer's Disease,Dementia,Not specified,Yes,,,,,,,,,,,,,,,,some concerns,high risk,high risk,high risk,some concerns,high risk,,,,,,,,,,,,,,,,,,,,,,,,,,,,,,,,,50.57,89.3,Housewife: 78.6%; Other: 21.4%,,,,,,,,,,,,,,Control,,,,"""Patients in the control group received no education about spirituality.""",,,,,,N/A,,,,Caregiver self-efficacy,,Raw,28.39,28,6.41,27.85,28,5.98,,,3 weeks post-intervention
Salamizadeh 2017,2017,Spiritual care education (intervention),Support for carers,"Information, education, and training to support carers",Iran,City of Rafsanjan (Iran). Participants (family caregivers) were recruited from private neurologists' offices.,Alzheimer's Disease,Dementia,Not specified,Yes,,,,,,,,,,,,,,,,some concerns,high risk,high risk,high risk,some concerns,high risk,,,,,,,,,,,,,,,,,,,,,,,,,,,,,,,,,47.38,80.8,Housewife: 61.5%; Other: 38.5%,,,,,,,,,,,,,,"Spiritual care education sessions, 1x per week for 5 weeks",,,,"""The  intervention  included  five  SC educational  sessions  held  weekly  for  five consecutive weeks. The length of each session ranged from 45 to 60 minutes. All sessions wereheld by the first author. The educational package had already been developed by Reyhani et al.32It includes topics such as reliance on God, seekinghelp from holy people, patience, generosity, altruism, mantra, and prayer. This package has been approved by clergies and university instructors. In sessions one to five, we explained  the roles of reliance on God, seeking help from holy people, patience,generosity, and mantra and prayer in maintaining or regaining the inner peace.""",,,,,,Intervention for carers,,,,Caregiver self-efficacy,,Raw,29.8,26,4.8,32.73,26,4.75,,,3 weeks post-intervention
Shata 2017,2017,Control (No intervention),No intervention,No intervention,Egypt,Psychogeriatric out‑patient clinic of Al‑Maamoura Psychiatric Hospital. Alexandria (urban setting),Dementia (general/unspecified),Dementia,Not specified,Yes,,,,,,,,,,,,,,,,low risk,high risk,high risk,high risk,some concerns,high risk,,,,,,,,,,,,,,,,,,,,,,,,,,,,,,,,,47.97,69.5,,,,,,,,,,,,100,,,No intervention,,,,No intervention,,,,,,N/A,,,,Caregiver burden,ZBI,Raw,50,59,12.6,0.74,59,0.84,,,3 month follow-up
Shata 2017,2017,Group psychosocial intervention programme,Support for carers,Group support and therapy,Egypt,Psychogeriatric out‑patient clinic of Al‑Maamoura Psychiatric Hospital. Alexandria (urban setting),Dementia (general/unspecified),Dementia,Not specified,Yes,,,,,,,,,,,,,,,,low risk,high risk,high risk,high risk,some concerns,high risk,,,,,,,,,,,,,,,,,,,,,,,,,,,,,,,,,49.35,61.8,,,,,,,,,,,,100,,,8 week multi-component group psychosocial programme,,,,"8 week multi-component group psychosocial programme. ""Short‑term goalsincluded (1) improving caregivers’ knowledge aboutdementia, (2) helping caregivers to identify differentproblematic behaviors of care recipients and differentstrategies to handle such behaviors, and (3) providingsocial support for caregivers. Long‑term goals incorporated(1) acquiring the skills of handling problematic behaviors ofcare recipients, (2) enhancing caregivers’ skills and strategiesfor managing the burden of care, and (3) improvingcaregivers’ emotional status through acquiring skills ofcoping and stress management.  The program included three components: grouppsychoeducation (two sessions), brief group CBT(six sessions), and group support sessions that wereheld throughout the program covering topics similar topsychoeducation/CBT topics as illustrated in Table 1. Eachsession took 45–60 min. Training was conducted througha collaborative approach using illustrations, vignettes, roleplaying, brainstorming, group discussion, and audio‑visualaids. Different methods were used to achieve differentobjectives of the program. An intervention protocol withall details covering the above‑mentioned sessions wasprepared based on caregivers’ needs reported by them inthe early assessment phase, and on reviewing literaturefor other programs directed to caregivers’ of people withNCDs, worldwide. Culturally sensitive sessions weredesigned taking into consideration the characteristics ofparticipants. The program was implemented by the principalinvestigator (second author).""",,,,,,Intervention for carers,,,,Caregiver burden,ZBI,Raw,52.1,55,15.1,-17.4,55,8.38,,,3 month follow-up
Shata 2017,2017,Control (No intervention),No intervention,No intervention,Egypt,Psychogeriatric out‑patient clinic of Al‑Maamoura Psychiatric Hospital. Alexandria (urban setting),Dementia (general/unspecified),Dementia,Not specified,Yes,,,,,,,,,,,,,,,,low risk,high risk,high risk,high risk,some concerns,high risk,,,,,,,,,,,,,,,,,,,,,,,,,,,,,,,,,47.97,69.5,,,,,,,,,,,,100,,,No intervention,,,,No intervention,,,,,,N/A,,,,Caregiver burden,ZBI,Raw,50,59,12.6,0.15,59,0.4,,,post-intervention
Shata 2017,2017,Group psychosocial intervention programme,Support for carers,Group support and therapy,Egypt,Psychogeriatric out‑patient clinic of Al‑Maamoura Psychiatric Hospital. Alexandria (urban setting),Dementia (general/unspecified),Dementia,Not specified,Yes,,,,,,,,,,,,,,,,low risk,high risk,high risk,high risk,some concerns,high risk,,,,,,,,,,,,,,,,,,,,,,,,,,,,,,,,,49.35,61.8,,,,,,,,,,,,100,,,8 week multi-component group psychosocial programme,,,,"8 week multi-component group psychosocial programme. ""Short‑term goalsincluded (1) improving caregivers’ knowledge aboutdementia, (2) helping caregivers to identify differentproblematic behaviors of care recipients and differentstrategies to handle such behaviors, and (3) providingsocial support for caregivers. Long‑term goals incorporated(1) acquiring the skills of handling problematic behaviors ofcare recipients, (2) enhancing caregivers’ skills and strategiesfor managing the burden of care, and (3) improvingcaregivers’ emotional status through acquiring skills ofcoping and stress management.  The program included three components: grouppsychoeducation (two sessions), brief group CBT(six sessions), and group support sessions that wereheld throughout the program covering topics similar topsychoeducation/CBT topics as illustrated in Table 1. Eachsession took 45–60 min. Training was conducted througha collaborative approach using illustrations, vignettes, roleplaying, brainstorming, group discussion, and audio‑visualaids. Different methods were used to achieve differentobjectives of the program. An intervention protocol withall details covering the above‑mentioned sessions wasprepared based on caregivers’ needs reported by them inthe early assessment phase, and on reviewing literaturefor other programs directed to caregivers’ of people withNCDs, worldwide. Culturally sensitive sessions weredesigned taking into consideration the characteristics ofparticipants. The program was implemented by the principalinvestigator (second author).""",,,,,,Intervention for carers,,,,Caregiver burden,ZBI,Raw,52.1,55,15.1,-17.36,55,8.34,,,post-intervention
Söylemez 2016,2016,Progressively Lowered Stress Threshold-based intervention,Support for carers,"Information, education, and training to support carers",Turkey,"Western Turkey, home based. Patient lists were obtained from dementia outpatient clinics at one university hospital and the office of the Alzheimer’s Association in Izmir. ",Alzheimer's Disease,Dementia,Mild,Yes,,,,,,,,,,,,,,,,some concerns,some concerns,some concerns,high risk,some concerns,high risk,,,,,,,,,,,,,,Primary school: 69%; High school: 14%; University: 17%,,,,,,,,,,,,,,,,,,63,61.2,74,,,,,,,,,,0,,100,,,Progressively Lowered Stress Threshold-based intervention for 3 months,,,,"""The PLST model (Hall & Buckwalter, 1987) provides the foundation for a psychoeduca-tional intervention that assists formal and informal caregivers in understanding behaviors and plan-ning care for individuals with de-mentia. It has been tested widely since 1988. The model can be eas-ily understood by professional and non-professional caregivers and allows for flexible modification of the care plan based on individuals’ changing needs. The PLST model is a conceptual framework that organizes symp-toms, suggests causes of challenging behaviors, and teaches caregivers methods of modifying the envi-ronment to eliminate or minimize behavioral symptoms. The rea-sons for, or triggers of, symptoms can usually be modified in any setting, resulting in a decrease in behaviors distressing to caregiv-ers and individuals with dementia. The PLST model should empower caregivers by helping them pre-vent and manage the most difficult behaviors in Alzheimer’s disease. 
 [...] Interventions were conduct-ed at patients’ homes in their usual environment. Individuals with de-mentia and their caregivers in the experimental group were seen four times in a 6-month period. Each session lasted at least 1 hour. The intervention phase lasted 3 months. [...] The first home visit focused on understanding the behaviors of the individuals with dementia, how caregivers coped with these behav-iors, and difficulties experienced by caregivers. After 2 weeks, during the second home visit for caregivers in the experimental group, the PLST-based intervention was pro-vided and demonstrated. At the third home visit 2 months later, the care plan was reviewed, more techniques were taught, and writ-ten materials summarizing the care plan were provided. After the third home visit, follow-up telephone calls were made every 2 weeks. Ex-perimental group members also re-ceived a caregiver booklet prepared by the authors that contained a variety of educational and support materials, such as general informa-tion about the disease, common problems (e.g., sleep disturbances), how to administer medications, bathing, toileting, physical activi-ties, nutrition, and communication, as well as recommended reading for family members caring for individ-uals with dementia."" ",,,,,,Non-pharmacological intervention,,,,Caregiver burden,Caregiver burden inventory,Raw,38.02,35,21.49,34.71,35,18.82,,,6 months (3 months post-intervention)
Söylemez 2016,2016,Routine care (control),No intervention,No intervention,Turkey,"Western Turkey, home based. Patient lists were obtained from dementia outpatient clinics at one university hospital and the office of the Alzheimer’s Association in Izmir. ",Alzheimer's Disease,Dementia,Mild,Yes,,,,,,,,,,,,,,,,some concerns,some concerns,some concerns,high risk,some concerns,high risk,,,,,,,,,,,,,,Primary school: 49%; High school: 34%; University: 17%,,,,,,,,,,,,,,,,,,54,62.28,71,,,,,,,,,,0,,100,,,Routine care,,,,"""Comparison group members received routine care. In the routine care program, following diagnosis, caregivers were informed about the disease by physicians and given leaflets. When caregivers came to the outpatient visit with the pa-tients, they had an opportunity to ask physicians questions. Fre-quency of outpatient visits varied between every 6 months and once per year. Participants in the com-parison group were seen four times in a 6-month period at their home. Each session lasted approximately 1 hour. The first home visit fo-cused on a review of the study aims and protocols, obtaining informed consent, and data collection. After 2 weeks, during the second home visit for caregivers in the compari-son group, general information about care of individuals with de-mentia was presented and updated leaflets were provided. At the third home visit 2 months later, data were collected. At the last home visit 3 months later, data were again collected. After the study was completed, participants in the comparison group were provided with the experimental group pro-tocols.""",,,,,,N/A,,,,Caregiver burden,Caregiver burden inventory,Raw,31.19,35,16.54,35.66,35,17.07,,,6 months (3 months post-intervention)
Söylemez 2016,2016,Progressively Lowered Stress Threshold-based intervention,Support for carers,"Information, education, and training to support carers",Turkey,"Western Turkey, home based. Patient lists were obtained from dementia outpatient clinics at one university hospital and the office of the Alzheimer’s Association in Izmir. ",Alzheimer's Disease,Dementia,Mild,Yes,,,,,,,,,,,,,,,,some concerns,some concerns,some concerns,high risk,some concerns,high risk,,,,,,,,,,,,,,Primary school: 69%; High school: 14%; University: 17%,,,,,,,,,,,,,,,,,,63,61.2,74,,,,,,,,,,0,,100,,,Progressively Lowered Stress Threshold-based intervention for 3 months,,,,"""The PLST model (Hall & Buckwalter, 1987) provides the foundation for a psychoeduca-tional intervention that assists formal and informal caregivers in understanding behaviors and plan-ning care for individuals with de-mentia. It has been tested widely since 1988. The model can be eas-ily understood by professional and non-professional caregivers and allows for flexible modification of the care plan based on individuals’ changing needs. The PLST model is a conceptual framework that organizes symp-toms, suggests causes of challenging behaviors, and teaches caregivers methods of modifying the envi-ronment to eliminate or minimize behavioral symptoms. The rea-sons for, or triggers of, symptoms can usually be modified in any setting, resulting in a decrease in behaviors distressing to caregiv-ers and individuals with dementia. The PLST model should empower caregivers by helping them pre-vent and manage the most difficult behaviors in Alzheimer’s disease. 
 [...] Interventions were conduct-ed at patients’ homes in their usual environment. Individuals with de-mentia and their caregivers in the experimental group were seen four times in a 6-month period. Each session lasted at least 1 hour. The intervention phase lasted 3 months. [...] The first home visit focused on understanding the behaviors of the individuals with dementia, how caregivers coped with these behav-iors, and difficulties experienced by caregivers. After 2 weeks, during the second home visit for caregivers in the experimental group, the PLST-based intervention was pro-vided and demonstrated. At the third home visit 2 months later, the care plan was reviewed, more techniques were taught, and writ-ten materials summarizing the care plan were provided. After the third home visit, follow-up telephone calls were made every 2 weeks. Ex-perimental group members also re-ceived a caregiver booklet prepared by the authors that contained a variety of educational and support materials, such as general informa-tion about the disease, common problems (e.g., sleep disturbances), how to administer medications, bathing, toileting, physical activi-ties, nutrition, and communication, as well as recommended reading for family members caring for individ-uals with dementia."" ",,,,,,Non-pharmacological intervention,,,,Caregiver quality of life,WHO-QoL-Bref,Raw,86,35,9.15,88.51,35,8.28,,,6 months (3 months post-intervention)
Söylemez 2016,2016,Routine care (control),No intervention,No intervention,Turkey,"Western Turkey, home based. Patient lists were obtained from dementia outpatient clinics at one university hospital and the office of the Alzheimer’s Association in Izmir. ",Alzheimer's Disease,Dementia,Mild,Yes,,,,,,,,,,,,,,,,some concerns,some concerns,some concerns,high risk,some concerns,high risk,,,,,,,,,,,,,,Primary school: 49%; High school: 34%; University: 17%,,,,,,,,,,,,,,,,,,54,62.28,71,,,,,,,,,,0,,100,,,Routine care,,,,"""Comparison group members received routine care. In the routine care program, following diagnosis, caregivers were informed about the disease by physicians and given leaflets. When caregivers came to the outpatient visit with the pa-tients, they had an opportunity to ask physicians questions. Fre-quency of outpatient visits varied between every 6 months and once per year. Participants in the com-parison group were seen four times in a 6-month period at their home. Each session lasted approximately 1 hour. The first home visit fo-cused on a review of the study aims and protocols, obtaining informed consent, and data collection. After 2 weeks, during the second home visit for caregivers in the compari-son group, general information about care of individuals with de-mentia was presented and updated leaflets were provided. At the third home visit 2 months later, data were collected. At the last home visit 3 months later, data were again collected. After the study was completed, participants in the comparison group were provided with the experimental group pro-tocols.""",,,,,,N/A,,,,Caregiver quality of life,WHO-QoL-Bref,Raw,87.2,35,5.69,85.23,35,5.68,,,6 months (3 months post-intervention)
SU 2012,2012,Comprehensive nursing intervention,Comprehensive care interventions,Individual-based interventions,China,Hospital ,Alzheimer's Disease,Dementia,Not specified,No info. ,MMSE,Raw,18.36,20,3.19,19.58,20,4.20,,6,,,,,,some concerns,some concerns,low risk,high risk,some concerns,high risk,,,,,,,,,,,,,,"9 primary school ,9 middle school and 2 bachelor degree ",,,,,,,,,,,,,,,,,,50,,,,,,18.36,,,,,,,,,,,,,,"Psychological care, emotional care cognitive care, daily care, home safety  and care after the discharge from hospital for 14 days",,"""1.2.1 心理护理 鼓励家属多陪伴患者,加强与患者的交流, 可一起参加社会或家庭活动D 尊重患者,以诚恳的态度对待患 者,鼓励患者战胜疾病,以增强患者信心D 针对患者不同病情, 有计划地与患者交谈,消除患者的顾虑,培养乐观情绪,使患者 以较好的心理状态配合治疗D 1.2.2 情感护理 针对患者焦虑情绪,在护理时应保持病房环 境的舒适性,在适当的时间放一些轻松愉悦的音乐:针对患者抑 郁倾述,应耐心倾听患者的倾述,不强迫患者做不愿意的事,以 鼓励为主,引导患者进行适当的运动,如散步等:针对易激动情 绪,应积极分析原因,安慰患者,避免语言刺激,鼓励患者做锻 炼,以放松心情:针对淡漠情绪,可增加病房内物品摆放,比如患 者感兴趣的物品,鼓励患者加强与他人的交流D 1.2.3 认知护理 对记忆的训练:念一串数字,让患者复述,逐 渐增加难度,增强患者的瞬时记忆:让患者看数件物品后数分 钟,让患者回忆刚刚所看到的物品,以增强短时记忆D 对定向力 的训练:开始让患者记忆一些特别的日期~时间等,如生日~节 日,让患者尝试记忆亲人~护士~医生的姓名:对回忆的训练:让 患者看对其意义较大的物品,使患者回忆往事:对分析能力的训 练:让患者对物品进行分类:对口语的训练:给患者讲述一段故 事,让患者回答一些简单的问题,或者简单概括故事的情节D 1.2.4 生活护理 给予患者自我照顾的机会,对患者进行生活 能力训练,如洗漱~穿脱衣~进餐等,鼓励患者尽量自理,如完全 不能自理,设专人护理,注意翻身拍背,按摩等,防止褥疮~感染等并发症D 对药物的发放,应按时按顿,指导患者将药物全部服 下,对有幻觉的患者,应耐心劝说,详细解释D 患者认知障碍严 重时,常出现白天休息,夜间吵闹,应保持夜间病房安静,入睡前 可予温水泡脚,对伴有严重睡眠障碍者,应给予药物帮助入睡D 1.2.5 安全护理 增强病房的安全性和舒适性,对有空间~时 间定向力障碍的患者,要求有专人陪护,防止走失D 对有行动不 便的患者,增加相应的设施,如座便器~扶手等D 1.2.6 出院健康指导 老年痴呆尚无有效的治疗,以预防为 主,关键是早发现~早治疗,延缓大脑细胞更加广泛和不可逆转 的退变,以控制病情的进展,防止并发症的发生,延长生命,提高 生活质量D 护理人员对患者和家属进行相关知识培训,提高主 动性,调动积极性,共同完成护理计划D 鼓励患者家属出院后多 陪伴患者,如散步~聊天,或参加一些学习和力所能及的社会家 庭活动D 给予多方面的帮助,使其消除孤独寂寞感,感受家庭的 温馨和生活的快乐D 嘱家属保持联系,指导家属参与家庭护理, 定时电话或者上门指导患者家属护理的技巧和质疑事项""
",,,,,"Multicomponent (心理护理, 情感护理, 认知护理,  生活护理, 安全护理, 出院健康指导)",,,,Patient cognitive function,MMSE,Raw,18.36,20,3.19,19.58,20,4.2,,,6 month post-treatment
SU 2012,2012,Control,No intervention,No intervention,China,Hospital ,Alzheimer's Disease,Dementia,Not specified,No info. ,MMSE,Raw,18.56,20,3.67,19.33,20,4.15,,6,,,,,,some concerns,some concerns,low risk,high risk,some concerns,high risk,,,,,,,,,,,,,,"7 primary school ,10 middle school and 3 bachelor degree ",,,,,,,,,,,,,,,,,,55,,,,,,18.56,,,,,,,,,,,,,,Routine caring for 14 days (Control),,常规护理,,,,,Routine caring,,,,Patient cognitive function,MMSE,Raw,18.56,20,3.67,19.33,20,4.15,,,6 month post-treatment
SUN 2010,2010,control group,No intervention,No intervention,China,Nursing College of Guangdong Medical College Hospital,Alzheimer's Disease,Dementia,Mild to moderate,No,,,,,,,,,,,,,,,,some concerns,some concerns,low risk,some concerns,some concerns,some concerns,,,,,,,,,,,,,,"""平均受教育年限6.1年""",,,,,,,,,,,,,,,,,,52.63,,,,,,,,,,,,,,,,,The control group received routine discharge guidance. No intervention was administered after discharge.,,,,"""对照组进行常规出院指导，出院后不施加任何干预。""",,,,,,no treatment ,,,,Patient quality of life,SF36,Raw,450.1,19,151,405.1,19,146.4,,,12 months post-intervention
SUN 2010,2010,treatment group,Comprehensive care interventions,Individual-based interventions,China,Nursing College of Guangdong Medical College Hospital,Alzheimer's Disease,Dementia,Mild to moderate,No,,,,,,,,,,,,,,,,some concerns,some concerns,low risk,some concerns,some concerns,some concerns,,,,,,,,,,,,,,"""平均受教育年限6.3年""",,,,,,,,,,,,,,,,,,47.37,,,,,,,,,,,,,,,,,The experimental group received one-year nursing intervention on the basis of routine discharge guidance.,,,,"""试验组除常规出院指导外，护士每周电话访问1次；每2周安排1次免费门诊护理咨询；每4周进行1次家访；每3个月举办AD病人及家属座谈会1次。干预时间为1年。干预内容包括：①对病人家属进行AD疾病及护理知识的宣教，并根据
AD病人及家属常见的护理问题编写“老年性痴呆病人健康须知”。②家居安全护理指导。针对AD病人常见的误吸、误服、跌倒、失走、热伤等居家安全问题对病人和家属进行指导，以减轻居家安全问题的发生率。③心理护理及情感支持。运用支持性心理护理技术，如倾听、解释、保证、指导和建议、疏泄、鼓励、促进自助。具体内容主要是耐心倾听病人和家属提出的问题，了解病人的个性特点，有针对性地对病人及其家属进行心理护理，同时根据病人的心理特征，采用安慰、鼓励、暗示等方法予以开导I调动家庭照顾者的真诚，给予病人充分的关注和理解。使病人感受到家庭的温暖，减轻其心理压力；鼓励病人参加一些力所能及的家庭、社会活动，如种花、养鱼、画画等以分散病人的注意力和避免不良情绪产生，使其感受到生活的乐趣和自身的存在价值。④康复训练指导。日常生活能力训练，如做饭、进食、穿衣、洗刷，沐浴、购物等日常生活能力训练，先叙述后模拟，尽量帮助其维持一种固定的生活习惯；认知训练，通过回忆和生活回顾、调动兴趣爱好、支持小组的训练方式H3；记忆训练，对于有严重记忆障碍的老人，可运用环境影响其行为[5]，如保持恒定的常规环境，多次的重复性刺激，采用背诵、帮助分析，联系概念、联系自身、听说读写并用、编故事、记日记、看图片等方法训练记
忆}思维训练，通过排列数字、物品分类，数字计算等，训练病人
综合分析、判断、推理和计算能力；逻辑思维与表达能力训练，如对病人密切相关问题的提问，并进行简单的数字计算；体能训
练．根据病人的身体状况，选择合适的体能训练，如公园散步、做老人体操、跳舞等，活动量循序渐进，以无不适为度。⑤遵医行为指导，指导和督促病人按医嘱定时、定量以正确的方式服药，告知用药的注意事项，保证用药安全。""",,,,,,Non-pharmacol,,,,Patient quality of life,SF36,Raw,448.1,19,132.4,570.1,19,141.9,,,12 months post-intervention
TAN 2010,2010,control group,No intervention,No intervention,China,The Third Peoplel's Hospital of Foshan City,Alzheimer's Disease,Dementia,Mild to moderate,"Yes （Intervention was implemented among carer, but outcomes were measured among patients）",MMSE,Raw,15.32,60,1.98,14.07,60,1.63,12,,,,,,,some concerns,some concerns,low risk,some concerns,some concerns,some concerns,,,,,,,,,,,,,,,,,,,,,,,,,,,,,,,,,,,,,,15.32,,,,,,,,,,,no any intervention,,,,,,,,,,,,,,Patient cognitive function,MMSE,Raw,15.32,60,1.98,14.07,60,1.63,,, 12 months from start
TAN 2010,2010,Intervention group (Carer training),Training and education for carers,Training and education for unpaid carers,China,The Third Peoplel's Hospital of Foshan City,Alzheimer's Disease,Dementia,Mild to moderate,"Yes （Intervention was implemented among carer, but outcomes were measured among patients）",MMSE,Raw,15.1,60,2.56,16.12,60,2.84,12,,,,,,,some concerns,some concerns,low risk,some concerns,some concerns,some concerns,,,,,,,,,,,,,,"""文盲1l例，小学22例，初中18例，高中以上9例""",,,,,,,,,,,,,,,,,,53.33,,,,,,15.1,,,,,,,,,,,"The caregivers of observation groups were taught of AD disease nowledge，daily care，
safe care knowledge，training and rehabilitation training guidance to improve their nursing skills",,,,"1．2．1对观察组照顾者的干预
1．2．1．1 对照顾者进行AD相关护理知识和技巧的训练，内容
包括：①AD患者的分期和常见的表现，让照顾者了解AD患者
病情的发展。②日常生活护理。③AD患者安全护理，针对患者常
见的走失、跌倒、自我伤害、意外受伤等安全问题对照顾者进行相
关知识指导。④训练AD患者的康复技巧，根据AD患者的分期进
行认图、物品分类、计算力、理解力和记忆力等方面的训练。⑤照
顾者心理指导。尊重AD患者的人格、隐私，接纳痴呆老人的怪异
言行，鼓励照顾者寻求邻居、朋友、同事的帮助和心理支持，主动
利用社会支持，缓解照顾压力。
1．2．1．2 课题组护士电话随访1次／周，家访2次／月。我们给
照顾者留下咨询电话，随时帮助照顾者解决AD患者出现的问
题。每季度去社区举办健康教育讲座1次，并现场指导照顾者对
AD患者的康复训练，了解照顾者反馈的信息、有针对性调整讲
课内容，提高培训效果。
",,,,,,Non-pharmacol,,,,Patient cognitive function,MMSE,Raw,15.1,60,2.56,16.12,60,2.84,,, 12 months from start
Wang 2010b,2010,Control group,No intervention,No intervention,China,Community,Alzheimer's Disease,Dementia,Mild to moderate,No,Chinese Mini Mental State Examination (CMMSE),Raw,19.48,40,2.84,18.5,40,3.1,,12,,,,,,some concerns,high risk,low risk,high risk,some concerns,high risk,,,,,,,,,,,,,,,,,,,,,,,,,,,,,,,,,,,,,,19.48,,,,,,,,,,,Home care as usual for a year ,,,,Home care guidance,,,,,,Non-pharmacol,,,,Patient cognitive function,Chinese Mini Mental State Examination (CMMSE),Raw,19.48,40,2.84,18.5,40,3.1,,,12 months
Wang 2010b,2010,Intervention group,Comprehensive care interventions,Individual-based interventions,China,Community,Alzheimer's Disease,Dementia,Mild to moderate,No,Chinese Mini Mental State Examination (CMMSE),Raw,19.21,40,3.93,21.02,40,3.88,,12,,,,,,some concerns,high risk,low risk,high risk,some concerns,high risk,,,,,,,,,,,,,,,,,,,,,,,,,,,,,,,,,,,,,,19.21,,,,,,,,,,,Community comprehensive intervention for a year ,,,,"Phone contact weekly, Home visit monthly, for 1 year, covering the following 4 components: 1) Health Education, 2) Basic personal care, 3) Psycho-emotional support, 4) Rehabilitation training guide. ""干预组开展全面、 综合的社区护理。健康知识宣教 社区护理人员根据 AD 患者及家属健康知识需求， 定期开展知识讲座， 发放 AD 患者及照顾者健康教育和康复指导手册， 并详细讲解， 使其理解掌握， 能够简单复述宣教内容； 每周电话访问 1 次， 倾听患者及家属的问题， 建立良好的护患关系， 取得患者信任； 每个月家庭访视 1 次， 现场进行健康教育宣传及护理技术指导， 为期 1 年。基础生活护理 ① 基础护理： 实施 “无缝医疗保健”［3］，社区护理人员与家属共同讨论确定患者在家中适合的照料方式。 给予患者细心的呵护， 安排合理的作息时间， 保证良好的睡眠质量； 保持皮肤清洁， 衣物洁净， 注意保暖， 预防皮肤及肺部等各系统的感染； 按时服药， 促进疾病恢复； 根据身体状况， 做适当的户外运动， 锻炼身体， 增强体质。 ② 安全护理：家里地面不宜过于光滑， 必要时在盥洗室等处安扶手， 防止患者 跌 倒； 行动困难患者如厕、 洗浴要有人陪伴， 以 防 意 外 发生； 家中锐器物品、 药品妥善放置， 避免患者自伤或误服； 易走失的患者， 随身携带与家人联系的卡片， 避免单独外出， 防止 丢 失 迷 路。 ③ 饮 食 护 理： 一日三餐定时定量， 饥 饱 适 宜，膳 食 搭 配 合 理， 以清淡营养丰富为主， 多 食 豆 类、 奶 类、 瘦肉、 蔬菜、 海鲜、 粗纤维等食物， 保证优质蛋白质、 多不饱和脂肪酸及维生素等营养素的摄取。心理情感支持 全面评估患者， 根据其性格特征， 采取个性化护理， 充分体现 “以人为本”。 定期为患者做心理情感咨询， 了解患者的心理情绪状态， 减少患者因情绪异常引起行为问题的发生。 鼓励患者参加力所能及的家庭社会活动， 如看书、 读报、 听广播、 种花、 下棋、 打球、 参加社区老人联谊会等， 以 分 散 注 意 力， 排 遣 不 良 情 绪， 增 加 交 流， 提 高 沟 通 能力， 使其感受到生活的乐趣及自身价值， 促进心理健康。 指导照顾者掌握与老年痴呆患者交流的方法， 用理解、 宽容， 诚恳的态度对待病人， 耐心听取病人的诉说， 细心观察患者的情绪变化， 尽量满足其合理要求； 成立社区老年痴呆患者照顾者病友会， 提供照顾者之间分享照顾技巧的途径， 同时有助于减轻照顾者的照顾感受压力。康 复 训 练 指 导 ① 益 智 训 练： 减 缓 记 忆、 智 能 衰 退，指导家属要经常提醒患者日期、 时间、 地址、 家中电话号码等信息， 鼓励患者对往事的回忆， 要不厌其烦， 帮助其强化近期记忆和激发远期记忆。 让患者做一些简单的数字排列和运算，识图， 折纸等活动， 每日不少于 30 min。 组织患者参加适宜的集体活动， 增强其自信心， 促进计算， 判断， 思维， 理解等认知能力及语言能力的恢复。 ② 日常生活能力训练： 根据患者自理能力， 选择力所能及的生活内容进行训练。 自理能力较好的患者， 尽量让其自己完成做饭、 吃饭、 穿衣、 洗漱、 洗澡、打扫房间等日常生活， 四肢关节经常活动能够保持手脚灵活，促进血液循环； 自理能力较差的患者， 家属协助其完成复杂的生活活动， 并做好肢体功能康复训练。""",,,,,,"Multicomponent: i) non-pharmcol, ii) Interv for carers",,,,Patient cognitive function,Chinese Mini Mental State Examination (CMMSE),Raw,19.21,40,3.93,21.02,40,3.88,,,12 months
Wang 2012e,2012,Mutual support group,Support for carers,Group support and therapy,China,"""The caregivers were recruited from a list of people with dementia attending one of two dementia resources and respite care centers in Guangzhou, Guangdong Province of mainland China. The resource center provided daytime physical care, self-care and skills training for clients, respite care, social and recreational activi-ties, and care-giving resources to about 3,000 clients with dementia, and their family members. The cli-ents with dementia were received to this center from mainly three sources, including: a regional psychiat-ric center, two psychiatric outpatient departments, and Social Security and Welfare Department of The Government.""",Dementia (general/unspecified),Dementia,Any severity stage,Yes,,,,,,,,,,,,,,,,some concerns,high risk,high risk,high risk,some concerns,high risk,,,,,,,,,,,,,,,,,,,,,,,,,,,,,,,,51.3,35.9% (18-30yr);   41% (31-50yr);      23.1% (51-70yr),59.0,33.3,25.7,,,,,,,,,,,,,"Peer-led mutual support group sessions, 1.5 hours every two weeks over a 24-week period, in addition to usual care",,,,"""The peer-led mutual support group met bi-weekly, for a total of 12 1.5-hour sessions. All group sessions mainly consisted of information giving, sharing and discussion, psychological support, and problem solving; and a group protocol was spe-cifi cally designed for this study, based on evidence from other mutual support group intervention studies (Almberg et al., 1997; Fung & Chien 2002; Toseland et al., 1989). Seven major themes of fam-ily support groups formed the basis for group members’ interactions and purposive activities in each session, including: (1) information about cli-ent’s condition; (2) development of group as a sup-port system; (3) emotional impact of care-giving; (4) learning about self-care; (5) improvement of interpersonal relationships; (6) establishing sup-port outside the group; and (7) improvement of home care skills. The protocol of the mutual sup-port group is presented in Table 1.To foster the use of problem-solving strategy within the group, at least one group members shared personal care-giving problems with other members in each session and these problems were worked on using a six-step model suggested by Zarit, Orr, and Zarit (1985). These six steps consisted of defi ning the problem, generation of alternatives, examining and evaluating each alternative, cognitive rehearsal of action plan, execution of the plan as homework, and evaluation of agreed outcomes.An advanced practice psychiatric nurse, who had more than 5 years of experience in dementia care and community mental health services and had experienced group facilitation, was chosen as facilitator for the supportive group. This nurse attended a 2-day training workshop organized by the research team on facilitation of a mutual sup-port group before the study was started. During the 24-week group intervention, the audio-taped group sessions were reviewed by the facilitator, together with the research team, to monitor treat-ment integrity, adherence to the protocol and any questions from group members.One to two peer leaders, elected by the group members, agreed to coordinate and plan the group sessions with the facilitator’s consultation, as suggested by Chien et al. (2006) and Toseland et al. (1989). The elected leaders were experienced in family and dementia care and received three 4-hour training sessions on planning and leading a mutual support group, using the protocol.""",,,,,,Intervention for carers,,,,Caregiver quality of life,WHO-QoL-Bref,Raw,97.89,39,14.11,114.02,39,13.98,,,1 month after 24-week intervention
Wang 2012e,2012,Routine care group (control),No intervention,No intervention,China,"""The caregivers were recruited from a list of people with dementia attending one of two dementia resources and respite care centers in Guangzhou, Guangdong Province of mainland China. The resource center provided daytime physical care, self-care and skills training for clients, respite care, social and recreational activi-ties, and care-giving resources to about 3,000 clients with dementia, and their family members. The cli-ents with dementia were received to this center from mainly three sources, including: a regional psychiat-ric center, two psychiatric outpatient departments, and Social Security and Welfare Department of The Government.""",Dementia (general/unspecified),Dementia,Any severity stage,Yes,,,,,,,,,,,,,,,,some concerns,high risk,high risk,high risk,some concerns,high risk,,,,,,,,,,,,,,,,,,,,,,,,,,,,,,,,53.8,33.3% (18-30yr);    43.6% (31-50yr);    23.1% (51.70yr),64.1,25.6,25.7,,,,,,,,,,,,,"Conventional family services provided by dementia centers, including medical consultation, financial and social services advice, educational talks on dementia care, and referals and advice on medical and social services",,,,"""The control group received the conventional family services provided by the dementia centers. Similar to the other big cities in Guangdong and other Provinces of mainland China, the services included: (1) medical consultation of client and advice to family on client’s illness condition,  treatment plan and effects of med-ications provided on monthly basis by two visiting doctors; (2) advice and referrals of fi nancial aids and social welfare services provided by a social worker; (3) educational talk or seminars in dementia care conducted by registered general nurses; and (4) refer-rals and advices on medical and social services by the center staff. In other developing cities and sub-urban or remote areas, there is not any dementia care cen-ter and the only health care service that those fami-lies can obtain is the medical consultation by visiting doctors and their referrals to hospital care whenever necessary.Participants in the control group were informed about community supporting ser-vices for dementia care and referral to appropri-ate agencies for respite could be obtained from staff in the dementia center. After post-test, the research assistant asked them whether they would like to participate in a mutual support group spe-cifi cally organized for them.""",,,,,,N/A,,,,Caregiver quality of life,WHO-QoL-Bref,Raw,103.71,39,9.28,88.19,39,7.56,,,1 month after 24-week intervention
Wang 2014a,2014,control group,No intervention,No intervention,China,retried cadre's sanitarium,Alzheimer's Disease,Dementia,Not specified,Yes,MMSE,Raw,14.12,61,3.12,11.99,61,6.39,,12,,,,,,some concerns,high risk,low risk,high risk,some concerns,high risk,,,,,,,,,,,,,,,,,,,,,,,,,,,,,,,,,,,,,,14.12,,,,,,,,,,,Memantine + Aricept + Usual community healthcare service and personal care for 1 year,,,,"""对照组只给予一般
的社区卫生服务和生活护理，未进行居家护理干预""",,,,,,"Multicoponent: Pharmaceutical, Non-pharmacol",,,,Patient cognitive function,MMSE,Raw,14.12,61,3.12,11.99,61,6.39,,,12 months
Wang 2014a,2014,treatment group,Comprehensive care interventions,Individual-based interventions,China,retried cadre's sanitarium,Alzheimer's Disease,Dementia,Not specified,Yes,MMSE,Raw,14.19,62,3.12,15.98,62,5.49,,12,,,,,,some concerns,high risk,low risk,high risk,some concerns,high risk,,,,,,,,,,,,,,,,,,,,,,,,,,,,,,,,,,,,,,14.19,,,,,,,,,,,"Memantine + Aricept + Standardised home care intervention, incl. carer training on personl care, psychosocial support, safety, rehabilitation, and regular home visit; for 1 year",,,,"""所有患者均由神经内科专科医生处方给药，主要为安理申和美金刚，均坚持服药治疗。试验组采用规范的居家护理干预模式进行为期 员 年的规范干预。""",,,,,,"Multicoponent: Pharmaceutical, Non-pharmacol, Interv. for carers",,,,Patient cognitive function,MMSE,Raw,14.19,62,3.12,15.98,62,5.49,,,12 months
Wang 2017c,2017,Dementia-specific training,Training and education for carers,Training and education for professional carers,China,"Primary care setting in Chongqing, China. Study was conducted in four community health services centers (CHSC). ""The CHSC functions as primary in-stitutions offering basic medical and public health services in China(Pan, Dib, Wang, & Zhang, 2006). Four CHSCs were randomly selected from a pool of 23 that provide services to 29 communities with a total population of 216,000.""",Dementia (general/unspecified),Dementia,Not specified,Yes (paid carers: registered nurses),,,,,,,,,,,,,,,,some concerns,some concerns,high risk,high risk,some concerns,high risk,,,,,,,,,,,,,,,,,,,,,,,,,,,,,,,,,28.8,93.4,26.2,73.8,,,,,,,,,,,,,WeChat-based dementia-specific training programme for 3 months,,,,"""Participants in the IG received dementia-specific training. Nurses initially received 2-weekly lectures lasting three-hours each with a face-to-face discussion, which was delivered by a geriatric nurse specialist with training slides and handouts given to participants for reference.Thereafter, they were enrolled a WeChat group online interaction,which continued for three months and comprised videos, case studies,readings, and so on. Nurses discussed the materials and the geriatric specialist facilitated the discussions. [...] 2.1. The dementia-specific training program for primary care settings. The authors of this study designed the training program for primary care nurses. We applied a 3-factor education intervention model(Green, Kreuter, & Deeds, 1980). This model emphasises (1) the use of lectures and written materials to disseminate learning content to learners; (2) developing resources to support learners to implement new skills and (3) reinforcing new skills by providing timely feedback and peer support (Aylward, Stolee, Keat, & Johncox, 2003). The learning content we developed was based on the analysis of learning needs of participants in the program through our discussions with nurse managers. We also analysed and incorporated the latest development of dementia care knowledge, skills, competencies and guidelines reported in the literature (Alzheimer's Disease International, 2011; Alzheimer's Disease International, 2012; Alzheimer's Disease International, 2014; Annear et al., 2015). The program included both lectures and WeChat learning interactions with educators and peers and self-directed learning activities. The lectures consisted of two modules focused on overall dementia understanding, early detection, and quality care strategies (Table 1). Module 1 included topics of‘understanding dementia’, etiologies, types of dementia, clinical manifestation, risk factors and early detection. Module 2 included person-centred dementia care, cognitive function assessment and management of dementia associated symptoms and behaviours and support caregivers. The We-Chat-based interaction provides an in-depth knowledge covered at lectures, which is enforced by online peer discussion. 2.2. The process to implement the program. The program team included a geriatric nursing specialist and three academic members who specialized in dementia care and psychology from a university in China. A 2-day workshop was conducted to review and discuss the preliminary topics based on the discussions with com-munities' nurse managers. The program included on-site lectures and WeChat online interactions. Nurse managers in CHSCs were invited to develop a timetable for the program to maximize nurses' attendance rates. Participants then received 2-weekly lectures provided by the three academic members in the team and each lecture lasted 3 h. The lecture slides were available online for participants to access when needed. The interactive learning via WeChat lasted 3 months and was facilitated by the geriatric nursing specialist. Learning activities via the Wechat included group discussions on how to apply knowledge to own practice, sharing experiences in dementia care and in overcoming barriers and difficulties in practice. The research team members pro-vided ongoing support for the geriatric nursing specialist to deliver the WeChat-based learning activities though WeChat videos and telephone during the program implementation phase.""",,,,,,Intervention for carers,,,,Caregiver AD knowledge ,Chinese Alzheimer's Disease Knowledge Scale,Raw,19.43,61,2.48,23.61,61,3.37,,,3 months
Wang 2017c,2017,Usual geriatric nursing training (control),No intervention,No intervention,China,"Primary care setting in Chongqing, China. Study was conducted in four community health services centers (CHSC). ""The CHSC functions as primary in-stitutions offering basic medical and public health services in China(Pan, Dib, Wang, & Zhang, 2006). Four CHSCs were randomly selected from a pool of 23 that provide services to 29 communities with a total population of 216,000.""",Dementia (general/unspecified),Dementia,Not specified,Yes (paid carers: registered nurses),,,,,,,,,,,,,,,,some concerns,some concerns,high risk,high risk,some concerns,high risk,,,,,,,,,,,,,,,,,,,,,,,,,,,,,,,,,31.9,94.4,33.3,66.7,,,,,,,,,,,,,Usual geriatric training for the care of older people with disability,,,,"""Nurses in the CG received training for the care of older people with disability. They received 2-weekly lectures lasting three-hours each with a face-to-face discussion. A geriatric nurse specialist delivered the lectures and handouts and slides were given to participants. The CG also received the dementia-specific training following the completion of research participation.""",,,,,,Intervention for carers,,,,Caregiver AD knowledge ,Chinese Alzheimer's Disease Knowledge Scale,Raw,19.04,54,2.66,19.54,54,2.67,,,3 months
Wang 2017e,2017,Control,No intervention,No intervention,China,14 community health centres in a province in China,Dementia (general/unspecified),Dementia,Not specified,Yes,,,,,,,,,,,,,,,,some concerns,high risk,high risk,high risk,some concerns,high risk,,,,,,,,,,,,,,"College: 69.4%, Bachelor 30.6%",,,,,,,,,,,,,,,,,,83.5,,,,,,,,,,,,,,,,,No intervention,,,,No intervention,,,,,,No intervention,,,,,Advanced Dementia Care Questionnaire (ADCQ),,,,,,,,,,
Wang 2017e,2017,The Dementia Education and Knowledge Translation Programme,Training and education for carers,Training and education for professional carers,China,14 community health centres in a province in China,Dementia (general/unspecified),Dementia,Not specified,Yes,,,,,,,,,,,,,,,,some concerns,high risk,high risk,high risk,some concerns,high risk,,,,,,,,,,,,,,"College: 67.1%, Bachelor 32.9%",,,,,,,,,,,,,,,,,,82.4,,,,,,,,,,,,,,,,,"nurse-led dementia education and knowledge translation programme
for health professionals in primary care. Training the trainer workshop over 3 days targeted at GPs and nurses in community health centres",,,,"Each community health service centre appointed a RN and a GP as
trainers in the programme. The project team delivered 10 modules to
these trainers in a 3-day face-to-face education workshop. Teaching
and learning resources for the trainers included a workbook and four
DVDs. The project team provided ongoing support for the trainers
through email, telephone and site visits during the programme implementation phase. Trainers in the intervention group delivered the education programme to their peers in their centres using weekly in-service education hours. Participants were also required to undertake self-study to
complete the required readings. The trainers provided learning support
to reinforce knowledge and skills using newsletters and messages on
the notice board. The trainers in the control group agreed to deliver the education programme after the data collection",,,,,,Intervention for carers,,,,,Advanced Dementia Care Questionnaire (ADCQ),,,,,,,,,,
Yang 2017a,2017,对照组,No intervention,No intervention,China,Community ,Dementia (general/unspecified),Dementia,Moderate to severe,No Info. ,MMSE,Raw,9.85,70,1.89,13.27,70,3.02,,12,,,,,,some concerns,high risk,high risk,high risk,some concerns,high risk,,,,,,,,,,,,,,10.99,,,,,,,,,,,,,,,,,,54.3,,,,,,9.85,,,,,,,,,,,Regular medicine and Psychological Health Promotion for 12 months,,,,"""只给予药物治疗 和一般的心理健康知识宣传（即指通过各类媒体、各种方 式开展的心理健康知识宣传，如心理健康知识的宣传板 报、宣传册、进社区的心理卫生知识讲座、心理健康义 诊等） """,,,,,,Medicine + Psychological Health Promotion,,,,,,,,,,,,,,,
Yang 2017a,2017,干预组,Comprehensive care interventions,Community-based interventions,China,Community ,Dementia (general/unspecified),Dementia,Moderate to severe,No Info. ,MMSE,Raw,9.8800000000000008,71,2.33,14.97,71,3.03,,12,,,,,,some concerns,high risk,high risk,high risk,some concerns,high risk,,,,,,,,,,,,,,Mean: 11.06 year; SD: 6.30 years,,,,,,,,,,,,,,,,,,56.3,,,,,,9.88,,,,,,,,,,,"Medicine, Psychosocial and non-pharmacy in-home intervention for 12 months ",,,,"""1.2.1 家庭医疗工作模式 精神科医师上门服务同时整 合多学科团队成员（疾控精神卫生分中心工作人员、心理 治疗师、康复治疗师、老年护理师等） ，对照料者、社区 家庭医生、社会工作者等进行痴呆卫生宣教，利用社区的 家庭医生制工作模式，争取各居委会和社区卫生服务中心 的支持，同时对患者和照料者实施心理社会干预。 1.2.2 心理社会干预内容 ①对痴呆照料者培训，内容包 括什么是痴呆及 BPSD，其疾病进程的一般规律，有效的 治疗方法和时机，护理要点、护理技巧和注意事项，患者 生活环境的布置，同患者交流的技巧等，以提高患者的服 药依从性，减少并发症，并接受照料者的倾诉，指导其放 松，加强心理支持和辅导。对患者灵活采用行为干预，如 日常生活能力训练、音乐疗法、怀旧和人生回顾、记忆训 练等 [2-3]，并调整其居住环境的布置。②在患者急性期每周 家访，调整药物，听取照料者及家属的意见，提出合理建 议。③待病情稳定后，采取每周电话随访、每月上门随访 方式，针对存在严重疾病或行动不便者给予更高程度的关 注，适当增加探访频率以降低其风险概率。 1.2.3 干预形式 ①对社区相关人员进行培训，发放相关 宣传材料500 份。②建立老年痴呆家庭的自助互助小组， 互相分享讨论心得体会，举办家庭成员活动。③开展每半 年 1 次的相关人员座谈协调会，讨论干预过程中遇到的问 题及解决方案。""
",,,,,,Medicine +Psychosocial intervention,,,,,,,,,,,,,,,
ZHAO 2010,2010,Comprehensive nursing intervention （treatment）,Comprehensive care interventions,Individual-based interventions,China,Hospital ,Alzheimer's Disease,Dementia,Not specified,No info. ,,,,,,,,,,,,,,,,some concerns,some concerns,low risk,some concerns,some concerns,some concerns,,,,,,,,,,,,,,,,,,,,,,,,,,,,,,,,,,,,,,,,,,,,,,,,,Comprehensive nursing intervention (home visit and health education)for a year.,,,,"家庭护理是以家庭为单位的整体护理模 式，通过对患者家属实施健康教育，对患者生理、家庭和社会 状况提出潜在的护理问题，进行护理干预. 观察组除进行常规出院指导外，护士每周电话随 访1次，每月家访2次，每季去社区举办健康教育讲座1次，并现场指导。2干预内容1)疾病知识：向患者家属详细讲解AD的 病因、症状、治疗及护理，将自制的AD患者健康教育手册和 AD患者护理技巧手册发放给患者及照顾者，并耐心仔细地 逐一讲解，直到患者和照顾人满意为止。2)心理护理：耐一U倾
听AD患者及照顾者存在问题，全面评估患者状况，给予鼓 励，恰当地运用沟通技巧，做好心理疏导工作，动员老年人多 与外界接触，与人交流，多参与社会活动，保持良好的社会互 动。同时尊重老年人的意愿，让其独立去做自己力所能及的 事情，以唤起患者对生活的信心，感受到自身存在的价值。另 外鼓励子女多与老人沟通，加强邻居、亲戚、朋友间的相互走 动，排解心中的孤独、寂寞，保持良好的心理健康水平H]。3)家居安全护理：AD患者自我保护能力差以及在情绪激惹、抑 郁或意识模糊状态下可发生各种意外，如自伤、伤人、烫伤、跌 倒，误吸(服)、走失等。因此，一定要严加看护、防范，所居住 的家庭环境，要舒适、安静、整洁、安全，室内严禁放置危险物 品，如剪刀、火柴等。在患者的衣服口袋内放一张联系卡片， 上面写明患者的姓名、住址、联系电话等，以便患者迷路时方 便社会或他人及时关照。4)康复训练：①El常生活能力训练： 鼓励患者做一些力所能及的家务，如扫地、擦桌子。看护者尽 量让患者自己多做事。如洗澡，可帮助患者调好水温，然后提 醒患者做下一步动作，如脱衣裤等，若实在无法自己完成才去 帮助他，以锻炼和维持自理能力，减少对他人的依赖。②记忆 训练：包括回忆往事，实物定位、再激发，选一物品，如图片、旧 照片、花、食品、衣物等让患者认。感觉，鼓励他们谈论与手中 物品有关的经历。让他们回忆以前工作经历、癖好或消遣，通 过唱歌，阅读旧杂志、报纸等激发记忆。③体育锻炼：要指导 和鼓励老年人根据个体状况选择强度适当的体育运动，不但 可以增强体力，而且还能够提高大脑皮质活动的强度、均衡性 和灵活性，提高分析和综合能力，从而改善其认知功能。如有 氧健身运动(慢跑、散步、太极拳等)和有氧健脑运动(深呼吸运动、冥想、手指操等)。

",,,,,,Multicomponent,,,,,,,,,,,,,,,
ZHAO 2010,2010,Nursing visit （control）,No intervention,No intervention,China,Hospital ,Alzheimer's Disease,Dementia,Not specified,No info. ,,,,,,,,,,,,,,,,some concerns,some concerns,low risk,some concerns,some concerns,some concerns,,,,,,,,,,,,,,,,,,,,,,,,,,,,,,,,,,,,,,,,,,,,,,,,,Routine Nursing Assistant for a year.,,,,常规出院指导，并解答患者和家属的疑问，出院后不进行任何 护理干预,,,,,,Routine Nursing Assistant,,,,,,,,,,,,,,,
Wang 2010b,2010,Control group,No intervention,No intervention,China,Community,Alzheimer's Disease,Dementia,Mild to moderate,No,Chinese Mini Mental State Examination (CMMSE),Raw,19.48,40,2.84,18.5,40,3.1,,12,,,,,,some concerns,high risk,low risk,high risk,some concerns,high risk,,,,,,,,,,,,,,,,,,,,,,,,,,,,,,,,,,,,,,19.48,,,,,,,,,,,Home care as usual for a year ,,,,Home care guidance,,,,,,Non-pharmacol,,,,Patient activities of daily life,IADL,Raw,19.48,40,2.84,18.5,40,3.1,,,12 months
Wang 2010b,2010,Intervention group,Comprehensive care interventions,Individual-based interventions,China,Community,Alzheimer's Disease,Dementia,Mild to moderate,No,Chinese Mini Mental State Examination (CMMSE),Raw,19.21,40,3.93,21.02,40,3.88,,12,,,,,,some concerns,high risk,low risk,high risk,some concerns,high risk,,,,,,,,,,,,,,,,,,,,,,,,,,,,,,,,,,,,,,19.21,,,,,,,,,,,Community comprehensive intervention for a year ,,,,"Phone contact weekly, Home visit monthly, for 1 year, covering the following 4 components: 1) Health Education, 2) Basic personal care, 3) Psycho-emotional support, 4) Rehabilitation training guide. ""干预组开展全面、 综合的社区护理。健康知识宣教 社区护理人员根据 AD 患者及家属健康知识需求， 定期开展知识讲座， 发放 AD 患者及照顾者健康教育和康复指导手册， 并详细讲解， 使其理解掌握， 能够简单复述宣教内容； 每周电话访问 1 次， 倾听患者及家属的问题， 建立良好的护患关系， 取得患者信任； 每个月家庭访视 1 次， 现场进行健康教育宣传及护理技术指导， 为期 1 年。基础生活护理 ① 基础护理： 实施 “无缝医疗保健”［3］，社区护理人员与家属共同讨论确定患者在家中适合的照料方式。 给予患者细心的呵护， 安排合理的作息时间， 保证良好的睡眠质量； 保持皮肤清洁， 衣物洁净， 注意保暖， 预防皮肤及肺部等各系统的感染； 按时服药， 促进疾病恢复； 根据身体状况， 做适当的户外运动， 锻炼身体， 增强体质。 ② 安全护理：家里地面不宜过于光滑， 必要时在盥洗室等处安扶手， 防止患者 跌 倒； 行动困难患者如厕、 洗浴要有人陪伴， 以 防 意 外 发生； 家中锐器物品、 药品妥善放置， 避免患者自伤或误服； 易走失的患者， 随身携带与家人联系的卡片， 避免单独外出， 防止 丢 失 迷 路。 ③ 饮 食 护 理： 一日三餐定时定量， 饥 饱 适 宜，膳 食 搭 配 合 理， 以清淡营养丰富为主， 多 食 豆 类、 奶 类、 瘦肉、 蔬菜、 海鲜、 粗纤维等食物， 保证优质蛋白质、 多不饱和脂肪酸及维生素等营养素的摄取。心理情感支持 全面评估患者， 根据其性格特征， 采取个性化护理， 充分体现 “以人为本”。 定期为患者做心理情感咨询， 了解患者的心理情绪状态， 减少患者因情绪异常引起行为问题的发生。 鼓励患者参加力所能及的家庭社会活动， 如看书、 读报、 听广播、 种花、 下棋、 打球、 参加社区老人联谊会等， 以 分 散 注 意 力， 排 遣 不 良 情 绪， 增 加 交 流， 提 高 沟 通 能力， 使其感受到生活的乐趣及自身价值， 促进心理健康。 指导照顾者掌握与老年痴呆患者交流的方法， 用理解、 宽容， 诚恳的态度对待病人， 耐心听取病人的诉说， 细心观察患者的情绪变化， 尽量满足其合理要求； 成立社区老年痴呆患者照顾者病友会， 提供照顾者之间分享照顾技巧的途径， 同时有助于减轻照顾者的照顾感受压力。康 复 训 练 指 导 ① 益 智 训 练： 减 缓 记 忆、 智 能 衰 退，指导家属要经常提醒患者日期、 时间、 地址、 家中电话号码等信息， 鼓励患者对往事的回忆， 要不厌其烦， 帮助其强化近期记忆和激发远期记忆。 让患者做一些简单的数字排列和运算，识图， 折纸等活动， 每日不少于 30 min。 组织患者参加适宜的集体活动， 增强其自信心， 促进计算， 判断， 思维， 理解等认知能力及语言能力的恢复。 ② 日常生活能力训练： 根据患者自理能力， 选择力所能及的生活内容进行训练。 自理能力较好的患者， 尽量让其自己完成做饭、 吃饭、 穿衣、 洗漱、 洗澡、打扫房间等日常生活， 四肢关节经常活动能够保持手脚灵活，促进血液循环； 自理能力较差的患者， 家属协助其完成复杂的生活活动， 并做好肢体功能康复训练。""",,,,,,"Multicomponent: i) non-pharmcol, ii) Interv for carers",,,,Patient activities of daily life,IADL,Raw,19.21,40,3.93,21.02,40,3.88,,,12 months
Wang 2014a,2014,control group,No intervention,No intervention,China,retried cadre's sanitarium,Alzheimer's Disease,Dementia,Not specified,Yes,MMSE,Raw,14.12,61,3.12,11.99,61,6.39,,12,,,,,,some concerns,high risk,low risk,high risk,some concerns,high risk,,,,,,,,,,,,,,,,,,,,,,,,,,,,,,,,,,,,,,14.12,,,,,,,,,,,Memantine + Aricept + Usual community healthcare service and personal care for 1 year,,,,"""对照组只给予一般
的社区卫生服务和生活护理，未进行居家护理干预""",,,,,,"Multicoponent: Pharmaceutical, Non-pharmacol",,,,Patient activities of daily life ,MMSE,Raw,14.12,61,3.12,13.23,61,4.49,,,6 months
Wang 2014a,2014,treatment group,Comprehensive care interventions,Individual-based interventions,China,retried cadre's sanitarium,Alzheimer's Disease,Dementia,Not specified,Yes,MMSE,Raw,14.19,62,3.12,15.98,62,5.49,,12,,,,,,some concerns,high risk,low risk,high risk,some concerns,high risk,,,,,,,,,,,,,,,,,,,,,,,,,,,,,,,,,,,,,,14.19,,,,,,,,,,,"Memantine + Aricept + Standardised home care intervention, incl. carer training on personl care, psychosocial support, safety, rehabilitation, and regular home visit; for 1 year",,,,"""所有患者均由神经内科专科医生处方给药，主要为安理申和美金刚，均坚持服药治疗。试验组采用规范的居家护理干预模式进行为期 员 年的规范干预。""",,,,,,"Multicoponent: Pharmaceutical, Non-pharmacol, Interv. for carers",,,,Patient activities of daily life ,MMSE,Raw,14.19,62,3.12,14.29,62,4.41,,,6 months
Wang 2014a,2014,control group,No intervention,No intervention,China,retried cadre's sanitarium,Alzheimer's Disease,Dementia,Not specified,Yes,MMSE,Raw,14.12,61,3.12,11.99,61,6.39,,12,,,,,,some concerns,high risk,low risk,high risk,some concerns,high risk,,,,,,,,,,,,,,,,,,,,,,,,,,,,,,,,,,,,,,14.12,,,,,,,,,,,Memantine + Aricept + Usual community healthcare service and personal care for 1 year,,,,"""对照组只给予一般
的社区卫生服务和生活护理，未进行居家护理干预""",,,,,,"Multicoponent: Pharmaceutical, Non-pharmacol",,,,Patient cognitive function,IADL,Raw,34.21,61,5.74,44.53,61,7.56,,,12 months
Wang 2014a,2014,treatment group,Comprehensive care interventions,Individual-based interventions,China,retried cadre's sanitarium,Alzheimer's Disease,Dementia,Not specified,Yes,MMSE,Raw,14.19,62,3.12,15.98,62,5.49,,12,,,,,,some concerns,high risk,low risk,high risk,some concerns,high risk,,,,,,,,,,,,,,,,,,,,,,,,,,,,,,,,,,,,,,14.19,,,,,,,,,,,"Memantine + Aricept + Standardised home care intervention, incl. carer training on personl care, psychosocial support, safety, rehabilitation, and regular home visit; for 1 year",,,,"""所有患者均由神经内科专科医生处方给药，主要为安理申和美金刚，均坚持服药治疗。试验组采用规范的居家护理干预模式进行为期 员 年的规范干预。""",,,,,,"Multicoponent: Pharmaceutical, Non-pharmacol, Interv. for carers",,,,Patient cognitive function,IADL,Raw,34.14,62,5.35,32.99,62,6.35,,,12 months
Wang 2014a,2014,control group,No intervention,No intervention,China,retried cadre's sanitarium,Alzheimer's Disease,Dementia,Not specified,Yes,MMSE,Raw,14.12,61,3.12,11.99,61,6.39,,12,,,,,,some concerns,high risk,low risk,high risk,some concerns,high risk,,,,,,,,,,,,,,,,,,,,,,,,,,,,,,,,,,,,,,14.12,,,,,,,,,,,Memantine + Aricept + Usual community healthcare service and personal care for 1 year,,,,"""对照组只给予一般
的社区卫生服务和生活护理，未进行居家护理干预""",,,,,,"Multicoponent: Pharmaceutical, Non-pharmacol",,,,Patient activities of daily life ,IADL,Raw,34.21,61,5.74,38.95,61,6.57,,,6 months
Wang 2014a,2014,treatment group,Comprehensive care interventions,Individual-based interventions,China,retried cadre's sanitarium,Alzheimer's Disease,Dementia,Not specified,Yes,MMSE,Raw,14.19,62,3.12,15.98,62,5.49,,12,,,,,,some concerns,high risk,low risk,high risk,some concerns,high risk,,,,,,,,,,,,,,,,,,,,,,,,,,,,,,,,,,,,,,14.19,,,,,,,,,,,"Memantine + Aricept + Standardised home care intervention, incl. carer training on personl care, psychosocial support, safety, rehabilitation, and regular home visit; for 1 year",,,,"""所有患者均由神经内科专科医生处方给药，主要为安理申和美金刚，均坚持服药治疗。试验组采用规范的居家护理干预模式进行为期 员 年的规范干预。""",,,,,,"Multicoponent: Pharmaceutical, Non-pharmacol, Interv. for carers",,,,Patient activities of daily life ,IADL,Raw,34.14,62,5.35,33.16,62,5.29,,,6 months
Wang 2017c,2017,Dementia-specific training,Training and education for carers,Training and education for professional carers,China,"Primary care setting in Chongqing, China. Study was conducted in four community health services centers (CHSC). ""The CHSC functions as primary in-stitutions offering basic medical and public health services in China(Pan, Dib, Wang, & Zhang, 2006). Four CHSCs were randomly selected from a pool of 23 that provide services to 29 communities with a total population of 216,000.""",Dementia (general/unspecified),Dementia,Not specified,Yes (paid carers: registered nurses),,,,,,,,,,,,,,,,some concerns,some concerns,high risk,high risk,some concerns,high risk,,,,,,,,,,,,,,,,,,,,,,,,,,,,,,,,,28.8,93.4,26.2,73.8,,,,,,,,,,,,,WeChat-based dementia-specific training programme for 3 months,,,,"""Participants in the IG received dementia-specific training. Nurses initially received 2-weekly lectures lasting three-hours each with a face-to-face discussion, which was delivered by a geriatric nurse specialist with training slides and handouts given to participants for reference.Thereafter, they were enrolled a WeChat group online interaction,which continued for three months and comprised videos, case studies,readings, and so on. Nurses discussed the materials and the geriatric specialist facilitated the discussions. [...] 2.1. The dementia-specific training program for primary care settings. The authors of this study designed the training program for primary care nurses. We applied a 3-factor education intervention model(Green, Kreuter, & Deeds, 1980). This model emphasises (1) the use of lectures and written materials to disseminate learning content to learners; (2) developing resources to support learners to implement new skills and (3) reinforcing new skills by providing timely feedback and peer support (Aylward, Stolee, Keat, & Johncox, 2003). The learning content we developed was based on the analysis of learning needs of participants in the program through our discussions with nurse managers. We also analysed and incorporated the latest development of dementia care knowledge, skills, competencies and guidelines reported in the literature (Alzheimer's Disease International, 2011; Alzheimer's Disease International, 2012; Alzheimer's Disease International, 2014; Annear et al., 2015). The program included both lectures and WeChat learning interactions with educators and peers and self-directed learning activities. The lectures consisted of two modules focused on overall dementia understanding, early detection, and quality care strategies (Table 1). Module 1 included topics of‘understanding dementia’, etiologies, types of dementia, clinical manifestation, risk factors and early detection. Module 2 included person-centred dementia care, cognitive function assessment and management of dementia associated symptoms and behaviours and support caregivers. The We-Chat-based interaction provides an in-depth knowledge covered at lectures, which is enforced by online peer discussion. 2.2. The process to implement the program. The program team included a geriatric nursing specialist and three academic members who specialized in dementia care and psychology from a university in China. A 2-day workshop was conducted to review and discuss the preliminary topics based on the discussions with com-munities' nurse managers. The program included on-site lectures and WeChat online interactions. Nurse managers in CHSCs were invited to develop a timetable for the program to maximize nurses' attendance rates. Participants then received 2-weekly lectures provided by the three academic members in the team and each lecture lasted 3 h. The lecture slides were available online for participants to access when needed. The interactive learning via WeChat lasted 3 months and was facilitated by the geriatric nursing specialist. Learning activities via the Wechat included group discussions on how to apply knowledge to own practice, sharing experiences in dementia care and in overcoming barriers and difficulties in practice. The research team members pro-vided ongoing support for the geriatric nursing specialist to deliver the WeChat-based learning activities though WeChat videos and telephone during the program implementation phase.""",,,,,,Intervention for carers,,,,Caregiver dementia attitude  ,Chinese Dementia Attitudes Scale,Raw,89.08,61,13.7,103.77,61,16.53,,,3 months
Wang 2017c,2017,Usual geriatric nursing training (control),No intervention,No intervention,China,"Primary care setting in Chongqing, China. Study was conducted in four community health services centers (CHSC). ""The CHSC functions as primary in-stitutions offering basic medical and public health services in China(Pan, Dib, Wang, & Zhang, 2006). Four CHSCs were randomly selected from a pool of 23 that provide services to 29 communities with a total population of 216,000.""",Dementia (general/unspecified),Dementia,Not specified,Yes (paid carers: registered nurses),,,,,,,,,,,,,,,,some concerns,some concerns,high risk,high risk,some concerns,high risk,,,,,,,,,,,,,,,,,,,,,,,,,,,,,,,,,31.9,94.4,33.3,66.7,,,,,,,,,,,,,Usual geriatric training for the care of older people with disability,,,,"""Nurses in the CG received training for the care of older people with disability. They received 2-weekly lectures lasting three-hours each with a face-to-face discussion. A geriatric nurse specialist delivered the lectures and handouts and slides were given to participants. The CG also received the dementia-specific training following the completion of research participation.""",,,,,,Intervention for carers,,,,Caregiver dementia attitude  ,Chinese Dementia Attitudes Scale,Raw,87.35,54,11.03,86.93,54,12.07,,,3 months