key,title,year,month,day,journal,issn,volume,issue,pages,authors,url,language,publisher,location,abstract,notes,doi,keywords,pubmed_id,pmc_id
rayyan-883472344,Vitamin B12 and omega-3 fatty acid interventions for cognition in elderly- a V.O.I.C.E. trial,2020,,,Dissertation Abstracts International Section A: Humanities and Social Sciences,0419-4209 978-1392524794,81,8,No-Specified,"Agarwal, Aditika",http://ovidsp.ovid.com/ovidweb.cgi?T=JS&PAGE=reference&D=psyc17&NEWS=N&AN=2020-17189-078,English,,,"Neurodegenerative disorders have rung the alarming bell with their burgeoning prevalence and global burden. Mild Cognitive Impairment (MCI) is turning out as a global epidemic of severe concern for developing and low-income economies like ours. India ranked third in the world for having a huge number of people with dementia. MCI is the transitional phase between normal aging process and Alzheimer's disease. Being insidious in nature, its early detection through neuropsychological testing procedure is of utmost importance and if undiagnosed it may lead to irreversible diseases such as Alzheimer's. Hence, to tackle the menace being imposed by MCI, the scientific groups have devised novel therapeutic approaches to counteract the ever increasing epidemic of MCI and complications associated with. In the current scenario, role of vitamin B12 in improving cognition levels in the geriatric population is gaining wide impetus. Scientific reports have proposed that vitamin B12 supplementation has shown protective effect in treatment of neurological disorders. With these findings providing strong basis, the vitamin B12 might enhance cognitive functions and maintain the overall brain health. Secondly, flaxseeds amongst the prime functional food are the need-of-the-hour. Flaxseeds are a potent source of omega-3 fatty acids, most significantly alpha-linolenic acid (ALA). It has shown to provide risk modulation against neurological disorders notably Alzheimer's disease, dementia, etc, cardiovascular benefits, beneficial changes in blood lipid profile, protection against some types of cancer and many more. These valuable properties of vitamin B12 and flaxseeds pave a way forward to further study the content analysis, acceptability of flaxseeds and the efficacy of both on cognitive impairment. Hence, the present study was taken with the three major objectives: 1) Baseline assessment of diet, nutrition and health status of cognitively impaired elderly with MCI. 2) Food product development using omega-3 fatty acid rich flaxseeds and sensory trials. 3) Intervention and impact evaluation of the MCI elderly group with Omega -3 fatty acids and Vitamin B12 supplementation. The gas chromatography technique was applied for proximate and fatty acid estimation of raw versus roasted flaxseeds. Then the method of substitution was employed for roasted flaxseeds incorporation in widely popular Indian food items. The products included were khichdi, porridge, laddoo and mukhwaas and evaluated for organoleptic assessment using the 9-point Hedonic scale and the Composite scoring test. In the final phase III of the study trial, 120 willingly consenting elderly were conveniently enrolled under two subgroups namely, Group 1 with methylcobalamin injectable doses for the B12 intervention (n=60) and the Group 2 with methylcobalamin (B12) injectable doses B12 plus roasted flaxseeds (omega-3 fatty acid) (n=60) respectively for 6 months period on a dose dependent basis as per prescribed regime of Association of Physicians of India in the sequence of 1000 microg injectable doses everyday for one week, followed by 1000 microg every week for 4 weeks and then 1000 microg monthly dose for a period of four months. Second group was supplemented daily with 20 g roasted flaxseeds (rich omega-3 fatty acid source) having consumed 10 g of roasted flaxseeds at post lunch and post dinner respectively. A pilot study was prior conducted on the patients to be supplemented with 20 g flaxseeds to rule any toxic impact and no deleterious effects were assessed from their kidney and liver function profiles. In the phase I, 120 subjects (60 -85 yrs) were enrolled by the convenient sampling design from the government and private hospitals of urban Vadodara. (PsycInfo Database Record (c) 2021 APA, all rights reserved) (PsycINFO Ovid 21/09/2022) 2958","RAYYAN-INCLUSION: {""Andra""=>""Excluded"", ""Jane""=>""Excluded"", ""Frank""=>""Excluded"", ""Jiayi""=>""Excluded"", ""Aina""=>""Excluded"", ""Zhixin""=>""Excluded""} | RAYYAN-EXCLUSION-REASONS: Intervention (no intervention evaluated)",,*Alzheimer's Disease;*Cognitive Impairment;*Dementia;*Epidemics;*Fatty Acids;Dietary Supplements;Nervous System Disorders;Vitamin Therapy;Vitamin D;Vitamin U;Riboflavin;Vitamin A;Biotin;Folic Acid;Vitamin B Complex;Vitamin E;Vitamins;Arachidonic Acid;Vitamin B 12;Ascorbic Acid;Tocopherols,,
rayyan-883472345,Benefits of curcumin in brain disorders,2019,9,,Biofactors,1872-8081,45,5,666-689,"Bhat, A. and Mahalakshmi, A. M. and Ray, B. and Tuladhar, S. and Hediyal, T. A. and Manthiannem, E. and Padamati, J. and Ch and ra, R. and Chidambaram, S. B. and Sakharkar, M. K.",https://ovidsp.ovid.com/ovidweb.cgi?T=JS&CSC=Y&NEWS=N&PAGE=fulltext&D=med16&AN=31185140http://pmt-eu.hosted.exlibrisgroup.com/openurl/44LSE/44LSE_services_page?sid=OVID:medline&id=pmid:31185140&id=doi:10.1002%2Fbiof.1533&issn=0951-6433&isbn=&volume=45&issue=5&spage=666&pages=666-689&date=2019&title=Biofactors&atitle=Benefits+of+curcumin+in+brain+disorders.&aulast=Bhat,,,,"Curcumin is widely consumed in Asia either as turmeric directly or as one of the culinary ingredients in food recipes. The benefits of curcumin in different organ systems have been reported extensively in several neurological diseases and cancer. Curcumin has got its global recognition because of its strong antioxidant, anti-inflammatory, anti-cancer, and antimicrobial activities. Additionally, it is used in diabetes and arthritis as well as in hepatic, renal, and cardiovascular diseases. Recently, there is growing attention on usage of curcumin to prevent or delay the onset of neurodegenerative diseases. This review summarizes available data from several recent studies on curcumin in various neurological diseases such as Alzheimer's disease, Parkinson's disease, Multiple Sclerosis, Huntington's disease, Prions disease, stroke, Down's syndrome, autism, Amyotrophic lateral sclerosis, anxiety, depression, and aging. Recent advancements toward increasing the therapeutic efficacy of curcuma/curcumin formulation and the novel delivery strategies employed to overcome its minimal bioavailability and toxicity studies have also been discussed. This review also summarizes the ongoing clinical trials on curcumin for different neurodegenerative diseases and patent details of curcuma/curcumin in India. Copyright © 2019 International Union of Biochemistry and Molecular Biology. (Medline Ovid 21/09/2022) 120","RAYYAN-INCLUSION: {""Andra""=>""Excluded"", ""Jane""=>""Excluded"", ""Frank""=>""Excluded"", ""Jiayi""=>""Excluded"", ""Aina""=>""Excluded"", ""Zhixin""=>""Excluded""} | RAYYAN-EXCLUSION-REASONS: Intervention (no intervention evaluated)",https://dx.doi.org/10.1002/biof.1533,"*Alzheimer Disease/dt [Drug Therapy];Alzheimer Disease/me [Metabolism];Alzheimer Disease/pp [Physiopathology];Amyotrophic Lateral Sclerosis/dt [Drug Therapy];Amyotrophic Lateral Sclerosis/me [Metabolism];Amyotrophic Lateral Sclerosis/pp [Physiopathology];Animals;Anxiety/dt [Drug Therapy];Anxiety/me [Metabolism];Anxiety/pp [Physiopathology];Autistic Disorder/dt [Drug Therapy];Autistic Disorder/me [Metabolism];Autistic Disorder/pp [Physiopathology];Biological Availability;Curcuma/ch [Chemistry];Curcumin/ip [Isolation & Purification];*Curcumin/pd [Pharmacology];*Dementia/dt [Drug Therapy];Dementia/me [Metabolism];Dementia/pp [Physiopathology];Depression/dt [Drug Therapy];Depression/me [Metabolism];Depression/pp [Physiopathology];*Drug Delivery Systems/mt [Methods];Glioma/dt [Drug Therapy];Glioma/me [Metabolism];Glioma/pp [Physiopathology];Humans;Huntington Disease/dt [Drug Therapy];Huntington Disease/me [Metabolism];Huntington Disease/pp [Physiopathology];Multiple Sclerosis/dt [Drug Therapy];Multiple Sclerosis/me [Metabolism];Multiple Sclerosis/pp [Physiopathology];Muscular Atrophy, Spinal/dt [Drug Therapy];Muscular Atrophy, Spinal/me [Metabolism];Muscular Atrophy, Spinal/pp [Physiopathology];Neuroprotective Agents/ip [Isolation & Purification];*Neuroprotective Agents/pd [Pharmacology];*Parkinson Disease/dt [Drug Therapy];Parkinson Disease/me [Metabolism];Parkinson Disease/pp [Physiopathology];Patents as Topic;Prion Diseases/dt [Drug Therapy];Prion Diseases/me [Metabolism];Prion Diseases/pp [Physiopathology];Stroke/dt [Drug Therapy];Stroke/me [Metabolism];Stroke/pp [Physiopathology];0 (Neuroprotective Agents);IT942ZTH98 (Curcumin);Brain;Brain Diseases",,
rayyan-883472346,Effect of extended nursing on the behavioral and psychological symptoms and cognitive dysfunction of patients with moderate and severe Alzheimer's disease,2020,,,Indian Journal of Pharmaceutical Sciences,0250-474X 1998-3743,82,,6-9,"Chen, M. and Bai, Y. and Zhou, X. and Chen, W. and He, D. and Li, Y.",https://www.ijpsonline.com/articles/effect-of-extended-nursing-on-the-behavioral-and-psychological-symptoms-and-cognitive-dysfunction-of-patients-with-moder.pdf http://ovidsp.ovid.com/ovidweb.cgi?T=JS&PAGE=reference&D=emed21&NEWS=N&AN=2008508098,English,,,"The purpose of this investigation is to study the effect of extended nursing on the behavioral and psychological symptoms and cognitive dysfunction of patients with moderate and severe Alzheimer's disease. A total of 102 patients with moderate and severe Alzheimer's disease admitted to the People's Hospital of Nanjing Medical University from February 2016 to March 2018 were randomly divided into the observation group and the control group. The control group received routine health education and nursing guidance after discharge, while the observation group received additional extended nursing scheme for 1 y, including daily living ability training, body function training, language training, memory training, music therapy, psychological nursing support and offline collective activities of patients. The scores of behavioral pathology assessment scale of Alzheimer's disease, Montreal cognitive assessment, and Barthel activities of daily living were compared between the two groups. There was no significant difference in the scores of behavioral pathology assessment scale of Alzheimer's, Montreal cognitive assessment and Barthel activities of daily living between the two groups on admission. One year later, the behavioral pathology assessment scale of Alzheimer's disease scores of the observation group were significantly lower than that of the control group (p<0.05), the Montreal cognitive assessment scores and Barthel activities of daily living scores of the observation group were significantly higher than that of the control group (p<0.05). The extended nursing scheme of this study improved the behavioral and psychological symptoms of Alzheimer's disease patients significantly, including anxiety, fear, hallucination, delusion, emotional disorder, aggressive behavior, behavioral disorder and circadian rhythm disorder. It could also improve the cognitive ability of Alzheimer's disease patients significantly, and improve their ability to handle daily life activities.Copyright © 2020 Indian Pharmaceutical Association. All rights reserved. (Embase Ovid 21/09/2022) 1415","RAYYAN-INCLUSION: {""Jane""=>""Included"", ""Frank""=>""Included"", ""Jiayi""=>""Included"", ""Aina""=>""Included"", ""Zhixin""=>""Included""}",,adult;aged;aggression;*Alzheimer disease;anxiety;article;*behavior;behavior disorder;brain function;circadian rhythm;*cognitive defect;controlled study;daily life activity;emotional disorder;fear;female;follow up;hallucination;health education;human;individual behavior assessment;language development;major clinical study;male;memory;middle aged;Montreal cognitive assessment;music therapy;*nursing;nursing intervention;nursing staff;observational study;psychologic assessment;psychotherapy;quality of life;questionnaire;self care;training;Alzheimer Disease,,
rayyan-883472347,Effect of traditional opera on older adults with dementia,2020,3,,Geriatric Nursing,1528-3984,41,2,118-123,"Chen, X. and Li, D. and Xu, H. and Hu, Z.",https://ovidsp.ovid.com/ovidweb.cgi?T=JS&CSC=Y&NEWS=N&PAGE=fulltext&D=med17&AN=31564448http://pmt-eu.hosted.exlibrisgroup.com/openurl/44LSE/44LSE_services_page?sid=OVID:medline&id=pmid:31564448&id=doi:10.1016%2Fj.gerinurse.2019.08.002&issn=0197-4572&isbn=&volume=41&issue=2&spage=118&pages=118-123&date=2020&title=Geriatric+Nursing&atitle=Effect+of+traditional+opera+on+older+adults+with+dementia.&aulast=Chen,,,,"This study evaluates the effectiveness of traditional Chinese opera on older adults with dementia; those who met the inclusion criteria were categorized into intervention (n=21) and control (n=22) groups. Traditional Chinese opera was organized for the intervention group for 12 weeks. The Mini-Mental State Examination (MMSE), the Chinese version of the neuropsychiatric inventory (CNPI), and Quality of Life in Alzheimer's disease (QOL-AD) assessed the effectiveness at the pre-test stage and after 6 and 12 weeks of the intervention, and generalized estimated equation was used for statistical analysis. Statistically significant (P < 0.05) differences were observed between the intervention and control groups in terms of MMSE, CNPI, and QOL-AD. Traditional Chinese opera can potentially be an effective therapy for improving the cognitive function of older adults with dementia, reducing their behavioral and psychiatric symptoms and enhancing their quality of life. Copyright © 2019 Elsevier Inc. All rights reserved. (Medline Ovid 21/09/2022) 393","RAYYAN-INCLUSION: {""Jane""=>""Excluded"", ""Frank""=>""Excluded"", ""Jiayi""=>""Excluded"", ""Aina""=>""Excluded"", ""Zhixin""=>""Excluded""} | RAYYAN-EXCLUSION-REASONS: Study design (not randomised)",https://dx.doi.org/10.1016/j.gerinurse.2019.08.002,"Aged;Aged, 80 and over;China;Cognition;Controlled Before-After Studies;Dementia/px [Psychology];*Dementia/th [Therapy];Female;Humans;Male;*Music Therapy;Neuropsychological Tests;Quality of Life;Social Behavior;Dementia",,
rayyan-883472348,An intervention to reduce neuropsychiatric symptoms and caregiver burden in dementia: Preliminary results from a randomized trial of the tailored activity program-outpatient version,2019,,,International Journal of Geriatric Psychiatry,0885-6230,34,9,1301-1307,"de Oliveira, Alex and Martini, ra and Radanovic, Marcia and Homem de Mello, Patricia Cotting and Buchain, Patricia Cardoso and Dias Vizzotto, Adriana and Harder, Janaina and Stella, Florindo and Piersol, Catherine Verrier and Gitlin, Laura N. and Forlenza, Orestes Vicente",http://ovidsp.ovid.com/ovidweb.cgi?T=JS&PAGE=reference&D=psyc16&NEWS=N&AN=2018-36341-001,English,,,"Objective: To evaluate the efficacy of the tailored activity program-outpatient version (TAP-O) and to reduce neuropsychiatric symptoms (NPS) in patients with dementia and caregiver burden compared with a control group (psychoeducation intervention). Methods: Twenty-one persons with dementia and their caregivers were recruited and randomized. The intervention group received TAP-O, designed for outpatients with dementia and their caregivers. TAP-O consisted of eight sessions in which an occupational therapist assessed the patient's abilities and interests; prescribed tailored activities; and educated caregivers about dementia, NPS, and how to implement meaningful activities in the daily routine. The control group received eight sessions of a psychoeducation intervention about dementia and NPS. Results: Compared with controls, patients receiving TAP-O had a significant decrease in hallucination (P = 0.04), agitation (P = 0.03), anxiety (P = 0.02), aggression (P = 0.01), sleep disorder (P = 0.02), aberrant motor behavior (P = 0.02), and in caregiver burden (P = 0.003). Conclusions: Findings suggest that TAP-O may be an effective nonpharmacological strategy to reduce NPS of outpatients with dementia and to minimize caregiver burden. (PsycInfo Database Record (c) 2021 APA, all rights reserved) (PsycINFO Ovid 21/09/2022) 3167","RAYYAN-INCLUSION: {""Jane""=>""Included"", ""Frank""=>""Included"", ""Jiayi""=>""Included"", ""Aina""=>""Included"", ""Zhixin""=>""Included""}",https://dx.doi.org/10.1002/gps.4958,*Caregiver Burden;*Dementia;*Psychoeducation;*Treatment Effectiveness Evaluation;*Group Intervention;Occupational Therapists;Outpatients;Test Construction;Caregiving;Dementia,,
rayyan-883472349,Cognitive stimulation program in mild cognitive impairment A randomized controlled trial,2020,4,,Dementia & Neuropsychologia,1980-5764,14,2,110-117,"Gomez-Soria, I. and Peralta-Marrupe, P. and Plo, F.",https://ovidsp.ovid.com/ovidweb.cgi?T=JS&CSC=Y&NEWS=N&PAGE=fulltext&D=pmnm&AN=32595879http://pmt-eu.hosted.exlibrisgroup.com/openurl/44LSE/44LSE_services_page?sid=OVID:medline&id=pmid:32595879&id=doi:10.1590%2F1980-57642020dn14-020003&issn=1980-5764&isbn=&volume=14&issue=2&spage=110&pages=110-117&date=2020&title=Dementia+%26+Neuropsychologia&atitle=Cognitive+stimulation+program+in+mild+cognitive+impairment+A+randomized+controlled+trial.&aulast=Gomez-Soria,,,,"Non-pharmacological cognitive interventions in mild cognitive impairment have demonstrated promising results in preventing or delaying cognitive impairment and functional disability. Cognitive stimulation seems to improve and maintain cognitive and social activity. OBJECTIVE: This study aimed to evaluate the impact of a cognitive stimulation program in mild cognitive impairment (MCI) at the cognitive level on activities of daily living (ADLs), and levels of anxiety and depression. METHODS: A randomized controlled single-blind trial involving 122 non-institutionalized elderly with a MEC-35 score of 24-27 was conducted. The intervention group (n=54) received the intervention (10-week cognitive stimulation program) and was compared with a control group (n=68) that received no intervention. Follow-up assessments were conducted post-test and at 6 months post-test. The primary outcome was cognitive function determined by changes in scores on the Spanish version (MEC-35) of the Mini-Mental State Examination, while the secondary outcomes were measured by the Barthel Index, Lawton and Brody Scale, Goldberg Questionnaire (anxiety sub-scale) and the Yesavage Geriatric Depression Scale (15-item version). RESULTS: The intervention group showed a significant improvement in cognitive function at both timepoints, post-test and 6-month follow-up. The Barthel Index was higher in the intervention group, but only on the post-test analysis. The intervention did not improve the performance of instrumental ADLs or depression or anxiety levels. CONCLUSION: The findings showed cognitive improvements in an elderly population with MCI in the short and medium-term and improved basic ADLs in the short term. Clinicaltrials.gov Identifier: NCT03831061. (Medline Ovid 21/09/2022) 216","RAYYAN-INCLUSION: {""Jane""=>""Excluded"", ""Frank""=>""Excluded"", ""Jiayi""=>""Excluded"", ""Aina""=>""Excluded"", ""Zhixin""=>""Excluded""} | RAYYAN-EXCLUSION-REASONS: Setting (not low- and middle-income country)",https://dx.doi.org/10.1590/1980-57642020dn14-020003,Cognition,,
rayyan-883472350,Effect of stent combined with drugs therapy on cognitive function in patients with symptomatic severe vertebrobasilar artery stenosis and cognitive dysfunction,2020,,,Chinese Journal of Contemporary Neurology and Neurosurgery,1672-6731,20,3,230-241,"Gong, W. T. and Pei, H. T. and Liu, F. F. and Wang, N. D. and Liu, T. H. and Sun, Y. J. and Liu, P. and Zhang, X. J. and Zhang, Y.",http://cjcnn.org/index.php/cjcnn/issue/archive http://ovidsp.ovid.com/ovidweb.cgi?T=JS&PAGE=reference&D=emed21&NEWS=N&AN=2005496706,Chinese,,,"Objective: To compare the effects of stent combined with drug therapy and aggressive drug therapy alone on cognitive function for patients with symptomatic severe intracranial vertebrobasilar artery stenosis and cognitive dysfunction. Method(s): A total of 53 patients from October 2016 to March 2019 with symptomatic severe intracranial vertebrobasilar artery stenosis and cognitive dysfunction were collected. Patients were divided into 2 groups[stent combined with drugs group (n=31) and aggressive drugs alone group (n=22)] based on patients' informed consent. Perioperative status of stent combined with drugs group and incidence of adverse events in both groups were analyzed. Montreal Congnitive Assessment (MoCA) scores were compared in hospitalization period, 1 month and 6 months at follow-up in order to evaluate the improvement of cognition. Then subgroup analysis of different collateral circulation status before stent combined with drugs group was conducted. Result(s): There were 2 cases of perioperative complication in stent combined with drugs group, and there was no statistical difference in cumulative incidence of adverse events and ischemic stroke between 2 groups. According to the comparion that MoCA scores in hospitalization, 1 month and 6 months at follow-up in two different therapy groups, the score of delayed recall had statistical significance (P=0.005), which indicted stent group had advantages in delayed recall over drugs group. The scores of total MoCA (P=0.000), line connection test (P=0.028), drawing clock (P=0.006), attention (P=0.001) and delayed recall (P=0.000) had statistical significance in different follow-up time points and were significantly improved in stent group. In stent group, the scores of total MoCA (P=0.000, 0.000, 0.009) and attention (P=0.000, 0.000, 0.030) improved in succession in the time of before treatment, 1 month and 6 months at follow-up. However, the scores of line connection test (P=0.001, 0.000), drawing clock (P=0.006, 0.000), and delayed recall (P=0.000, 0.000) improved mainly within first month at discharge. As to the scores of MoCA in different preoperative collateral circulation status groups, sentence repetition only had statistical significance (P=0.021). The scores of total MoCA (P=0.000), line connection test (P=0.000), drawing clock (P=0.002), attention (P=0.000) and delayed recall (P=0.000) had statistical significance in different follow-up time points. In further comparion of changes of MoCA scores at different time points in 2 preoperative collateral circulation status groups, scores of total MoCA (P=0.006, 0.006) and attention (P=0.005, 0.002) were higher at follow-up of 6 month than these in hospitalization and 1 month follow-up in good collateral group, which suggested the scores above improved mainly between 1 month and 6 month at discharge. The score of delayed recall at discharge after 6 month was higher than it in hospitalization. The scores of total MoCA (P=0.000, 0.000), line connection test (P=0.003, 0.001), drawing clock (P=0.004, 0.001), attention (P=0.000, 0.000) and delayed recall (P=0.000, 0.000) were higher at follow-up of 1 month and 6 month than these in hospitalization in poor collateral group, which suggested the scores above improved mainly within first month at discharge. Conclusion(s): As to the patients with symptomatic severe vertebrobasilar artery stenosis and cognitive dysfunction, the improvement in multiple cognitive domains of stent combined with drugs therapy and the advantage over aggressive drugs alone group were observed. Meanwhile, the time of cognitive benefit was earlier in poor preoperative collateral circulation status groups than in good collateral group.Copyright © 2020 by the Editorial Board of Chinese Journal of Contemporary Neurology and Neurosurgery. (Embase Ovid 21/09/2022) 1582","RAYYAN-INCLUSION: {""Jane""=>""Excluded"", ""Frank""=>""Excluded"", ""Jiayi""=>""Excluded"", ""Aina""=>""Excluded"", ""Zhixin""=>""Excluded""} | RAYYAN-EXCLUSION-REASONS: Study design (not randomised)",https://dx.doi.org/10.3969/j.issn.1672-6731.2020.03.016,"adverse event;article;*basilar artery obstruction/dt [Drug Therapy];*basilar artery obstruction/su [Surgery];brain ischemia;*cognition;*cognitive defect/dt [Drug Therapy];controlled study;disease severity;general condition improvement;hospital discharge;hospitalization;human;informed consent;major clinical study;Montreal cognitive assessment;perioperative period;peroperative complication;*vertebral artery stenosis/dt [Drug Therapy];*vertebral artery stenosis/su [Surgery];*drug/dt [Drug Therapy];*arterial stent;*vertebrobasilar artery stenosis/dt [Drug Therapy];*vertebrobasilar artery stenosis/su [Surgery];Stents;Drug Therapy, Combination;Cognitive Therapy;Drug Combinations",,
rayyan-883472351,Advancing family dementia caregiver interventions in low- and middle-income countries: A pilot cluster randomized controlled trial of Resources for Advancing Alzheimer's Caregiver Health in Vietnam (REACH VN),2020,,,Alzheimer's & Dementia : Translational Research & Clinical Interventions,2352-8737,6,1,e12063,"Hinton, L. and Nguyen, H. and Nguyen, H. T. and Harvey, D. J. and Nichols, L. and Martindale-Adams, J. and Nguyen, B. T. and Nguyen, B. T. T. and Nguyen, A. N. and Nguyen, C. H. and Nguyen, T. T. H. and Nguyen, T. L. and Nguyen, A. T. P. and Nguyen, N. B. and Tiet, Q. Q. and Nguyen, T. A. and Nguyen, P. Q. and Nguyen, T. A. and Pham, T.",https://ovidsp.ovid.com/ovidweb.cgi?T=JS&CSC=Y&NEWS=N&PAGE=fulltext&D=pmnm&AN=33532542http://pmt-eu.hosted.exlibrisgroup.com/openurl/44LSE/44LSE_services_page?sid=OVID:medline&id=pmid:33532542&id=doi:10.1002%2Ftrc2.12063&issn=2352-8737&isbn=&volume=6&issue=1&spage=e12063&pages=e12063&date=2020&title=Alzheimer%27s+%26+Dementia+%3A+Translational+Research+%26+Clinical+Interventions&atitle=Advancing+family+dementia+caregiver+interventions+in+low-+and+middle-income+countries%3A+A+pilot+cluster+randomized+controlled+trial+of+Resources+for+Advancing+Alzheimer%27s+Caregiver+Health+in+Vietnam+%28REACH+VN%29.&aulast=Hinton,,,,"INTRODUCTION: Low- and middle-income countries have rapidly increasing numbers of people with dementia, yet little evidence on family caregiving interventions. We tested the preliminary efficacy and feasibility of a family caregiving intervention in northern Vietnam. METHODS: Nine clusters comprising 60 family caregivers were randomized to a culturally adapted version of a four- to six-session, multicomponent intervention delivered in-home over 2 to 3 months, or enhanced control. Eligible caregivers were >=18 years of age and scored >=6 on the Zarit Burden Inventory (ZBI). RESULTS: Fifty-one caregivers (85%) completed the study. Using analysis of covariance with 3-month assessment as the outcome and baseline assessment as a covariate, intervention group caregivers had an average ZBI (primary outcome) score 1.2 standard deviation (SD) lower (P = .02) and Patient Health Questionnaire-4 (psychological distress) score 0.7 SD lower (P = .03) than controls. DISCUSSION: In the first study of its kind in Vietnam, a culturally adapted, manualized, family caregiver intervention was both efficacious and feasible. Copyright © 2021 The Authors. Alzheimer's & Dementia: Translational Research & Clinical Interventions published by Wiley Periodicals, Inc. on behalf of Alzheimer's Association. (Medline Ovid 21/09/2022) 20","RAYYAN-INCLUSION: {""Jane""=>""Included"", ""Frank""=>""Included"", ""Jiayi""=>""Included"", ""Aina""=>""Included"", ""Zhixin""=>""Included""}",https://dx.doi.org/10.1002/trc2.12063,Dementia;Caregivers;Vietnam,,
rayyan-883472352,A game-based neurofeedback training system to enhance cognitive performance in healthy elderly subjects and in patients with amnestic mild cognitive impairment,2019,,,Clinical Interventions in Aging,1176-9092 1178-1998,14,,347-360,"Jirayucharoensak, S. and Israsena, P. and Pan-Ngum, S. and Hemrungrojn, S. and Maes, M.",https://www.dovepress.com/getfile.php?fileID=48134 http://ovidsp.ovid.com/ovidweb.cgi?T=JS&PAGE=reference&D=emed20&NEWS=N&AN=2002039960,English,,,"Introduction: This study examines the clinical efficacy of a game-based neurofeedback training (NFT) system to enhance cognitive performance in patients with amnestic mild cognitive impairment (aMCI) and healthy elderly subjects. The NFT system includes five games designed to improve attention span and cognitive performance. The system estimates attention levels by investigating the power spectrum of Beta and Alpha bands. Method(s): We recruited 65 women with aMCI and 54 healthy elderly women. All participants were treated with care as usual (CAU); 58 were treated with CAU + NFT (20 sessions of 30 minutes each, 2-3 sessions per week), 36 with CAU + exergame-based training, while 25 patients had only CAU. Cognitive functions were assessed using the Cambridge Neuropsychological Test Automated Battery both before and after treatment. Result(s): NFT significantly improved rapid visual processing and spatial working memory (SWM), including strategy, when compared with exergame training and no active treatment. aMCI was characterized by impairments in SWM (including strategy), pattern recognition memory, and delayed matching to samples. Conclusion(s): In conclusion, treatment with NFT improves sustained attention and SWM. Nevertheless, NFT had no significant effect on pattern recognition memory and short-term visual memory, which are the other hallmarks of aMCI. The NFT system used here may selectively improve sustained attention, strategy, and executive functions, but not other cognitive impairments, which characterize aMCI in women.Copyright © 2019 Jirayucharoensak et al. (Embase Ovid 21/09/2022) 2037","RAYYAN-INCLUSION: {""Jane""=>""Excluded"", ""Frank""=>""Excluded"", ""Jiayi""=>""Excluded"", ""Aina""=>""Excluded"", ""Zhixin""=>""Excluded""} | RAYYAN-EXCLUSION-REASONS: Study design (not randomised)",https://dx.doi.org/10.2147/CIA.S189047,aged;*amnesia/th [Therapy];article;attention;brain function;*cognition;cognitive function test;controlled study;electroencephalogram;executive function;female;*game;human;major clinical study;*mild cognitive impairment/di [Diagnosis];*mild cognitive impairment/th [Therapy];*neurofeedback;pattern recognition;short term memory;spatial memory;Thailand;therapy effect;*training;visual memory;working memory;Cambridge Neuropsychological Test Automated Battery;*game-based neurofeedback training;sustained attention;visual processing;Nootropic Agents;Cognition,,
rayyan-883472353,Randomized Controlled Trial of Multi-Component Cognitive Stimulation Therapy (SADEM) in Community-Dwelling Demented Adults,2020,,,Journal of Alzheimer's Disease,1875-8908,78,3,1033-1045,"Juarez-Cedillo, T. and Gutierrez-Gutierrez, L. and Sanchez-Hurtado, L. A. and Martinez-Rodriguez, N. and Juarez-Cedillo, E.",https://ovidsp.ovid.com/ovidweb.cgi?T=JS&CSC=Y&NEWS=N&PAGE=fulltext&D=med18&AN=33104028http://pmt-eu.hosted.exlibrisgroup.com/openurl/44LSE/44LSE_services_page?sid=OVID:medline&id=pmid:33104028&id=doi:10.3233%2FJAD-200574&issn=1387-2877&isbn=&volume=78&issue=3&spage=1033&pages=1033-1045&date=2020&title=Journal+of+Alzheimer%27s+Disease&atitle=Randomized+Controlled+Trial+of+Multi-Component+Cognitive+Stimulation+Therapy+%28SADEM%29+in+Community-Dwelling+Demented+Adults.&aulast=Juarez-Cedillo,,,,"BACKGROUND: Dementia is a persistent, progressive state of cognitive decline against which pharmacological intervention has a modest efficacy, reducing behavioral but not cognitive symptoms. Therefore, different non-pharmacological therapies have been developed; the most scientifically recognized are cognitive therapies that have improved cognitive function and daily life activities. OBJECTIVE: To evaluate the effectiveness of a multicomponent cognitive stimulation therapy (SADEM) on cognitive and behavioral function and daily life activities in patients with mild stage dementia. METHODS: Controlled clinical trial with pre- and post-intervention (12 months) and follow-up (24 months after) evaluations. Participants (67) diagnosed with mild dementia were randomly assigned to intervention group (n = 39) or control group (n = 28). The intervention took place throughout one year and consisted of two weekly 90-minute sessions and one more a year after a monthly follow-up. Instruments were used to evaluate outcomes in cognitive, behavioral, and affective domains. RESULTS: The results showed statistically significant differences, with improvement in the cognitive outcomes and the Dementia Index post-intervention (p = 0.01). No progression of the disease was observed at the end of the study. CONCLUSION: The multicomponent intervention tested had positive effects on cognitive and behavioral functions and daily life activities in people with mild stage dementia, delaying progression for at least two years. (Medline Ovid 21/09/2022) 926","RAYYAN-INCLUSION: {""Jane""=>""Included"", ""Frank""=>""Included"", ""Jiayi""=>""Included"", ""Aina""=>""Included"", ""Zhixin""=>""Included""}",https://dx.doi.org/10.3233/JAD-200574,"Activities of Daily Living;Aged;Aged, 80 and over;Attention;Cognitive Dysfunction/pp [Physiopathology];Cognitive Dysfunction/px [Psychology];*Cognitive Dysfunction/rh [Rehabilitation];Dementia/pp [Physiopathology];Dementia/px [Psychology];*Dementia/rh [Rehabilitation];Disease Progression;Female;Humans;Independent Living;Language;Male;Memory;Mexico;Neurological Rehabilitation;Severity of Illness Index",,
rayyan-883472354,"Tempe, isoflavones and cognitive function",2019,,,Annals of Nutrition and Metabolism,1421-9697,75,3,376,"Kridawati, A. and Rahardjo, T. B. W. and Hogervorst, E.",http://ovidsp.ovid.com/ovidweb.cgi?T=JS&PAGE=reference&D=emed20&NEWS=N&AN=629278403,English,,,"Background/Aims: Alzheimer's disease (AD) is the most common type of dementia and is characterized by worsening cognitive impairment affecting daily life. Factors that can enhance cognitive function are nutrients such as vitamin B6, vitamin B12, folate, and isoflavones. One of the foods that contains high level of isofalvones and folate and is widely consumed in Indonesia is tempe. The aims of research were to assess the efficacy of tempe drinks in increasing isoflavones in saliva and cognitive functions. Method(s): The subjects were divided into two groups: the groups were given tempe flour 35 g (n = 15 elderly) and the other group was given 17.5 g casein (n = 15 elderly). Cognitive function measurement used MMSE and HVLT instruments. Analysis of isoflavones in saliva was done using HPLC. Analysis between treatments and before and after treatments used independent t-test. Result(s): The results showed that salivary isoflavones both in the tempe and casein groups increased significantly. Cognitive function measurement with MMSE in the tempe group was tended to be higher than in casein groups. The measurement with HVLT in the tempe group was tended to increase, while in casein group tended to decrease after the intervention. Conclusion(s): This study concludes that tempe tended to increase cognitive function and isoflavones in saliva among elderly. (Embase Ovid 21/09/2022) 2338","RAYYAN-INCLUSION: {""Huseyin""=>""Excluded"", ""Jane""=>""Excluded"", ""Frank""=>""Maybe"", ""Jiayi""=>""Excluded"", ""Aina""=>""Excluded"", ""Zhixin""=>""Excluded""} | RAYYAN-EXCLUSION-REASONS: Publication type (conference abstract)",https://dx.doi.org/10.1159/000501751,aged;Alzheimer disease;clinical article;*cognitive defect;comparative effectiveness;controlled study;drug efficacy;female;flour;high performance liquid chromatography;human;human experiment;male;Mini Mental State Examination;saliva;casein;endogenous compound;*isoflavone derivative;conference abstract;Isoflavones;Cognition,,
rayyan-883472355,"Efficacy of group reminiscence therapy on cognition, depression, neuropsychiatric symptoms, and activities of daily living for patients with Alzheimer disease",2020,,,Journal of Geriatric Psychiatry and Neurology,0891-9887,33,5,272-281,"Li, Mo and Lyu, Ji-hui and Zhang, Yi and Gao, Mao-long and Li, Rena and Mao, Pei-xian and Li, Wen-jie and Ma, Xin",http://ovidsp.ovid.com/ovidweb.cgi?T=JS&PAGE=reference&D=psyc17&NEWS=N&AN=2020-52742-005,English,,,"The current study aimed to investigate the effects of group reminiscence therapy on cognitive function, depression, neuropsychiatric symptoms, and activities of daily living in patients with mild-to-moderate Alzheimer disease (AD). A single-blind randomized parallel-design controlled trial was conducted between May 1, 2017, and April 30, 2018. Ninety patients with mild-to-moderate AD recruited from Beijing Geriatric Hospital were randomly allocated into intervention (n = 45) and control groups (n = 45). In the intervention group, group-based reminiscence therapy was performed in two 30- to 45-minute sessions weekly for 12 weeks. Control participants received only conventional drug treatments and routine daily care. Alzheimer disease-related symptoms were evaluated using the Alzheimer's Disease Assessment Scale-Cognitive section, the Cornell Scale for Depression in Dementia (CSDD), the Neuropsychiatric Inventory, and the Barthel Index. Four time points were set for data collection: baseline (before treatment), 4 weeks (during treatment), 12 weeks (end of treatment), and 24 weeks (12 weeks posttreatment). chi2 Tests, independent t tests, repeated-measures analysis of variance, and Bonferroni tests were used for data analysis. Significant improvements in depressive and neuropsychiatric symptoms were found in the intervention group compared to the control group (P < .05). Mean CSDD scores in the intervention group were improved at all 3 time points compared to baseline and showed the greatest effect at 12 weeks (t = 2.076, P = .041) and 24 weeks follow-up (t = 3.834, P = .000) compared to controls. Group reminiscence therapy was effective for improving depressive symptoms and was beneficial for treating neuropsychiatric symptoms in patients with AD. (PsycInfo Database Record (c) 2021 APA, all rights reserved) (PsycINFO Ovid 21/09/2022) 2907","RAYYAN-INCLUSION: {""Jane""=>""Included"", ""Frank""=>""Included"", ""Jiayi""=>""Included"", ""Aina""=>""Included"", ""Zhixin""=>""Included""}",https://dx.doi.org/10.1177/0891988719882099,*Alzheimer's Disease;*Group Psychotherapy;*Reminiscence;*Group Intervention;Major Depression;Symptoms;Alzheimer Disease;Cognitive Therapy,,
rayyan-883472356,Effect of Pushen capsule for treating vascular mild cognitive impairment: a pilot observational study,2019,11,,Journal of International Medical Research,1473-2300,47,11,5483-5496,"Li, S. and Cao, G. and Deng, Q. and Zhu, D. and Yan, F.",https://ovidsp.ovid.com/ovidweb.cgi?T=JS&CSC=Y&NEWS=N&PAGE=fulltext&D=med16&AN=31407622http://pmt-eu.hosted.exlibrisgroup.com/openurl/44LSE/44LSE_services_page?sid=OVID:medline&id=pmid:31407622&id=doi:10.1177%2F0300060519859766&issn=0300-0605&isbn=&volume=47&issue=11&spage=5483&pages=5483-5496&date=2019&title=Journal+of+International+Medical+Research&atitle=Effect+of+Pushen+capsule+for+treating+vascular+mild+cognitive+impairment%3A+a+pilot+observational+study.&aulast=Li,,,,(Medline Ovid 21/09/2022) 382,"RAYYAN-INCLUSION: {""Jane""=>""Included"", ""Frank""=>""Included"", ""Jiayi""=>""Included"", ""Aina""=>""Included"", ""Zhixin""=>""Included""}",https://dx.doi.org/10.1177/0300060519859766,"Aged;Case-Control Studies;*Cerebral Small Vessel Diseases/dt [Drug Therapy];*Cognitive Dysfunction/dt [Drug Therapy];*Drugs, Chinese Herbal/pd [Pharmacology];Female;Follow-Up Studies;Humans;Male;Middle Aged;Neuropsychological Tests;*Phytotherapy;Pilot Projects;*Plant Extracts/tu [Therapeutic Use];Prognosis;0 (Drugs, Chinese Herbal);0 (Plant Extracts);Capsules;Cognition",,
rayyan-883472357,Efficacy and safety of valproic acid in dementia: A systematic review with meta-analysis,2020,7,,Archives of Gerontology & Geriatrics,1872-6976,89,,104091,"Liu, J. and Wang, L. N.",https://ovidsp.ovid.com/ovidweb.cgi?T=JS&CSC=Y&NEWS=N&PAGE=fulltext&D=med17&AN=32413690http://pmt-eu.hosted.exlibrisgroup.com/openurl/44LSE/44LSE_services_page?sid=OVID:medline&id=pmid:32413690&id=doi:10.1016%2Fj.archger.2020.104091&issn=0167-4943&isbn=&volume=89&issue=&spage=104091&pages=104091&date=2020&title=Archives+of+Gerontology+%26+Geriatrics&atitle=Efficacy+and+safety+of+valproic+acid+in+dementia%3A+A+systematic+review+with+meta-analysis.&aulast=Liu,,,,"INTRODUCTION: The neuroprotective effect of valproic acid has been observed in the animal models of neurodegeneration, which suggests it as a potential candidate for clinical trials. In this paper, we aimed to systematically analyze the efficacy and safety of valproic acid in the treatment of dementia. METHODS: We searched the electronic databases PubMed, EMBASE, CINAHL, Cochrane Library and China National Knowledge Infrastructure until March 2020 for the eligible randomized controlled trials, as well as the unpublished and ongoing trials. We pooled the results using a random-effects model. RESULTS: We included seven studies with 770 randomized patients with dementia, which compared valproic acid with placebo. Indeed, there were no significant differences found in the scores of Mini-mental State Examination, Cohen-Mansfield Agitation Inventory and number of patients with adverse events. Valproic acid is generally well-tolerated in patients with dementia, even in long-term therapy for 24 months. CONCLUSION: Insufficient evidences are found to support valproic acid in the treatment of dementia for cognitive, psychiatric symptoms or disease-modifying. The anticipations for a success in the trial of valproic acid for dementia in the future look not optimistic based on the available evidence. Copyright © 2020 Elsevier B.V. All rights reserved. (Medline Ovid 21/09/2022) 496","RAYYAN-INCLUSION: {""Huseyin""=>""Excluded"", ""Jane""=>""Excluded"", ""Frank""=>""Maybe"", ""Jiayi""=>""Excluded"", ""Aina""=>""Excluded"", ""Zhixin""=>""Excluded""} | RAYYAN-EXCLUSION-REASONS: Publication type (systematic review and meta-analysis)",https://dx.doi.org/10.1016/j.archger.2020.104091,Dementia/dt [Drug Therapy];*Dementia;Enzyme Inhibitors/ae [Adverse Effects];*Enzyme Inhibitors;Humans;Psychomotor Agitation;Valproic Acid/ae [Adverse Effects];*Valproic Acid;0 (Enzyme Inhibitors);614OI1Z5WI (Valproic Acid);Dementia;Valproic Acid,,
rayyan-883472358,Dietary interventions and cognition of Alzheimer's disease patients: a systematic review of randomized controlled trial,2020,7,,Dementia & Neuropsychologia,1980-5764,14,3,258-282,"Moreira, S. C. and Jansen, A. K. and Silva, F. M.",https://ovidsp.ovid.com/ovidweb.cgi?T=JS&CSC=Y&NEWS=N&PAGE=fulltext&D=pmnm&AN=32973980http://pmt-eu.hosted.exlibrisgroup.com/openurl/44LSE/44LSE_services_page?sid=OVID:medline&id=pmid:32973980&id=doi:10.1590%2F1980-57642020dn14-030008&issn=1980-5764&isbn=&volume=14&issue=3&spage=258&pages=258-282&date=2020&title=Dementia+%26+Neuropsychologia&atitle=Dietary+interventions+and+cognition+of+Alzheimer%27s+disease+patients%3A+a+systematic+review+of+randomized+controlled+trial.&aulast=Moreira,,,,"It is estimated that by 2030 there will be 82 million people in the world with dementia. OBJECTIVE: To evaluate the effect of dietary interventions on the cognitive performance of individuals with Alzheimer's disease (AD). METHODS: A systematic review of randomized controlled trials (RCT) was conducted in the Scopus, PubMed, and Cochrane databases. Thirty-two RCT were included. RESULTS: Omega-3 fatty acid showed positive effects at different doses. Fortasyn Connect seemed to be effective in the early stages of the disease. Probiotic, Ginseng, Inositol and specialized nutritional formulas seemed to have a positive effect on cognition. Most of the primary studies presented poor methodological quality, included patients with mild AD, small samples, and did not obtain significative results for all the cognitive outcomes. CONCLUSIONS: The effect of most dietary interventions on cognition in AD patients remains inconclusive, however, several nutrients, isolated or not, show potential to improve cognitive function in AD, especially in its early stages. (Medline Ovid 21/09/2022) 305","RAYYAN-INCLUSION: {""Andra""=>""Excluded"", ""Huseyin""=>""Excluded"", ""Jane""=>""Excluded"", ""Frank""=>""Maybe"", ""Jiayi""=>""Excluded"", ""Aina""=>""Excluded"", ""Zhixin""=>""Excluded""} | RAYYAN-EXCLUSION-REASONS: Publication type (systematic review and meta-analysis)",https://dx.doi.org/10.1590/1980-57642020dn14-030008,Alzheimer Disease,,
rayyan-883472359,TREATMENT OF MILD COGNITIVE IMPAIRMENT DUE TO ALZHEIMER'S DISEASE OR MILD DEMENTIA OF ALZHEIMER'S TYPE: DESIGN AND RATIONALE OF THE RANDOMIZED PIVOTAL STUDY OF RENEWTM NCP-5,2019,,,Alzheimer's and Dementia,1552-5260 1552-5279,15,7,P1280-P1281,"Moriarty, P. M. and Gorby, L. K. and Ecklund-Johnson, E. and Brooks, W. and Lepping, R. and Salat, D. H. and Helfgott, J. and Burns, J. M.",http://ovidsp.ovid.com/ovidweb.cgi?T=JS&PAGE=reference&D=emed20&NEWS=N&AN=2003374253,English,,,"Background: Vascular dementia and Alzheimer's disease (AD) share an association with hemodynamic risk factors. Exercise can improve cerebral blood flow (CBF), which is associated with a decrease in cognitive decline. However, patients with AD or mild cognitive impairment (MCI) may have limited exercise capacity due to age-related physical restrictions. RenewTM NCP-5 is an FDA-cleared, external counterpulsation (ECP) device which consistently improves coronary and peripheral vascular hemodynamics by sequential compression and decompression of vascular beds in synchrony with the cardiac cycle (Figure 1), and is currently used to treat patients with chronic angina and congestive heart failure. ECP may provide the same hemodynamic benefit for cerebral perfusion and cognitive function. Method(s): This randomized, Phase 3, pivotal, single-blind, parallel-design, multi-center study (NCT03721705) will assess the efficacy of RenewTM NCP-5 in patients with MCI due to AD or mild dementia (MD) of Alzheimer's type at 16 sites in the USA, Europe, and Asia. Study participants (see Table 1 for key entry criteria) will be randomized 1:1 to receive a bolus of 35 60-minute RenewTM NCP-5 treatment sessions or sham therapy with 3-5 sessions per week. Following the initial 35 treatments, a maintenance period will begin with two treatment sessions per week for up to 24 weeks total. (Figure 2). The primary efficacy endpoint is the average of the change from baseline in Vascular Dementia Assessment Scale cognitive subscale (vADAS-Cog) at Weeks 12, 18, and 24. Safety is assessed throughout the study; other key assessments, including the measurement of CBF as a potential mechanistic index of therapeutic engagement through arterial spin labelling perfusion MRI, are presented in Figure 2. At month 12, all subjects will undergo a full assessment, and the sham group will have the option to enter an open-label extension. Result(s): We hypothesise that RenewTM NCP-5 therapy will lead to effective treatment or delay of cognitive impairment in study participants. Conclusion(s): This pivotal study aims to evaluate the efficacy and safety of RenewTM NCP-5 as a therapeutic option for patients with MCI due to AD or MD of Alzheimer's type. [Figure presented] [Figure presented] [Figure presented]Copyright © 2019 (Embase Ovid 21/09/2022) 2307","RAYYAN-INCLUSION: {""Andra""=>""Excluded"", ""Jane""=>""Excluded"", ""Jiayi""=>""Excluded"", ""Aina""=>""Excluded"", ""Zhixin""=>""Excluded""} | RAYYAN-EXCLUSION-REASONS: Publication type (conference abstract)",https://dx.doi.org/10.1016/j.jalz.2019.06.3678,adult;*Alzheimer disease;angina pectoris;arterial spin labeling;Asia;brain blood flow;brain perfusion;clinical article;comparative effectiveness;compression;congestive heart failure;controlled study;decompression;dementia assessment;*disease course;drug safety;Europe;external counterpulsation device;female;heart cycle;human;male;*mild cognitive impairment;multiinfarct dementia;parallel design;perfusion weighted imaging;phase 3 clinical trial;randomized controlled trial;sham procedure;single blind procedure;conference abstract;Alzheimer Disease;Dementia,,
rayyan-883472360,Effectiveness of cognitive training exercises and physical activity in subjects with transient ischemic attack with cognitive impairment,2020,,,Annals of Tropical Medicine and Public Health,1755-6783 0974-6005,23,13,SP231322,"Rathnamala, D. and Senthil, P. and Selvan, C.",https://www.journal.atmph-specialissues.org/uploads/179/8186_pdf.pdf http://ovidsp.ovid.com/ovidweb.cgi?T=JS&PAGE=reference&D=emed21&NEWS=N&AN=2007865909,English,,,"Introduction: In India, the prevalence of transient ischemic attack in urban population are more than the rural. The symptoms of a transient ischemic attack (TIA) by definition subside completely within 24 hours. Despite the transient nature of focal symptoms associated with TIA and the absence of visible brain lesions in most patients, many experience persistent cognitive problems afterward. Cognitive impairment subjects are with depressive symptoms, anxiety and fatigue and affect the activity of daily living. As many studies have shown that effectiveness of cognitive training in cognitive impaired TIA patient, none of the study has seen with combined exercise. Thus, our aim of the study was to find out the effect of combination of physical activity along with the cognitive training in transient ischemic attack subjects with cognitive impairment. Methodology: A total sample of 60 female subjects with the age group of 45-60 years is taken for this study. After getting the ethical clearance from the Institutional ethical committee, the subjects were allocated into cognitive training group (30 subjects) and physical activity with cognitive training group (30 subjects) by simple random sampling method. Level of cognition was measured at the baseline and after 12 weeks of intervention by Montreal cognitive assessment scale (MoCA) and cognitive assessment for stroke patients (CASP). The cognitive training (45 minutes for 5 days per week) aims at abilities (Information processing speed), attention and memory function. In physical activity and cognitive training group, the subjects are instructed to do this above cognitive training program under supervision and advised to do brisk walking in their home for one continuous bout (45 minutes for 5 days per week). Result(s): The collected data were interpreted with the statistical analysis which shows significant changes in the cognitive level in both the group but the changes were more significant in the physical activity with cognitive training group (p<0.05) when compared with the cognitive group alone. Conclusion(s): This study shows that the physical activity can be recommended along with the cognitive training in improving the cognitive impairment of TIA subjects.Copyright © 2020 Wolters Kluwer Medknow Publications. All rights reserved. (Embase Ovid 21/09/2022) 1240","RAYYAN-INCLUSION: {""Jane""=>""Excluded"", ""Frank""=>""Excluded"", ""Jiayi""=>""Excluded"", ""Aina""=>""Excluded"", ""Zhixin""=>""Excluded""} | RAYYAN-EXCLUSION-REASONS: Population (not people with dementia or mild cognitive impairment or their carers)",https://dx.doi.org/10.36295/ASRO.2020.231322,"adult;article;attention;clinical effectiveness;*cognition;*cognitive defect/rh [Rehabilitation];female;human;major clinical study;memory;Montreal cognitive assessment;*physical activity;*physiotherapy;processing speed;stroke patient;*stroke rehabilitation;*transient ischemic attack/rh [Rehabilitation];*walking;Motor Activity;Ischemic Attack, Transient;Cognition;Exercise",,
rayyan-883472361,Effect of Anodal Transcranial Direct Current Stimulation at the Right Dorsolateral Prefrontal Cortex on the Cognitive Function in Patients With Mild Cognitive Impairment: A Randomized Double-Blind Controlled Trial,2020,,,Archives of Physical Medicine & Rehabilitation,0003-9993,101,8,1279-1287,"Stonsaovapak, Chernkhuan and Hemrungroj, Solaphat and Terachinda, Pim and Piravej, Krisna",https://search.ebscohost.com/login.aspx?direct=true&db=rzh&AN=144727215&site=ehost-live,,,,"To study the effect of anodal transcranial direct stimulation (atDCS) of the right dorsolateral prefrontal cortex (DLPFC) on cognitive function and side effects in patients with mild cognitive impairment. Experimental double-blind randomized, sham-controlled trial. Department of Rehabilitation Medicine, King Chulalongkorn Memorial Hospital Volunteers (N=45) with mild cognitive impairment. Not applicable. The atDCS group (n=23) were stimulated at 2 mA for 20 minutes with the anode on the right DLPFC and the cathode on the left supraorbital area. The control group (n=22) received placebo stimulation. Baseline cognitive function was assessed using the Cambridge Neuropsychological Test Automated Battery test. Participants were treated 3 times per week for 4 weeks (12 sessions). Cognitive function and side effects were assessed immediately after the first stimulation, the last session, and 4 weeks after treatment. Cambridge Neuropsychological Test Automated Battery results revealed a significant improvement in the accuracy of the visual sustained attention (VSA) in the atDCS group at all 3 time points, the spatial working memory and visual memory (VM) immediately after the first stimulation, and a decreased VM reaction time after 12 sessions. A long-lasting effect on VSA and VM were found 4 weeks after treatment. Anodal tDCS over the right DLPFC enhanced the VSA, spatial working memory, and VM accuracy after the first stimulation and reduced the reaction time of VM after 12 sessions. A long-lasting effect on VSA and VM was found 4 weeks after treatment. This study corroborated atDCS as a safe technique to improve cognitive function. (CINAHL 21/09/2022) 3262","RAYYAN-INCLUSION: {""Jane""=>""Included"", ""Frank""=>""Included"", ""Jiayi""=>""Included"", ""Aina""=>""Included"", ""Zhixin""=>""Included""}",10.1016/j.apmr.2020.03.023,Transcranial Direct Current Stimulation;Methods;Cognition;Evaluation;Mild Cognitive Impairment;Treatment Outcomes;Dorsolateral Prefrontal Cortex;Physiology;Human;Randomized Controlled Trials;Random Assignment;Pretest-Posttest Design;Double-Blind Studies;Neuropsychological Tests;Spatial Perception;Memory;Visual Perception;Reaction Time;Thailand;Descriptive Statistics;Data Analysis Software;Analysis of Covariance;Post Hoc Analysis;T-Tests;Chi Square Test;Comparative Studies;Female;Male;Aged;Prefrontal Cortex,,
rayyan-883472362,Application of rehabilitation therapy in elderly patients with alzheimer's disease,2020,,,Indian Journal of Pharmaceutical Sciences,0250-474X 1998-3743,82,,115-121,"Sun, T. and Yang, L. and Zhang, Y. and Zhang, X. and Hu, Y. and Wang, W. and She, Y. and Hou, J.",https://www.ijpsonline.com/articles/application-of-rehabilitation-therapy-in-elderly-patientswith-alzheimers-disease.pdf http://ovidsp.ovid.com/ovidweb.cgi?T=JS&PAGE=reference&D=emed21&NEWS=N&AN=2011716542,English,,,"In order to study the application of rehabilitation therapy in elderly patients with Alzheimer' s disease, 80 elderly patients with Alzheimer' s disease are selected as the research object. The patients are aged 65-85 years with an average age of 74.2 years old. The patients are randomly divided into two groups, 40 in each group. One group is treated by scraping, and the other group is treated by oral donepezil hydrochloride tablets. MMSE and ADL scores before and after treatment are used to determine the degree of rehabilitation. It is found that the two groups of treatment methods are effective, and curettage therapy and oral western medicine have no significant difference in the efficacy. The MMSE scores of patients are improved, and the ADL scores are decreased, which indicates that curettage without injury can be used instead of oral western medicine which has side effects on human body. Curettage therapy is a long-term effective rehabilitation treatment for patients, which can slow down the process of Alzheimer' s disease and reduce the burden of patients and their families.Copyright © 2020 Indian Pharmaceutical Association. All rights reserved. (Embase Ovid 21/09/2022) 1279","RAYYAN-INCLUSION: {""Jane""=>""Included"", ""Frank""=>""Included"", ""Jiayi""=>""Included"", ""Aina""=>""Included"", ""Zhixin""=>""Included""}",https://dx.doi.org/10.36468/pharmaceutical-sciences.spl.135,abstract thinking;aged;*Alzheimer disease/rh [Rehabilitation];amnesia;article;bedtime dosage;biopsy technique;computer assisted tomography;controlled study;curettage;daily life activity;disease severity;female;*geriatric patient;human;major clinical study;male;memory disorder;Mini Mental State Examination;nuclear magnetic resonance imaging;questionnaire;sphincter;western medicine;donepezil/po [Oral Drug Administration];donepezil/pv [Special Situation for Pharmacovigilance];scraping therapy;Alzheimer Disease,,
rayyan-883472363,Clinical Experience in Treatment of Alzheimer's Disease with Jiannao Yizhi Formula () and Routine Western Medicine,2020,3,,Chinese Journal of Integrative Medicine,1672-0415,26,3,212-218,"Wang, H. C. and Liu, N. Y. and Zhang, S. and Yang, Y. and Wang, Z. Y. and Wei, Y. and Liu, J. G. and Pei, H. and Li, H.",https://ovidsp.ovid.com/ovidweb.cgi?T=JS&CSC=Y&NEWS=N&PAGE=fulltext&D=med17&AN=32180150http://pmt-eu.hosted.exlibrisgroup.com/openurl/44LSE/44LSE_services_page?sid=OVID:medline&id=pmid:32180150&id=doi:10.1007%2Fs11655-019-2718-2&issn=1672-0415&isbn=&volume=26&issue=3&spage=212&pages=212-218&date=2020&title=Chinese+Journal+of+Integrative+Medicine&atitle=Clinical+Experience+in+Treatment+of+Alzheimer%27s+Disease+with+Jiannao+Yizhi+Formula+%28%29+and+Routine+Western+Medicine.&aulast=Wang,,,,"OBJECTIVE: To investigate the long-term therapeutic effects of the Chinese medicine Jiannao Yizhi Formula (, JYF) in the treatment of Alzheimer's disease (AD). METHODS: Sixty mild-to-moderate AD participants were recruited and randomly allocated to the treatment (30 with JYF) and the control groups (30 with donepezil) for 6 months with the random numbers. The primary outcomes were scores of Alzheimer's Disease Rating Scale-Cognitive (ADAS-Cog) and Chinese Medicine Symptom Scale (CM-SS). The secondary outcomes were scores of Mini Mental State Examination (MMSE), Montreal Cognitive Assessment (MoCA), and Activities of Daily Living (ADL). Safety assessments were conducted at baseline and the 6th month of treatment. Serum levels of acetylcholine (Ach), amyloid-beta protein 42 (Abeta42), and the microtubule-associated protein tau (Tau) were also determined by enzyme-liked immunosorbent assay. RESULTS: Fifty-one participants were included in the final analyses (JYF n=27; donepezil n=24). Compared with baseline, both JYF and donepezil increased the MoCA and MMSE scores and decreased the ADAS-Cog and CM-SS scores (P<0.05 or P<0.01). Both drugs increased the serum levels of Ach and decreased the serum levels of Abeta42 and Tau (all P<0.05). There was no significant difference in these variables between the two groups, which showed that JYF was not inferior to donepezil. No obviously significant changes were observed in the ADL. No severe adverse events were observed in both groups. CONCLUSION: The effect and safety of JYF for the treatment of AD were not inferior to those of donepezil. (Medline Ovid 21/09/2022) 175","RAYYAN-INCLUSION: {""Jane""=>""Included"", ""Frank""=>""Included"", ""Jiayi""=>""Included"", ""Aina""=>""Included"", ""Zhixin""=>""Included""}",https://dx.doi.org/10.1007/s11655-019-2718-2,"Aged;Aged, 80 and over;Alpinia;*Alzheimer Disease/dt [Drug Therapy];Attention/de [Drug Effects];Biomarkers/bl [Blood];Cholinesterase Inhibitors/tu [Therapeutic Use];Cognition/de [Drug Effects];*Donepezil/tu [Therapeutic Use];*Drugs, Chinese Herbal/tu [Therapeutic Use];Executive Function/de [Drug Effects];Female;Humans;Male;*Medicine, Chinese Traditional;Memory/de [Drug Effects];Middle Aged;Plant Extracts;Surveys and Questionnaires;0 (Alpinia oxyphylla fruit extract);0 (Biomarkers);0 (Cholinesterase Inhibitors);0 (Drugs, Chinese Herbal);0 (Plant Extracts);8SSC91326P (Donepezil);Alzheimer Disease",,
rayyan-883472364,"Effect of electroacupuncture at governor vessel on learning-memory ability and serum level of APP, Abeta1-42 in patients with Alzheimer's disease",2020,4,12,Zhongguo Zhenjiu,0255-2930,40,4,375-378,"Xia, K. P. and Pang, J. and Li, S. L. and Zhang, M. and Li, H. L. and Wang, Y. J.",https://ovidsp.ovid.com/ovidweb.cgi?T=JS&CSC=Y&NEWS=N&PAGE=fulltext&D=med17&AN=32275365http://pmt-eu.hosted.exlibrisgroup.com/openurl/44LSE/44LSE_services_page?sid=OVID:medline&id=pmid:32275365&id=doi:10.13703%2Fj.0255-2930.20190728-0003&issn=0255-2930&isbn=&volume=40&issue=4&spage=375&pages=375-8&date=2020&title=Zhongguo+Zhenjiu&atitle=%5BEffect+of+electroacupuncture+at+governor+vessel+on+learning-memory+ability+and+serum+level+of+APP%2C+Abeta1-42+in+patients+with+Alzheimer%27s+disease%5D.&aulast=Xia,,,,"OBJECTIVE: To compare the therapeutic effect of electroacupuncture (EA) combined with donepezil hydrochloride and donepezil hydrochloride alone on improving learning-memory ability in patients with Alzheimer's disease (AD), and to explore its action mechanism. METHODS: Sixty patients of AD were randomly divided into an observation group and a control group, 30 cases in each group. The patients in the observation group were treated with EA at governor vessel (GV) combined with donepezil hydrochloride. EA was applied at Baihui (GV 20) and Fengfu (GV 16) with dilatational wave (10 Hz/50 Hz of frequency, 0.5 to 5.0 mA of intensity), and the needles were kept for 40 min, EA was given once a day; the donepezil hydrochloride tablet was taken orally, 5 mg, once a day, and after 4 weeks the dosage might be increased to 10 mg per day according to the specific situation. All the treatment was given for 8 weeks. The patients in the control group were only treated with donepezil hydrochloride with the identical procedure as the observation group. The Montreal cognitive assessment (MoCA) and Alzheimer's disease assessment scale cognitive part (ADAS-Cog) were evaluated before and after treatment; P300 (latency and amplitude of N2 and P3) was detected by EEG/ERP system brain event related potential instrument, and amyloid precursor protein (APP) and beta-amyloid protein 1-42 (Abeta1-42) were detected by ELISA. RESULTS: Compared before treatment, the MoCA scores were increased after treatment in the two groups (P<0.05), and the MoCA score in the observation group was higher than that in the control group (P<0.05). Compared before treatment, the ADAS-Cog scores were decreased after treatment in the two groups (P<0.05), and the ADAS-Cog score in the observation group was lower than that in the control group (P<0.05). Compared before treatment, the latency of N2 and P3 was shortened and the amplitude was increased after treatment in the two groups (P<0.05); after treatment, the latency of N2 and P3 in the observation group was shorter than that in the control group and the amplitude was higher than that in the control group (P<0.05). Compared before treatment, the serum levels of APP and Abeta1-42 were lower after treatment in the two groups (P<0.05), and the serum levels of APP and Abeta1-42 in the observation group were lower than those in the control group (P<0.05). CONCLUSION: EA at Baihui (GV 20) and Fengfu (GV 6) combined with donepezil hydrochloride can effectively reduce the serum levels of APP and Abeta1-42 and improve the scores of MoCA and ADAS-Cog and the levels of N2 and P3 of P300 in AD patients, which has superior effect to donepezil hydrochloride alone in improving the learning-memory of AD patients. (Medline Ovid 21/09/2022) 369","RAYYAN-INCLUSION: {""Andra""=>""Excluded"", ""Huseyin""=>""Excluded"", ""Jane""=>""Included"", ""Frank""=>""Included"", ""Jiayi""=>""Included"", ""Aina""=>""Included"", ""Zhixin""=>""Included""} | RAYYAN-EXCLUSION-REASONS: foreign language",https://dx.doi.org/10.13703/j.0255-2930.20190728-0003,Alzheimer Disease/bl [Blood];*Alzheimer Disease/th [Therapy];*Amyloid beta-Peptides/bl [Blood];*Amyloid beta-Protein Precursor/bl [Blood];Cognition;Donepezil/tu [Therapeutic Use];*Electroacupuncture;Humans;*Learning;*Memory;*Peptide Fragments/bl [Blood];0 (Amyloid beta-Peptides);0 (Amyloid beta-Protein Precursor);0 (Peptide Fragments);0 (amyloid beta-protein (1-42));8SSC91326P (Donepezil);Alzheimer Disease,,
rayyan-883472365,The Effect of Traditional Chinese Mind-Body Exercise (Baduanjin) and Brisk Walking on the Dorsal Attention Network in Older Adults With Mild Cognitive Impairment,2019,,,Frontiers in Psychology,1664-1078,10,,2075,"Xia, R. and Qiu, P. and Lin, H. and Ye, B. and Wan, M. and Li, M. and Tao, J. and Chen, L. and Zheng, G.",https://ovidsp.ovid.com/ovidweb.cgi?T=JS&CSC=Y&NEWS=N&PAGE=fulltext&D=pmnm4&AN=31551895http://pmt-eu.hosted.exlibrisgroup.com/openurl/44LSE/44LSE_services_page?sid=OVID:medline&id=pmid:31551895&id=doi:10.3389%2Ffpsyg.2019.02075&issn=1664-1078&isbn=&volume=10&issue=&spage=2075&pages=2075&date=2019&title=Frontiers+in+Psychology&atitle=The+Effect+of+Traditional+Chinese+Mind-Body+Exercise+%28Baduanjin%29+and+Brisk+Walking+on+the+Dorsal+Attention+Network+in+Older+Adults+With+Mild+Cognitive+Impairment.&aulast=Xia,,,,"A growing number of studies have shown that mind-body exercise is beneficial to cognitive function, especially memory, in elderly MCI patients. However, few studies have explored the effect of mind-body exercise on the attention of MCI population. We recruited 69 participants and divided them equally into Baduanjin, brisk walking (BWK) exercise or usual physical activity (UAP) control groups. The two exercise groups performed 60 min of exercise three times per week for 24 weeks. All subjects underwent whole-brain functional MRI and assessment of attentional abilities, including selective, divided, and sustained attention, and processing speed at baseline and after 24 weeks. The results show that: Baduanjin exercise significantly increased the selective attention of MCI patients, and Dorsal attention network (DAN) of Baduanjin exercise group exhibited functional connectivity decreased in right rolandic operculum (ROL. R), right middle temporal gyrus (MTG. R), right supramarginal inferior parietal, angular gyri (IPL. R), right precuneus (PCUN. R), and right fusiform gyrus (FFG. R) regions compared with the other two groups. The BWK exercise group had obviously functional connectivity increased in IPL. R and decreased in the MTG. R region compared to that in the UAP group. But no significant association between the changes of functional connectivity of DAN and the change of attentional ability test was observed. Thus, our data indicated Baduanjin exercise may be a potential beneficial intervention to improve the attention of the elderly with MCI. Further study with more samples is necessary to elucidate its imaging mechanism. (Medline Ovid 21/09/2022) 392","RAYYAN-INCLUSION: {""Huseyin""=>""Excluded"", ""Jane""=>""Included"", ""Frank""=>""Included"", ""Jiayi""=>""Included"", ""Aina""=>""Included"", ""Zhixin""=>""Included""} | RAYYAN-EXCLUSION-REASONS: Study design (not randomised)",https://dx.doi.org/10.3389/fpsyg.2019.02075,Exercise,,
rayyan-883472366,Efficacy and safety of MAO-B inhibitor versus donepezil in Chinese elderly stroke patients with Alzheimer disease: A potential therapeutic option,2020,5,,Pakistan Journal of Pharmaceutical Sciences,1011-601X,33,3,1349-1354,"Yang, H. and Han, W. and Li, H.",https://ovidsp.ovid.com/ovidweb.cgi?T=JS&CSC=Y&NEWS=N&PAGE=fulltext&D=med18&AN=33361021http://pmt-eu.hosted.exlibrisgroup.com/openurl/44LSE/44LSE_services_page?sid=OVID:medline&id=pmid:33361021&id=doi:&issn=1011-601X&isbn=&volume=33&issue=3&spage=1349&pages=1349-1354&date=2020&title=Pakistan+Journal+of+Pharmaceutical+Sciences&atitle=Efficacy+and+safety+of+MAO-B+inhibitor+versus+donepezil+in+Chinese+elderly+stroke+patients+with+Alzheimer+disease%3A+A+potential+therapeutic+option.&aulast=Yang,,,,"This pilot study designed to evaluate the efficacy and safety of MAO-B inhibitor in comparison with Donepezil (DNP) in elderly Chinese patients with Alzheimer disease (AD). In the present clinical trial, Chinese elderly patients aged >=65 years with a confirmed diagnosis of AD were enrolled. The patients received MAO-B inhibitor (Selegiline 5 mg) or DNP 10 mg daily (reference) for 6 months. The efficacy and safety data were collected from 120 patients (60 patients in each group) every 3 weeks until 6 months. The primary endpoints were to assess the change in cognitive score from baseline in both the treatment group. The result of the present study showed that the patients treated with MAO-B inhibitor and DNP have similar efficacy and safety profile Considering the clinical benefit, mean (SD) improvement in sign and symptoms was numerically greater in DNP-treated patients as compared to MAO-B inhibitor at endpoint visit (SIB: 12.3 (3.7) vs 11.3 (4.2); AD severity: 14.2 (3.5); CIBIS+/CIBIC: 10.2 (2.7) vs 9.4 (3.2); ADCS-ADL: 14.3 (4.2) vs 13.2 (3.4); MMSE: 14.3 (3.7) vs 12.2 (3.2), P>0.05 respectively for each comparison). However, a statistical difference in terms of clinical benefit was similar between both the treatment groups (p>0.05). Overall, both the study drugs were found comparable in relieving the symptoms of AD (severity score after end of treatment: 14.2 vs 13.4 respectively; p >0.05). This indicates that MAO-B inhibitor is a potential target for the treatment of AD in China. The results of the present study may help to design a large clinical trial to evaluate the efficacy and safety of MAO-B inhibitor in comparison with DNP in AD patients. (Medline Ovid 21/09/2022) 489","RAYYAN-INCLUSION: {""Huseyin""=>""Included"", ""Jane""=>""Included"", ""Jiayi""=>""Included"", ""Aina""=>""Included"", ""Zhixin""=>""Included""}",,Age Factors;Aged;Alzheimer Disease/co [Complications];Alzheimer Disease/di [Diagnosis];*Alzheimer Disease/dt [Drug Therapy];Alzheimer Disease/px [Psychology];China;Cholinesterase Inhibitors/ae [Adverse Effects];*Cholinesterase Inhibitors/tu [Therapeutic Use];*Cognition/de [Drug Effects];Donepezil/ae [Adverse Effects];*Donepezil/tu [Therapeutic Use];Female;Humans;Male;Monoamine Oxidase Inhibitors/ae [Adverse Effects];*Monoamine Oxidase Inhibitors/tu [Therapeutic Use];Nootropic Agents/ae [Adverse Effects];*Nootropic Agents/tu [Therapeutic Use];Pilot Projects;Random Allocation;Selegiline/ae [Adverse Effects];*Selegiline/tu [Therapeutic Use];*Stroke/co [Complications];Stroke/di [Diagnosis];Stroke/px [Psychology];Time Factors;Treatment Outcome;0 (Cholinesterase Inhibitors);0 (Monoamine Oxidase Inhibitors);0 (Nootropic Agents);2K1V7GP655 (Selegiline);8SSC91326P (Donepezil);Alzheimer Disease;Monoamine Oxidase,,
rayyan-883472367,"Efficacy of a newly developed auditory–cognitive training system on speech recognition, central auditory processing and cognitive ability among older adults with normal cognition and with neurocognitive impairment",2019,,,Geriatrics & Gerontology International,1444-1586,19,8,768-773,"Yusof, Yusmeera and Mukari, Siti Zamratol‐Mai Sarah and Dzulkifli, Mariam Adawiah and Chellapan, Kalaivani and Ahmad, Kartini and Ishak, Ismarulyusda and Maamor, Nashrah and Ishak, Wan Syafira",https://search.ebscohost.com/login.aspx?direct=true&db=rzh&AN=137967648&site=ehost-live,,,,"Aim: To evaluate the efficacy of a newly developed auditory–cognitive training system on speech recognition, central auditory processing and cognition among older adults with normal cognition (NC) and with neurocognitive impairment (NCI). Methods: A double‐blind quasi‐experiment was carried out on NC (n = 43) and NCI (n = 33) groups. Participants in each group were randomly assigned into treatment and control programs groups. The treatment group underwent auditory–cognitive training, whereas the control group was assigned to watch documentary videos, three times per week, for 8 consecutive weeks. Study outcomes that included Montreal Cognitive Assessment, Malay Hearing in Noise Test, Dichotic Digit Test, Gaps in Noise Test and Pitch Pattern Sequence Test were measured at 4‐week intervals at baseline, and weeks 4, 8 and 12. Results: Mixed design anova showed significant training effects in total Montreal Cognitive Assessment and Dichotic Digit Test in both groups, NC (P < 0.001) and NCI (P < 0.01). The NC group also showed significant training effects in the Malay Hearing in Noise Test (quiet) (P < 0.01), Gaps in Noise Test (P < 0.001) and Pitch Pattern Sequence Test (humming) (P < 0.05). All training effects were sustained up to 4 weeks after the training ended. Conclusions: The present study suggests that the newly developed auditory–cognitive training system has the potential to improve general cognition and some of the auditory processing abilities in both the NC and NCI groups. Because of the short test–retest intervals used in the present study, it is possible that the training effects were influenced by learning effect and, therefore, should be considered cautiously. Geriatr Gerontol Int 2019; 19: 768–773. (CINAHL 21/09/2022) 3464","RAYYAN-INCLUSION: {""Jane""=>""Excluded"", ""Frank""=>""Excluded"", ""Jiayi""=>""Excluded"", ""Aina""=>""Excluded"", ""Zhixin""=>""Excluded""} | RAYYAN-EXCLUSION-REASONS: Study design (not randomised)",10.1111/ggi.13710,"Training Effect (Physiology);Program Development;Speech Perception;Evaluation;Auditory Perception;Cognition;Cognition Disorders;Therapy;Gerontologic Care;Human;Randomized Controlled Trials;Double-Blind Studies;Quasi-Experimental Studies;Random Assignment;Program Evaluation;Scales;Analysis of Variance;Test-Retest Reliability;Middle Age;Aged;Aged, 80 and Over",,
rayyan-883472368,Effects of early intervention training on cognitive impairment in critical patients,2019,3,,Zhonghua Wei Zhong Bing Ji Jiu Yi Xue,2095-4352,31,3,298-302,"Zhao, J. and Yao, L. and Li, M. and Ji, X. and Zhu, X.",https://ovidsp.ovid.com/ovidweb.cgi?T=JS&CSC=Y&NEWS=N&PAGE=fulltext&D=med16&AN=30914089http://pmt-eu.hosted.exlibrisgroup.com/openurl/44LSE/44LSE_services_page?sid=OVID:medline&id=pmid:30914089&id=doi:10.3760%2Fcma.j.issn.2095-4352.2019.03.008&issn=2095-4352&isbn=&volume=31&issue=3&spage=298&pages=298-302&date=2019&title=Zhonghua+Wei+Zhong+Bing+Ji+Jiu+Yi+Xue&atitle=%5BEffects+of+early+intervention+training+on+cognitive+impairment+in+critical+patients%5D.&aulast=Zhao,,,,"OBJECTIVE: To investigate the characteristics of cognitive impairment in critical patients, and to explore the role of early cognitive intervention training in improving cognitive impairment in critical patients. METHODS: A prospective cohort study was conducted. 133 patients in conscious and normal intelligence admitted to intensive care unit (ICU) of Hefei Second People's Hospital from January 2015 to June 2018 were enrolled. The patients were divided into control group (n = 66) and cognitive intervention group (n = 67) according to random number table based on chronological number for entry into the study. Cognitive function was assessed by Montreal cognitive assessment scale (MoCA scale) within 24 hours after ICU admission. The patients in the cognitive intervention group received a series of scientifically designed cognitive training sessions (playing electronic musical keyboard, learning simple Spanish, clock-drawing, psychological intervention) for 2 months, and follow-up was completed if the patient was discharged from ICU. While the patients in the control group did not undertake any cognitive training. After 2 months, the cognitive function of patients in both groups were assessed with MoCA scale. Subgroup analysis was conducted according to different age groups (20-40 years old, 41-60 years old, 61-80 years old) to explore the effect of cognitive intervention training in different age groups. According to the subjective evaluation of the patient's ability to live 2 months after cognitive intervention by the patient or his relatives, receiver operating characteristic (ROC) curve was plotted to evaluate the predictive value of the total score of MoCA for patients' ability to live after cognitive intervention. RESULTS: 133 critical patients were enrolled in the final analysis. There was no significant difference in gender, age, education, complications, ICU hospitalization, sedative or analgesic drug usage between the two groups, indicating that the data of the two groups were balanced and comparable. No significant difference in MoCA scale total score or sub-item cognitive domain score within 24 hours of ICU admission was found between the two groups. After 2 months of intervention, the incidence of cognitive impairment in the cognitive intervention group was significantly lower than that in the control group [38.8% (26/67) vs. 60.6% (40/66), chi2 = 6.321, P = 0.015]. The total score of MoCA scale and four sub-item cognitive domain scores including visual space and execution power, protection of memory, attention execution, and orientation in the cognitive intervention group were significant higher than those in the control group (MoCA scale total score: 26.73+/-1.92 vs. 24.95+/-2.26, visual space and executive power score: 4.39+/-0.70 vs. 3.95+/-0.88, protection of memory score: 8.91+/-1.03 vs. 8.24+/-1.37, attention execution score: 5.21+/-0.77 vs. 4.79+/-1.00, orientation score: 5.67+/-0.53 vs. 5.44+/-0.68, all P < 0.05), but no significant difference was found in verbal skills score (2.55+/-0.56 vs. 2.53+/-0.56, P > 0.05). Subgroup analysis showed that the total MoCA scale score of the younger sample (20-40 years old, n = 20) was recovered by 2.10+/-1.55 in the cognitive intervention group after 2 months of cognitive intervention, which was significantly higher than that in the control group (n = 21; 0.24+/-2.76, P < 0.05). In the middle-aged and the older population [aged 41-60 years old (n = 20) and 61-80 years old (n = 27)], the total MoCA scale scores were recovered slightly after cognitive intervention as compared with those in the younger sample (0.43+/-1.47, -1.91+/-2.20 vs. 2.10+/-1.55, both P < 0.05), which were significantly lower than those in the control group [aged 41-60 years old (n = 21) and 61-80 years old (n = 24), -0.78+/-1.38, -4.41+/-2.17, both P < 0.01]. It was suggested that cognitive intervention training played an active role in the recovery of cognitive function in young critical patients. It was shown by ROC curve analysis that the area under ROC curve (AUC) of MoCA scale total s ore for predicting daily life ability after cognitive intervention was 0.732 with 95% confidence interval (95%CI) of 0.646-0.819. When the best cut-off value was 24.5, the sensitivity was 89.3%, the specificity was 60.2%, the positive predictive value was 85.7%, and the negative predictive value was 80.8%. CONCLUSIONS: Early cognitive intervention could efficiently abate the deterioration of cognitive function in critical patients in ICU and had significant effects on the visual space and executive power, protection of memory, attention execution and orientation. Cognitive intervention exerted significantly positive effects on the recovery of cognitive function in the younger sample population (aged 20-40 years old). (Medline Ovid 21/09/2022) 442","RAYYAN-INCLUSION: {""Jane""=>""Excluded"", ""Frank""=>""Excluded"", ""Jiayi""=>""Excluded"", ""Aina""=>""Excluded"", ""Zhixin""=>""Excluded""} | RAYYAN-EXCLUSION-REASONS: Population (not people with dementia or mild cognitive impairment or their carers)",https://dx.doi.org/10.3760/cma.j.issn.2095-4352.2019.03.008,"Adult;Aged;Aged, 80 and over;*Cognitive Behavioral Therapy;*Cognitive Dysfunction/pc [Prevention & Control];*Critical Care;Female;Humans;Male;Middle Aged;Prospective Studies;Treatment Outcome;Young Adult",,
rayyan-883472369,Discovery of a New Donepezil-like Acetylcholinesterase Inhibitor for Targeting Alzheimer's Disease: Computational Studies with Biological Validation,2020,10,10,Journal of Chemical Information & Modeling,1549-960X,60,10,4717-4729,"Akhoon, B. A. and Choudhary, S. and Tiwari, H. and Kumar, A. and Barik, M. R. and Rathor, L. and ey, R. and Nargotra, A.",https://ovidsp.ovid.com/ovidweb.cgi?T=JS&CSC=Y&NEWS=N&PAGE=fulltext&D=med18&AN=32955256http://pmt-eu.hosted.exlibrisgroup.com/openurl/44LSE/44LSE_services_page?sid=OVID:medline&id=pmid:32955256&id=doi:10.1021%2Facs.jcim.0c00496&issn=1549-9596&isbn=&volume=60&issue=10&spage=4717&pages=4717-4729&date=2020&title=Journal+of+Chemical+Information+%26+Modeling&atitle=Discovery+of+a+New+Donepezil-like+Acetylcholinesterase+Inhibitor+for+Targeting+Alzheimer%27s+Disease%3A+Computational+Studies+with+Biological+Validation.&aulast=Akhoon,,,,"Alzheimer's disorder is one of the most common worldwide health problems, and its prevalence continues to increase, thereby straining the healthcare budgets of both developed and developing countries. So far, donepezil is the only Food and Drug Administration-approved dual-binding site inhibitor of acetylcholinesterase (AChE) that can amplify the cholinergic activity and also decrease Abeta aggregation in Alzheimer patients. We report herein a new donepezil-like natural compound derivative (D1) as a convincing AChE inhibitor. The in silico studies suggests that D1 exhibits a dual-binding mode of action and interacts with both the catalytic anionic site and peripheral anionic site (PAS) of human AChE. The biological studies confirm the dual-binding site character of D1 and revealed that D1 not only enhances the acetylcholine levels but also reduces the accumulation of Abeta plaques in Caenorhabditis elegans. In fact, 5 muM D1 was seen more potent in elevating the acetylcholine expression than 25 muM donepezil. While most of the non-cholinergic functions of donepezil, associated with the PAS of AChE, were gradually lost at higher concentrations, D1 was more functional at similar doses. Promisingly, D1 also exerted an agonistic effect on the alpha7 nicotinic acetylcholine receptor. (Medline Ovid 21/09/2022) 319","RAYYAN-INCLUSION: {""Baidi""=>""Excluded"", ""Autumn""=>""Excluded"", ""Ayachi""=>""Excluded"", ""Jaya""=>""Excluded""} | RAYYAN-EXCLUSION-REASONS: Study design (not randomised)",https://dx.doi.org/10.1021/acs.jcim.0c00496,Acetylcholinesterase/me [Metabolism];Alzheimer Disease/dt [Drug Therapy];*Alzheimer Disease;Binding Sites;Cholinesterase Inhibitors/pd [Pharmacology];Cholinesterase Inhibitors/tu [Therapeutic Use];*Cholinesterase Inhibitors;Donepezil;Humans;0 (Cholinesterase Inhibitors);8SSC91326P (Donepezil);Alzheimer Disease;Cholinesterase Inhibitors,,
rayyan-883472370,"Tongluojiunao, a traditional Chinese medication with neuroprotective ability: A review of the cellular, molecular and physiological mediators of TLJN's effectiveness",2019,3,,Biomedicine & Pharmacotherapy,1950-6007,111,,485-495,"Bibak, B. and Teymouri, M. and Mohammadi, A. and Haghbin, A. and Pan, Y. and Kasaian, J. and Alesheikh, P.",https://ovidsp.ovid.com/ovidweb.cgi?T=JS&CSC=Y&NEWS=N&PAGE=fulltext&D=med16&AN=30594788http://pmt-eu.hosted.exlibrisgroup.com/openurl/44LSE/44LSE_services_page?sid=OVID:medline&id=pmid:30594788&id=doi:10.1016%2Fj.biopha.2018.12.082&issn=0753-3322&isbn=&volume=111&issue=&spage=485&pages=485-495&date=2019&title=Biomedicine+%26+Pharmacotherapy&atitle=Tongluojiunao%2C+a+traditional+Chinese+medication+with+neuroprotective+ability%3A+A+review+of+the+cellular%2C+molecular+and+physiological+mediators+of+TLJN%27s+effectiveness.&aulast=Bibak,,,,"The pressing need to discover more effective drugs for various CNS disorders has resurrected the idea of investigating the effectiveness of traditional medicines in modern science. Tongluojiunao (TLJN) is an example of revived modern herbal preparation based on traditional Chinese medicine (TCM) with a long history of administration for various types of cerebrovascular injuries and neurodegenerative diseases. TLJN is prepared from the herbal roots of Panax notoginseng (Sanchi) and dried fruits of Gardenia jasminoides (Cape Jasmine), and so far, it has demonstrated promising results in patients with vascular dementia and cerebral ischemic stroke. TLJN has also demonstrated therapeutic ability regarding the slowly-progressed neurodegenerative diseases like Alzheimer's disease. So it tempted us to undertake a thorough review of various features of TLJN therapeutic effects on the mentioned CNS conditions, including the cellular and molecular targets, inflammatory responses, neurogenesis and angiogenesis mediators and cognitive function. For this purpose, multiple global and local databases, including China National Knowledge Infrastructure (CNKI) were checked out and the retrieved information was grouped according to their scope of studies. Among these, TLJN is reported to restore the deregulated cell-cell communication in the neurovascular unit, prevent the stress-related challenges imposed by ischemia/reperfusion insult, help with the cerebral tissue recovery after traumatic brain damage, avoid the epileptic seizure attack and limit the progression of Alzheimer's disease. We hope that the current review provides new insights into TLJN medication as a prospective neuroprotective medication for further more in-depth investigation in the future. Copyright © 2018 Elsevier Masson SAS. All rights reserved. (Medline Ovid 21/09/2022) 1075","RAYYAN-INCLUSION: {""Baidi""=>""Excluded"", ""Autumn""=>""Excluded"", ""Ayachi""=>""Excluded"", ""Jaya""=>""Excluded""} | RAYYAN-EXCLUSION-REASONS: Study design (not randomised)",https://dx.doi.org/10.1016/j.biopha.2018.12.082,"Animals;Brain/de [Drug Effects];Brain/pa [Pathology];Brain/ph [Physiology];Drugs, Chinese Herbal/ch [Chemistry];Drugs, Chinese Herbal/pd [Pharmacology];*Drugs, Chinese Herbal/tu [Therapeutic Use];Gardenia;Humans;*Medicine, Chinese Traditional/mt [Methods];Medicine, Chinese Traditional/td [Trends];*Neurodegenerative Diseases/dt [Drug Therapy];Neurodegenerative Diseases/pa [Pathology];Neurons/de [Drug Effects];Neurons/pa [Pathology];Neurons/ph [Physiology];Neuroprotective Agents/ch [Chemistry];Neuroprotective Agents/pd [Pharmacology];*Neuroprotective Agents/tu [Therapeutic Use];Panax notoginseng;Plant Extracts/ch [Chemistry];Plant Extracts/pd [Pharmacology];*Plant Extracts/tu [Therapeutic Use];Treatment Outcome;0 (Drugs, Chinese Herbal);0 (Neuroprotective Agents);0 (Plant Extracts);0 (tongluo jiunao);Neuroprotective Agents",,
rayyan-883472371,Tongdu Tiaoshen acupuncture method for mild cognitive impairment: a randomized controlled trial,2019,11,12,Zhongguo Zhenjiu,0255-2930,39,11,1141-1145,"Chen, Y. Q. and Wu, H. G. and Yin, P. and Xu, J. and Huang, E. T. and Xu, S. F.",https://ovidsp.ovid.com/ovidweb.cgi?T=JS&CSC=Y&NEWS=N&PAGE=fulltext&D=med16&AN=31724346http://pmt-eu.hosted.exlibrisgroup.com/openurl/44LSE/44LSE_services_page?sid=OVID:medline&id=pmid:31724346&id=doi:10.13703%2Fj.0255-2930.2019.11.001&issn=0255-2930&isbn=&volume=39&issue=11&spage=1141&pages=1141-5&date=2019&title=Zhongguo+Zhenjiu&atitle=%5BTongdu+Tiaoshen+acupuncture+method+for+mild+cognitive+impairment%3A+a+randomized+controlled+trial%5D.&aulast=Chen,,,,"OBJECTIVE: To observe the clinical efficacy of Tongdu Tiaoshen acupuncture method for mild cognitive impairment in the elderly. METHODS: A total of 96 patients were randomly divided into an observation group, a control group and a waiting group, 32 cases in each group. The patients in the observation group were treated with acupuncture at Baihui (GV 20), Shenting (GV 24), Yintang (GV 29) and Sishencong (EX-HN 1), etc, while the patients in the control group were treated with non-penetrating sham acupuncture at the same acupoints as the observation group. The treatment was given once every other day, three times a week for 8 weeks. The patients in the waiting group only received health guidance for 8 weeks. Montreal cognitive assessment scale (MoCA) and mini-mental state examination (MMSE) were used before and after 8-week treatment in all three groups. The observation group and the control group were followed up for 2 months and evaluated with MoCA and MMSE. RESULTS: The MoCA scores in the observation group after treatment and during follow-up were higher than before treatment (P<0.01), but there was no significant difference between follow-up and after treatment (P>0.05). The MoCA scores in the control group after treatment and during follow-up were higher than before treatment (P<0.01, P<0.05), and the MoCA score during follow-up was lower than after treatment (P<0.01). There was no significant difference before and after treatment in the waiting group (P>0.05). The difference before and after treatment in the observation group was higher than the control group and waiting group (P<0.01), while that in the control group was higher than the waiting group (P<0.01). The difference between follow-up and before treatment in the observation group was higher than the control group (P<0.01), and the improving between follow-up and after treatment was superior to the control group (P<0.01). The MMSE scores after treatment and during follow-up were higher than before treatment in the observation group (P<0.01), but there was no significant difference between the follow-up and after treatment (P>0.05). The MMSE scores after treatment and during follow-up were higher than before treatment in the control group (P<0.01), and the MMSE score during follow-up was lower than after treatment (P<0.01). There was no significant difference before and after treatment in the waiting group (P>0.05). The difference before and after treatment the observation group and control group was not significant (P>0.05), and those in the two groups were higher than the waiting group (P<0.01). The difference between follow-up and before treatment in the observation group was higher than the control group (P<0.01), and the difference between follow-up and after treatment was lower than the control group (P<0.01). CONCLUSION: Tongdu Tiaoshen acupuncture method could improve cognitive impairment in elderly patients with mild cognitive impairment. (Medline Ovid 21/09/2022) 1074","RAYYAN-INCLUSION: {""Frank""=>""Included"", ""Baidi""=>""Included"", ""Autumn""=>""Included"", ""Ayachi""=>""Included"", ""Jaya""=>""Included""} | RAYYAN-LABELS: foreign language | USER-NOTES: {""Jaya""=>[""cannot read; to ask Baidi""]}",https://dx.doi.org/10.13703/j.0255-2930.2019.11.001,Acupuncture Points;*Acupuncture Therapy;Aged;Cognitive Dysfunction/th [Therapy];*Cognitive Dysfunction;Female;Humans;Male;Mental Status and Dementia Tests;Treatment Outcome;Cognition;Acupuncture,,
rayyan-883472372,Effects of the online computerized cognitive training program BEYNEX on the cognitive tests of individuals with subjective cognitive impairment and Alzheimer's disease on rivastigmine therapy,2020,10,2,Turkish Journal of Medical Sciences,1303-6165,50,1,231-238,"Cinar, N. and Sahiner, T. A. H.",https://ovidsp.ovid.com/ovidweb.cgi?T=JS&CSC=Y&NEWS=N&PAGE=fulltext&D=med17&AN=31887854http://pmt-eu.hosted.exlibrisgroup.com/openurl/44LSE/44LSE_services_page?sid=OVID:medline&id=pmid:31887854&id=doi:10.3906%2Fsag-1905-244&issn=1300-0144&isbn=&volume=50&issue=1&spage=231&pages=231-238&date=2020&title=Turkish+Journal+of+Medical+Sciences&atitle=Effects+of+the+online+computerized+cognitive+training+program+BEYNEX+on+the+cognitive+tests+of+individuals+with+subjective+cognitive+impairment+and+Alzheimer%27s+disease+on+rivastigmine+therapy.&aulast=Cinar,,,,"Background/aim: Clinical trials conducted on the efficacy of computerized cognitive training (CCT) programs have not led to any important breakthroughs. CCT is a safe and inexpensive approach, but its efficacy in patients on rivastigmine therapy has not been evaluated. This study aims to compare effects of CCT and examines rivastigmine to determine whether CCT has any further contributions to make. Materials and methods: Sixty individuals with subjective memory complaint (SCI) and 60 individuals with early stage Alzheimer's dementia (AD) were subjected to the Montreal Cognitive Assessment (MoCA), Cambridge Cognition (CANTAB tests: MOT, PRM, DMS, SWM, PAL, RTI), and Bayer-ADL. After screening patients who were diagnosed with AD, we started rivastigmine patch treatment (10 cm2 = 9.5 mg). The SCI and AD groups were randomly divided, and one each of the SCI and AD groups were accessed using BEYNEX, a web-based program. After a minimum of at least 1200 min of use, the diagnostic tests were repeated. Results: The AD groups' MoCA scores of the BEYNEX-practicing group demonstrated meaningfully increase, whereas they decreased in the control group, and the Bayer-ADL scores indicated improvement in ADL. The CANTAB tests both in SCI and AD and in groups using BEYNEX showed positive improvement in MOT, DMS, and PAL data. Conclusion: This study is a rare example that focuses on both groups with SCI and AD. The efficacy of CCT varies across cognitive domains and shows significant efficacy for AD but small improvements in cognitively healthy older adults. In future studies, integration with a smart learning algorithm may lead to interesting observations on which parameters are more sensitive to change under long-term use of CCT in a large number of subjects. Copyright This work is licensed under a Creative Commons Attribution 4.0 International License. (Medline Ovid 21/09/2022) 474","RAYYAN-INCLUSION: {""Baidi""=>""Included"", ""Autumn""=>""Included"", ""Ayachi""=>""Included"", ""Jaya""=>""Included""}",https://dx.doi.org/10.3906/sag-1905-244,"Aged;Aged, 80 and over;Alzheimer Disease/dt [Drug Therapy];Alzheimer Disease/px [Psychology];*Alzheimer Disease/rh [Rehabilitation];*Cognition;Cognitive Dysfunction/px [Psychology];*Cognitive Dysfunction/rh [Rehabilitation];Female;Humans;Male;Middle Aged;*Rivastigmine/tu [Therapeutic Use];*Therapy, Computer-Assisted/mt [Methods];PKI06M3IW0 (Rivastigmine);Alzheimer Disease;Cognition",,
rayyan-883472373,Chinese Herbal Medicine for Mild Cognitive Impairment Using Montreal Cognitive Assessment: A Systematic Review,2019,6,,Journal of Alternative & Complementary Medicine,1557-7708,25,6,578-592,"Dong, L. and Hyde, A. J. and Zhang, A. L. and Xue, C. C. and May, B. H.",https://ovidsp.ovid.com/ovidweb.cgi?T=JS&CSC=Y&NEWS=N&PAGE=fulltext&D=med16&AN=30920303http://pmt-eu.hosted.exlibrisgroup.com/openurl/44LSE/44LSE_services_page?sid=OVID:medline&id=pmid:30920303&id=doi:10.1089%2Facm.2018.0346&issn=1075-5535&isbn=&volume=25&issue=6&spage=578&pages=578-592&date=2019&title=Journal+of+Alternative+%26+Complementary+Medicine&atitle=Chinese+Herbal+Medicine+for+Mild+Cognitive+Impairment+Using+Montreal+Cognitive+Assessment%3A+A+Systematic+Review.&aulast=Dong,,,,"Background: Mild cognitive impairment (MCI) prevalence is estimated at 6%-12% of the population. It is possible that early treatment at the MCI stage could reduce progression to more severe cognitive impairment. The Montreal Cognitive Assessment (MoCA) is a sensitive measure used to assess changes in cognitive function. Various Chinese herbal medicines (CHMs) have been tested for effects on MCI using MoCA. Objectives: To evaluate the clinical evidence for CHMs on MoCA scores in MCI. Design: Five biomedical databases in English and Chinese language were searched for randomized controlled trials that compared orally administered CHMs with a control group and assessed changes in cognition using MoCA. Analyses were based on the comparison, control intervention, and study duration. Mean differences and 95% confidence intervals were calculated to evaluate treatment effects. For each study, risk of bias was assessed according to the Cochrane tool. Results: Nineteen studies were included with 16 contributing to the data analyses. Three studies were placebo controlled. Nine compared a CHM with a pharmacotherapy, three combined a CHM with a pharmacotherapy, and one combined CHM with cognitive training. In the two placebo-controlled studies of 24-week duration, results favored the CHMs at end of treatment. Conclusions: The systematic review suggests that the oral application of certain CHMs improved scores on MoCA by 1.76-2.34 points compared with placebo in people with MCI after 24 weeks of treatment. However, these two studies used different CHM formulations. Two studies that tested the same CHM formulation, Bu Yang Huan Wu Tang, in combination with donepezil, reported improvement in the integrative groups, but the studies were not blind and the durations were only 8-12 weeks. Overall, methodological weaknesses limited the strength of the evidence. The herbal formulae included ingredients that have received considerable research attention for their effects on memory and cognition. PROSPERO international prospective register of systematic reviews protocol registration number: CRD42018099650. (Medline Ovid 21/09/2022) 157","RAYYAN-INCLUSION: {""Baidi""=>""Excluded"", ""Autumn""=>""Excluded"", ""Ayachi""=>""Excluded"", ""Jaya""=>""Excluded""} | RAYYAN-EXCLUSION-REASONS: Publication type (systematic review and meta-analysis)",https://dx.doi.org/10.1089/acm.2018.0346,"*Cognition/de [Drug Effects];*Cognitive Dysfunction/dt [Drug Therapy];Drugs, Chinese Herbal/pd [Pharmacology];*Drugs, Chinese Herbal/tu [Therapeutic Use];Humans;Mental Status and Dementia Tests;*Phytotherapy;0 (Drugs, Chinese Herbal);0 (bu-yang-huan-wu-tang);Herbal Medicine",,
rayyan-883472374,"Effectiveness of home-based cognitive training program on a cognitive level, the activity of daily living among elderly persons with mild cognitive impairment in selected community settings of Puducherry",2020,,,International Journal of Research in Pharmaceutical Sciences,0975-7538 (electronic) 0975-7538,11,4,5301-5309,"Govindakumari, R. and Vijayalakshmi and Goothy, S. S. K. and Raghvan, V.",https://pharmascope.org/ijrps/article/download/3149/7086 http://ovidsp.ovid.com/ovidweb.cgi?T=JS&PAGE=reference&D=emed21&NEWS=N&AN=2005179305,English,,,"Aging is a physiological process that leads to both biological and psychological changes. The brain undergoes structural changes as a part of aging. Accord-ing to the investigator's best knowledge and based on the extensive review, no structured study was conducted in India to test the effectiveness of cognitive training program. Hence, the present study was conducted to test the effectiveness of a home-based training program on select outcomes. A total of 314 elderly participants were recruited for the study after obtaining the written informed consent. After recruiting, the participants were randomly grouped into two groups, that is control and intervention groups, with 157 participants in each group. The intervention was administered to the experimental group. The present study results suggest that the home-based cognitive training program is effective in improving cognitive functions and daily life activities. The study recommends further detailed and multi-centered studies in this area to recommend the implementation of the program in the management of the cognitive impairments of the elderly.Copyright © 2020 International Journal of Research in Pharmaceutical Sciences. All rights reserved. (Embase Ovid 21/09/2022) 1460","RAYYAN-INCLUSION: {""Frank""=>""Included"", ""Baidi""=>""Included"", ""Autumn""=>""Included"", ""Ayachi""=>""Included"", ""Jaya""=>""Included""}",https://dx.doi.org/10.26452/ijrps.v11i4.3149,adult;aged;article;caregiver;clinical article;cognition;*cognitive therapy;controlled study;*daily life activity;episodic memory;female;*group therapy;health program;human;male;*mild cognitive impairment/th [Therapy];Mini Mental State Examination;*Puducherry;quality of life;risk factor;task performance;*training;very elderly;visual attention;Cognition,,
rayyan-883472375,A combination of physical movement and multifaceted cognitive training to enhance attention and recall memory in older people with mild neurocognitive disorder in a rural community,2019,,,International Psychogeriatrics,1741-203X,31,,63,"Griffiths, J. and Thaikruea, L. and Wongpakaran, N. and Munkhetvit, P. and Kittisares, A. and Varnado, P.",http://ovidsp.ovid.com/ovidweb.cgi?T=JS&PAGE=reference&D=emed20&NEWS=N&AN=630690655,English,,,"Background: Attention and memory are part of the prominent problems that are usually found in mild neurocognitive disorder (mNCD). A systematic study showed a combination of physical and cognitive intervention is more successful than a single intervention. While there are guidelines for treatment of mNCD, a cultural adapted program might be more suitable. Objective(s): To investigate the effects of a combined physical movement and multifaceted cognitive training program on attention and recall memory in older people diagnosed with mNCD in a rural Thai community Methods: A randomized controlled trial was conducted in older people who were 60-80 years old. Seventy older people who were screened as MCI, by using the Montreal Cognitive Assessment-B, were interviewed, examined, and diagnosed for having mNCD according to DSM-5 by a specialist geriatric psychiatrist or a neurologist. Blocked randomization was used to allocate participants into a treatment group and a control group (n = 35 each). The treatment program included 24 sessions, twice a week. The program was a combination of physical movement using bamboo with music and multifaceted cognitive training. The trail making test-A (TMT-A) was used to evaluate attention and the word list leaning test was used to evaluate immediate and recall memory at baseline and after the treatment program. Result(s): The mean age of both groups was 67 +/- 5 years. The treatment group had a better improvement in both immediate and delayed recall compared to the control group. (p=0.023 and p=0.036 respectively). The mean difference in immediate recall was 1.20 (p=0.001) for the treatment group and 0.26 (p=0.453) for the control group. Delayed recall differences were 1.97 (p=0.001) in the treatment group and 0.91 (p=0.001) in the control group. The mean difference of TMT-A scale score for attention was greater in the treatment group, 25.17 (p=0.018) than in the control group, 11.29 (p=0.325). Conclusion(s): The treatment combining physical movement and multi-faceted cognitive training shows benefit to attention and recall memory in older people with mNCD. Further study on a variation of treatments suited to cultural conditions and their effects on both mNCD and major NCD is needed. (Embase Ovid 21/09/2022) 2203","RAYYAN-INCLUSION: {""Huseyin""=>""Excluded"", ""Frank""=>""Maybe"", ""Baidi""=>""Included"", ""Autumn""=>""Included"", ""Ayachi""=>""Included"", ""Jaya""=>""Included""} | RAYYAN-EXCLUSION-REASONS: Publication type (conference abstract)",https://dx.doi.org/10.1017/S1041610219001339,adult;aged;*attention;bamboo;clinical article;conference abstract;controlled study;*disorders of higher cerebral function;DSM-5;human;*memory;Montreal cognitive assessment;music;neurologist;nonhuman;psychiatrist;randomization;randomized controlled trial;*rural population;trail making test;training;Rural Population;Memory,,
rayyan-883472376,Clinical study on the adjuvant treatment of Yinxing Damo injection in cognitive impairment of cerebral small vessel disease,2019,,,Chinese Journal of Integrated Traditional and Western Medicine,1003-5370,39,11,1336-1339,"Hou, JinYi and Sun, JuGuang and Shi, JiangFeng and Qi, GuangHui and Heng, XueLi and Guo, ChunHui",http://www.cjim.cn/zxyjhcn/zxyjhcn/ch/reader/create_pdf.aspx?file_no=2019111336,Chinese,,,"Objective: To analyze the efficacy and role of Yinxing Damo Injection (YXDMI) combined with donepezil for patients with cognitive impairment of cerebral small vessel disease. Methods: Totally 120 patients with cognitive impairment of cerebral small vessel disease were randomly assigned to the Western medicine (WM) group and the combined group, 60 in each group. Patients in the WM group were treated with donepezil, cognitive therapy, and symptomatic support treatment, while those in the combined group were intervened by conventional Western medicine combined YXDMI. Montreal Cognitive Function (MoCA) scores, serum levels of prostacyclin 2 (PGI2), endothelin (ET), thromboxane A2 (TXA2), homocysteine (Hcy) were observed before and after treatment, and clinical effects compared. Results: After treatment the scores of visuospatial/executive function, naming, attention, language, abstract ability, directional power, MoCA total scores significantly increased in the two groups after treatment (P <0.01). Besides, the scores and increasing rate were higher in the combined group than in the WM group (P <0.01). After treatment serum PGI2 level increased in the two groups (P <O. 01), and it was higher in the combined group than in the WM group (P <0.01). After treatment serum levels of ET, TXA2 and Hcy all decreased in the two groups (P <0.01), and they were lower in the combined group than in the WM group (P <0.01). The total effective rate of the combined group was higher than that of the WM group [(94.64%, 53/56) vs. (81.48%, 44/54), P <O. 05] . Conclusion: Cognitive function in cognitive impairment of cerebral small vessel disease can be significantly improved, levels of ET, TXA2 and Hcy were reduced, and the level of PGI2 was elevated by YXDMI combined donepezil. (Global Health Ovid 21/09/2022) 2649","RAYYAN-INCLUSION: {""Huseyin""=>""Included"", ""Frank""=>""Included"", ""Baidi""=>""Included"", ""Autumn""=>""Included"", ""Ayachi""=>""Included"", ""Jaya""=>""Included""} | RAYYAN-LABELS: foreign language | USER-NOTES: {""Jaya""=>[""cannot read; to ask Baidi""]}",http://dx.doi.org/10.7661/j.cjim.20190929.327,adjuvants;clinical aspects;human diseases,,
rayyan-883472377,"4,5-dicaffeyolquinic acid improves high-fat diet-induced cognitive dysfunction through the regulation of insulin degrading enzyme",2019,10,7,Journal of Food Biochemistry,1745-4514,43,7,e12855,"Kang, J. Y. and Park, S. K. and Kim, J. M. and Park, S. B. and Yoo, S. K. and Han, H. J. and Kim, D. O. and Heo, H. J.",https://ovidsp.ovid.com/ovidweb.cgi?T=JS&CSC=Y&NEWS=N&PAGE=fulltext&D=med16&AN=31353702http://pmt-eu.hosted.exlibrisgroup.com/openurl/44LSE/44LSE_services_page?sid=OVID:medline&id=pmid:31353702&id=doi:10.1111%2Fjfbc.12855&issn=0145-8884&isbn=&volume=43&issue=7&spage=e12855&pages=e12855&date=2019&title=Journal+of+Food+Biochemistry&atitle=4%2C5-dicaffeyolquinic+acid+improves+high-fat+diet-induced+cognitive+dysfunction+through+the+regulation+of+insulin+degrading+enzyme.&aulast=Kang,,,,"This study was performed to investigate the effects of Artemisia argyi and 4,5-dicaffeyolquinic acid (4,5-diCQA) as a main compound of ethyl acetate fraction from Artemisia argyi (EFAA) on high-fat diet (HFD)-induced cognitive dysfunction. Both EFAA and 4,5-diCQA were effective in improving cognitive function on HFD-induced cognitive dysfunction. In brain tissue analysis, it was confirmed that EFAA and 4,5-diCQA inhibited the reduction of neurotransmitters as well as oxidative stress and mitochondrial dysfunction. In addition, they inhibited amyloid beta (Abeta) accumulation by increasing the expression of insulin-degrading enzyme and consequently prevented apoptosis. In conclusion, it is presumed that Artemisia argyi may help to improve the cognitive impairment due to the HFD, and it is considered that this effect is closely related to the physiological activity of 4,5-diCQA. PRACTICAL APPLICATIONS: Artemisia argyi is used in traditional herbal medicine in Asia. Type 2 diabetes mellitus has been proven by a variety of epidemiological studies to be a risk factor for cognitive impairment, such as Alzheimer's disease. This study confirmed that 4,5-diCQA is a bioactive compound of Artemisia argyi on improving HFD-induced cognitive dysfunction. Therefore, this study can provide useful information to the effect of Artemisia argyi and related substance. Copyright © 2019 Wiley Periodicals, Inc. (Medline Ovid 21/09/2022) 5","RAYYAN-INCLUSION: {""Baidi""=>""Excluded"", ""Autumn""=>""Excluded"", ""Ayachi""=>""Excluded"", ""Jaya""=>""Excluded""} | RAYYAN-EXCLUSION-REASONS: Setting (not low- and middle-income country)",https://dx.doi.org/10.1111/jfbc.12855,"Amyloid beta-Peptides/de [Drug Effects];Amyloid beta-Peptides/me [Metabolism];Apoptosis/de [Drug Effects];Artemisia/ch [Chemistry];Artemisia/me [Metabolism];*Artemisia;Brain/de [Drug Effects];Brain/pp [Physiopathology];*Cognitive Dysfunction/dt [Drug Therapy];Diet, High-Fat/ae [Adverse Effects];*Insulysin/de [Drug Effects];Insulysin/me [Metabolism];Oxidative Stress/de [Drug Effects];Phytotherapy;*Plant Extracts/pd [Pharmacology];Plants, Medicinal/me [Metabolism];*Quinic Acid/aa [Analogs & Derivatives];Quinic Acid/pd [Pharmacology];0 (Amyloid beta-Peptides);0 (Plant Extracts);0 (caffeoylquinic acid);058C04BGYI (Quinic Acid)",,
rayyan-883472378,The effectiveness of cognitive training on improving cognitive function and sleep quality in community-dwelling elderly in Iran,2019,4,,Sleep Science,1984-0659,12,2,88-93,"Keramtinejad, M. and Azadi, A. and Taghinejad, H. and Khorshidi, A.",https://ovidsp.ovid.com/ovidweb.cgi?T=JS&CSC=Y&NEWS=N&PAGE=fulltext&D=pmnm&AN=31879540http://pmt-eu.hosted.exlibrisgroup.com/openurl/44LSE/44LSE_services_page?sid=OVID:medline&id=pmid:31879540&id=doi:10.5935%2F1984-0063.20190065&issn=1984-0659&isbn=&volume=12&issue=2&spage=88&pages=88-93&date=2019&title=Sleep+Science&atitle=The+effectiveness+of+cognitive+training+on+improving+cognitive+function+and+sleep+quality+in+community-dwelling+elderly+in+Iran.&aulast=Keramtinejad,,,,"BACKGROUND AND AIM: Given the ever-increasing of the older adults population and in order to achieve healthy and active ageing goals and improvement in the cognitive function and sleep quality in older adult, this study aimed to evaluate the effect of cognitive training program on improving cognitive function and ageing-related sleep quality in community-dwelling elderly in Iran, in 2018. METHODS: This was an experimental study. The sample comprised 420 older adults who were a member of the comprehensive health center in one of the southern cities of Iran. 164 had a cognitive problem and sleep disorder, of whom 108 were selected by the available method and based on inclusion criteria. Participants were randomly allocated to an experimental group (n=54) and a control group (n=54). Experimental group samples were undergoing the intervention for two months. Data were collected using MMSE questionnaire, Pittsburgh sleep quality, insomnia severity index and Clinical Dementia Rating Scale (CDR). Data were collected one month before-and-after the intervention. Data were analyzed using SPSS software. RESULTS: There was no significant difference between the mean score of cognitive function and sleep quality in both the intervention group and the control group before the intervention (p>0.05). At the post-test, the mean (SD) of elderly adults' cognitive function in the intervention and control groups were 2.7 (1.3) and 3.44 (1.7), respectively (p=0.017). Moreover, the mean (SD) of sleep quality in older adults in the intervention and the control group was 6.76 (2.3) and 9.25 (2.36), respectively (p<0.001). CONCLUSION: Given the obtained results in the current study the cognitive training promotes cognitive function and sleep quality in older adults. Therefore, since this program is effective, low-cost and applicable, it can be used to improve cognitive function and sleep disorder in the older adult population. (Medline Ovid 21/09/2022) 403","RAYYAN-INCLUSION: {""Baidi""=>""Included"", ""Autumn""=>""Included"", ""Ayachi""=>""Included"", ""Jaya""=>""Included""}",https://dx.doi.org/10.5935/1984-0063.20190065,Iran;Cognition,,
rayyan-883472379,"The effect of group exercises on balance, mobility, and depressive symptoms in older adults with mild cognitive impairment: A randomized controlled trial",2019,,,Clinical Rehabilitation,0269-2155,33,3,439-449,"Langoni, Ch and Silveira, ra da and Resende, Thais de Lima and Barcellos, Andressa Bombardi and Cecchele, Betina and da Rosa, Juliana Nunes and Knob, Mateus Soares and Silva, Tatiane do Nascimento and Diogo, Tamiris de Souza and da Silva, Irenio Gomes and Schwanke, Carla Helena Augustin",http://ovidsp.ovid.com/ovidweb.cgi?T=JS&PAGE=reference&D=psyc16&NEWS=N&AN=2019-14445-008,English,,,"Objective: To determine the effects of group exercises on balance, mobility, and depressive symptoms in community-dwelling older adults with mild cognitive impairment. Design: Single blinded, randomized, matched pairs clinical trial. Setting: Four primary healthcare units. Subjects: Fifty-two sedentary subjects with mild cognitive impairment were paired (age, sex, body mass index, and Addenbrooke's Cognitive Examination Revised score), tested, and then randomized into an intervention group (n = 26) and a control group (n = 26). Intervention: The intervention group performed strength (ankle weights, elastic bands, and dumbbells) and aerobic exercises (walking) in their communities' public spaces, twice a week (60 minutes each), during 24 weeks. The control group maintained its usual routine. Main measures: Balance (Berg Balance Scale (BBS)), mobility (Timed Up and Go Test (TUG)), and depressive symptoms (Geriatric Depression Scale-15) were assessed before and after the intervention. Results: Before the intervention, the two groups did not differ statistically. After, the intervention group showed significant improvement (P < 0.05) in balance (before: 53 +/- 3; after: 55.1 +/- 1.1 points), mobility (before: 10.7 +/- 2.9 seconds; after: 8.3 +/- 2 seconds), and depressive symptoms (median punctuation (interquartile range) before: 4 (1.8-6); after: 2.5 (1-4)). The control group presented a significant increase in their depressive symptoms (median before: 3.5 (2-7.3); after: 4 (2-5.3)), while their balance and mobility showed no significant modification. Small effect sizes were observed in the intervention group and control group depressive symptoms, as well as in the control group's mobility and balance. Large effect sizes were observed the intervention group's mobility and balance. Conclusion: Group exercises improved balance, mobility, and depressive symptoms in community-dwelling older adults with mild cognitive impairment. (PsycInfo Database Record (c) 2021 APA, all rights reserved) (PsycINFO Ovid 21/09/2022) 3129","RAYYAN-INCLUSION: {""Baidi""=>""Included"", ""Autumn""=>""Included"", ""Ayachi""=>""Included"", ""Jaya""=>""Included""}",https://dx.doi.org/10.1177/0269215518815218,*Cognitive Impairment;*Major Depression;*Physical Mobility;*Group Intervention;*Mild Cognitive Impairment;Aging;Equilibrium;Exercise,,
rayyan-883472380,"Effects of propofol, dexmedetomidine, and midazolam on postoperative cognitive dysfunction in elderly patients: a randomized controlled preliminary trial",2019,2,,Chinese Medical Journal,2542-5641,132,4,437-445,"Li, W. X. and Luo, R. Y. and Chen, C. and Li, X. and Ao, J. S. and Liu, Y. and Yin, Y. Q.",https://ovidsp.ovid.com/ovidweb.cgi?T=JS&CSC=Y&NEWS=N&PAGE=fulltext&D=med16&AN=30707179http://pmt-eu.hosted.exlibrisgroup.com/openurl/44LSE/44LSE_services_page?sid=OVID:medline&id=pmid:30707179&id=doi:10.1097%2FCM9.0000000000000098&issn=0366-6999&isbn=&volume=132&issue=4&spage=437&pages=437-445&date=2019&title=Chinese+Medical+Journal&atitle=Effects+of+propofol%2C+dexmedetomidine%2C+and+midazolam+on+postoperative+cognitive+dysfunction+in+elderly+patients%3A+a+randomized+controlled+preliminary+trial.&aulast=Li,,,,"BACKGROUND: Postoperative cognitive dysfunction (POCD) is a serious complication after surgery, especially in elderly patients. The anesthesia technique is a potentially modifiable risk factor for POCD. This study assessed the effects of dexmedetomidine, propofol or midazolam sedation on POCD in elderly patients who underwent hip or knee replacement under spinal anesthesia. METHODS: The present study was a prospective randomized controlled preliminary trial. From July 2013 and December 2014, a total of 164 patients aged 65 years or older who underwent hip or knee arthroplasty at China-Japan Friendship Hospital and 41 non-surgical controls were included in this study. Patients were randomized in a 1:1:1 ratio to 3 sedative groups. All the patients received combined spinal-epidural anesthesia (CSEA) with midazolam, dexmedetomidine or propofol sedation. The sedative dose was adjusted to achieve light sedation (bispectral index[BIS] score between 70 and 85). All study participants and controls completed a battery of 5 neuropsychological tests before and 7 days after surgery. One year postoperatively, the patients and controls were interviewed over the telephone using the Montreal cognitive assessment 5-minute protocol. RESULTS: In all, 60 of 164 patients (36.6%) were diagnosed with POCD 7 days postoperatively, POCD incidence in propofol group was significantly lower than that in dexmedetomidine and midazolam groups (18.2% vs. 40.0%, 51.9%, chi = 6.342 and 13.603, P = 0.012 and < 0.001). When the patients were re-tested 1 year postoperatively, the incidence of POCD was not significantly different among the 3 groups (14.0%, 10.6% vs. 14.9%, chi = 0.016 and 0.382, P = 0.899 and 0.536). CONCLUSION: Among dexmedetomidine, propofol and midazolam sedation in elderly patients, propofol sedation shows a significant advantage in term of short-term POCD incidence. (Medline Ovid 21/09/2022) 467","RAYYAN-INCLUSION: {""Baidi""=>""Excluded"", ""Autumn""=>""Excluded"", ""Ayachi""=>""Excluded"", ""Jaya""=>""Excluded""} | RAYYAN-EXCLUSION-REASONS: Population (not people with dementia or mild cognitive impairment or their carers)",https://dx.doi.org/10.1097/CM9.0000000000000098,Aged;*Cognitive Dysfunction/ep [Epidemiology];*Dexmedetomidine/pd [Pharmacology];Female;Humans;*Hypnotics and Sedatives/pd [Pharmacology];Male;*Midazolam/pd [Pharmacology];Middle Aged;Neuropsychological Tests;*Postoperative Complications/ep [Epidemiology];*Propofol/pd [Pharmacology];Prospective Studies;0 (Hypnotics and Sedatives);67VB76HONO (Dexmedetomidine);R60L0SM5BC (Midazolam);YI7VU623SF (Propofol);Propofol;Midazolam;Dexmedetomidine;Cognition,,
rayyan-883472381,"Effects of Salvianolic acids for injection on cognitive impairment, serum amyloid A and cystatin C levels in patients with cerebral infarction",2020,,,Drug Evaluation Research,1674-6376,43,8,1651-1655,"Li, Xuan and Wang, Pei and Wei, ShuYan and Wang, Huan and Qi, DanDan and Lu, DanDan and Zhang, Wei",https://www.tiprpress.com/ywpjyj/article/abstract/20200835,Chinese,,,"Objective: To observe the effect of Salvianolic Acids for Injection on cognitive function improvement and serum SAA and CysC levels in patients with cerebral infarction. Methods: A total of 100 patients with acute cerebral infarction in the Baoding NO.1 Central Hospital from January 2018 to December 2018 were divided into control group (50 cases) and observation group (50 cases). Patients in the control group received routine treatment. Patients in the observation group were in administered with Salvianolic Acids for Injection on the basis of control group, 0.13 g was diluted with 0.9% sodium chloride injection 250 mL, once daily. The course of treatment in both groups was 14 d. The clinical efficacy in two groups was observed, and the MoCA score, HDSR score, and the levels of SSA and CysC before and after treatment in two groups were compared. Results: After treatment, the total effective rate in the observation group was 90.00%, which was significantly higher than 74.00% in the control group, and the difference between two groups was statistically significant (P < 0.05). After 14 and 30 days of treatment, MoCA scores in two groups were significantly increased (P < 0.05). MoCA score in the observation group was significantly higher than that in the control group (P < 0.05). After 14 days of treatment, THE HDS-R scores of two groups were significantly improved (P < 0.05). The HDS-R scores in the observation group were higher than those of the control group, but there was no significant difference. After 30 days of treatment, HDS-R scores in two groups were significantly higher than those before treatment (P < 0.05), and the HDS-R score in the observation group was significantly higher than that in the control group (P < 0.05). After 14 and 30 days of treatment, serum SAA and CysC levels in two groups were significantly decreased compared with that before treatment, and the difference in the same group before and after treatment was statistically significant (P < 0.05). Moreover, SAA and CysC levels in the observation group were significantly lower than those in the control group, with statistically significant differences between the two groups (P < 0.05). Conclusion: Salvianolic Acids for Injection can significantly improve cognitive dysfunction in patients with acute cerebral infarction, reduce SAA and CysC levels, and has a positive therapeutic effect on long-term prognosis. (Global Health Ovid 21/09/2022) 2448","RAYYAN-INCLUSION: {""Andra""=>""Excluded"", ""Huseyin""=>""Excluded"", ""Baidi""=>""Included"", ""Autumn""=>""Included"", ""Ayachi""=>""Included"", ""Jaya""=>""Included""} | RAYYAN-EXCLUSION-REASONS: foreign language | USER-NOTES: {""Jaya""=>[""Not sure if randomized - may need Baidi to translate""]}",http://dx.doi.org/10.7501/j.issn.1674-6376.2020.08.035,acids;amyloid;brain;brain diseases;cerebral infarction;effects;human diseases;injection;mental ability;patients;serum;sodium chloride;stroke;Cerebral Infarction,,
rayyan-883472382,Clinical study on naokang combined with aniracetam capsules for treatment of elderly patients with amnestic mild cognitive impairment,2020,,,Chinese Journal of Information on Traditional Chinese Medicine,1005-5304,27,8,30-35,"Liu, Yan and Huang, XiaoBo and Wei, CuiBai and Wang, NingQun and Chen, YuJing and Wu, Xiling",http://xxzz.cintcm.com//oa/darticle.aspx?type=view&id=20200809,Chinese,,,"Objective: To observe the clinical efficacy of Naokang II combined with Aniracetam Capsules for treatment of the elderly patients with amnestic mild cognitive impairment (aMCI) of kidney and marrow deficiency and intermingled phlegm and blood stasis, to explore its possible mechanism. Methods: Totally 101 elderly patients with aMCI of kidney and marrow deficiency and intermingled phlegm and blood stasis were studied, and were divided into observation group (49 patients) and control group (52 patients) according to random number table method. Both groups were given Aniracetam Capsules, 0.2 g/time, 3 times/d, orally 30 minutes after a meal; the observation group was given Naokang II on this basis, 1 dose/d, 150 mL/time, twice/d, orally 30 minutes after a meal, and both groups were treated continuously for 12 weeks. The TCM efficacy o f the 2 groups was observed. The Alzheimer's disease assessment scale-cognitive subscale (ADAS-cog), auditory verbal learning test (AVLT) score, TCM syndrome score, peripheral blood acetylcholinesterase (A ChE), superoxide dismutase (SOD), and malondialdehyde (MDA) levels in both groups were compared. Treatment emergent symptoms scale (TESS) was used to evaluate adverse reactions. Results: The total effective rate of the observation group was 73.47% (36/49) and that of the control group was 26.92% (14/52). The observation group was significantly better than the control group (P<0.01). Compared with before treatment, the ADAS-cog score of the observation group decreased significantly after treatment (P<0.05), and the AVLT score of the two groups increased significantly after treatment (P<0.05, P<0.01). After treatment, the AVLT score of the observation group was significantly higher th an that of the control group (P<0.05). Compared with before treatment, the TCM syndrome score of the observation group decreased significantly after treatment (P<0.05), the difference of TCM syndrome scores in the observation group before and after treatment was significantly higher than that in the control group (P<0.01). Compared with before treatment, the levels of AChE and MDA in peripheral blood of the two groups were significantly reduced after treatment (P<0.05, P<0.01), and the peripheral blood SOD level of the observation group increased significantly after treatment (P < 0.05). There was no statistical significance in TESS scores between the two groups (P > 0.05). Conclusion: Naokang II combi ned with Aniracetam Capsules can effectively improve the pathological state of kidney and marrow deficiency and intermingled phlegm and blood stasis, and improve the cognitive function of elderly patients with aMCI. Compared with taking only Aniracetam Capsules, which has a synergistic effect, the mechanism may be related to improving AChE levels and oxidative stress in patients. (Global Health Ovid 21/09/2022) 2418","RAYYAN-INCLUSION: {""Huseyin""=>""Excluded"", ""Baidi""=>""Included"", ""Autumn""=>""Included"", ""Ayachi""=>""Included"", ""Jaya""=>""Included""} | RAYYAN-EXCLUSION-REASONS: Population (not people with dementia or mild cognitive impairment or their carers)",http://dx.doi.org/10.3969/j.issn.1005-5304.202003515,acetylcholinesterase;adverse effects;clinical aspects;deficiency;elderly patients;enzymes;herbal drugs;human diseases;malondialdehyde;oxidative stress;superoxide dismutase;symptoms;synergism;synergists;treatment,,
rayyan-883472383,A systematic review of the clinical use of Withania somnifera (Ashwagandha) to ameliorate cognitive dysfunction,2020,3,,Phytotherapy Research,1099-1573,34,3,583-590,"Ng, Q. X. and Loke, W. and Foo, N. X. and Tan, W. J. and Chan, H. W. and Lim, D. Y. and Yeo, W. S.",https://ovidsp.ovid.com/ovidweb.cgi?T=JS&CSC=Y&NEWS=N&PAGE=fulltext&D=med17&AN=31742775http://pmt-eu.hosted.exlibrisgroup.com/openurl/44LSE/44LSE_services_page?sid=OVID:medline&id=pmid:31742775&id=doi:10.1002%2Fptr.6552&issn=0951-418X&isbn=&volume=34&issue=3&spage=583&pages=583-590&date=2020&title=Phytotherapy+Research&atitle=A+systematic+review+of+the+clinical+use+of+Withania+somnifera+%28Ashwagandha%29+to+ameliorate+cognitive+dysfunction.&aulast=Ng,,,,"Many developed countries are experiencing a rapidly ""greying"" population, and cognitive decline is common in the elderly. There is no cure for dementia, and pharmacotherapy options to treat cognitive dysfunction provide limited symptomatic improvements. Withania somnifera (Ashwagandha), a popular herb highly valued in Ayurvedic medicine, has often been used to aid memory and cognition. This systematic review thus aimed to evaluate the clinical evidence base and investigate the potential role of W. somnifera in managing cognitive dysfunction. Using the following keywords [withania somnifera OR indian ginseng OR Ashwagandha OR winter cherry] AND [brain OR cognit* OR mental OR dementia OR memory], a comprehensive search of PubMed, EMBASE, Medline, PsycINFO and Clinicaltrials.gov databases found five clinical studies that met the study's eligibility criteria. Overall, there is some early clinical evidence, in the form of randomized, placebo-controlled, double-blind trials, to support the cognitive benefits of W. somnifera supplementation. However, a rather heterogeneous study population was sampled, including older adults with mild cognitive impairment and adults with schizophrenia, schizoaffective disorder, or bipolar disorder. In most instances, W. somnifera extract improved performance on cognitive tasks, executive function, attention, and reaction time. It also appears to be well tolerated, with good adherence and minimal side effects. Copyright © 2019 John Wiley & Sons, Ltd. (Medline Ovid 21/09/2022) 1046","RAYYAN-INCLUSION: {""Baidi""=>""Excluded"", ""Autumn""=>""Excluded"", ""Ayachi""=>""Excluded"", ""Jaya""=>""Excluded""} | RAYYAN-EXCLUSION-REASONS: Publication type (systematic review and meta-analysis)",https://dx.doi.org/10.1002/ptr.6552,"Aged;Aged, 80 and over;Cognition/de [Drug Effects];*Cognitive Dysfunction/dt [Drug Therapy];*Dementia/dt [Drug Therapy];Humans;Medicine, Ayurvedic;Memory/de [Drug Effects];Plant Extracts/ch [Chemistry];*Plant Extracts/tu [Therapeutic Use];Randomized Controlled Trials as Topic;*Withania/ch [Chemistry];0 (Plant Extracts);V038D626IF (Ashwagandha);Cognition",,
rayyan-883472384,Breath Qigong Improves Recognition in Seniors With Vascular Cognitive Impairment,2019,1,,Alternative Therapies in Health & Medicine,1078-6791,25,1,20-26,"Niu, Y. and Wan, C. and Zhou, B. and Zhang, J. and Ma, H. and Bo, Y. and Zhang, Y. and Liu, H.",https://ovidsp.ovid.com/ovidweb.cgi?T=JS&CSC=Y&NEWS=N&PAGE=fulltext&D=med16&AN=30982783http://pmt-eu.hosted.exlibrisgroup.com/openurl/44LSE/44LSE_services_page?sid=OVID:medline&id=pmid:30982783&id=doi:&issn=1078-6791&isbn=&volume=25&issue=1&spage=20&pages=20-26&date=2019&title=Alternative+Therapies+in+Health+%26+Medicine&atitle=Breath+Qigong+Improves+Recognition+in+Seniors+With+Vascular+Cognitive+Impairment.&aulast=Niu,,,,"CONTEXT: Vascular cognitive impairment (VCI) or vascular dementia is widely considered to be the second-most-common cause of dementia after Alzheimer's disease, accounting for 20% of cases. Little is known about the effectiveness of breath qigong for seniors suffering from VCI or dementia. OBJECTIVES: For seniors with VCI, the study aimed to compare the benefits of qigong practice, cognitive training, and qigong practice + cognitive training in improving cognitive function, memory, executive function, and daily problem-solving ability. DESIGN: The study was a randomized, controlled pilot study that used a prospective design with repeated measures. SETTING: The study took place at the Tianjin Medical University General Hospital (Tianjin, China). PARTICIPANTS: Participants were 93 patients with VCI at a clinic at the hospital. INTERVENTION: The participants were randomly assigned to 1 of 3 groups: (1) qigong practice, an intervention group; (2) cognitive training, a positive control group; or (3) a combination of qigong practice and cognitive training, an intervention group. Participants received the treatments for 3 mo. OUTCOME MEASURES: All outcome measures were undertaken at baseline and postintervention. The measures included (1) the Montreal cognitive assessment, (2) the Loewenstein occupational therapy cognitive assessment, and (3) the Barthel activities of daily living index. RESULTS: All 3 groups showed significant improvements in general cognitive function, memory, executive function, and daily problem-solving ability (P < .05). CONCLUSION: Qigong practice is an easy and convenient exercise performed at no cost and has the potential to improve the cognitive functions of older adults with mild VCI. (Medline Ovid 21/09/2022) 134","RAYYAN-INCLUSION: {""Huseyin""=>""Included"", ""Baidi""=>""Included"", ""Autumn""=>""Included"", ""Ayachi""=>""Included"", ""Jaya""=>""Included""}",,"Activities of Daily Living;Aged;China;Cognitive Dysfunction/di [Diagnosis];Cognitive Dysfunction/ec [Economics];*Cognitive Dysfunction/th [Therapy];Dementia, Vascular/di [Diagnosis];*Dementia, Vascular/th [Therapy];Executive Function;Humans;Memory;Outcome Assessment, Health Care;Pilot Projects;Prospective Studies;*Qigong;Respiration;Cognition",,
rayyan-883472385,"Effects of gaze stability exercises on cognitive function, dynamic postural ability, balance confidence, and subjective health status in old people with mild cognitive impairment",2019,4,,Journal of Exercise Rehabilitation,2288-176X,15,2,270-274,"Roh, M. and Lee, E.",https://ovidsp.ovid.com/ovidweb.cgi?T=JS&CSC=Y&NEWS=N&PAGE=fulltext&D=pmnm4&AN=31111012http://pmt-eu.hosted.exlibrisgroup.com/openurl/44LSE/44LSE_services_page?sid=OVID:medline&id=pmid:31111012&id=doi:10.12965%2Fjer.1938026.013&issn=2288-176X&isbn=&volume=15&issue=2&spage=270&pages=270-274&date=2019&title=Journal+of+Exercise+Rehabilitation&atitle=Effects+of+gaze+stability+exercises+on+cognitive+function%2C+dynamic+postural+ability%2C+balance+confidence%2C+and+subjective+health+status+in+old+people+with+mild+cognitive+impairment.&aulast=Roh,,,,"The purpose of this study was to determine whether gaze stability exercises would result in improvements of cognitive function, balance ability and subjective health status in old people with and without mild cognitive impairment (MCI). Old people with MCI (n=9) and healthy old people (n=9) performed gaze stability exercises for 4 weeks. Pre and post Montreal Cognitive Assessment (MoCA) for cognitive function, Timed Up and Go test for dynamic postural ability, Activities-Specific Balance Confidence for balance confidence and subjective health status were measured in both groups. After participating in gaze stability exercises, all outcome measures were significantly improved in MCI group and normal group also improved significantly in all outcome measures with the exception of balance confidence. In addition, there were significant differences in cognitive function and balance confidence between the two groups, and more improvements in MCI group. These results provide evidence that gaze stability exercises is beneficial to improve cognitive function as well as balance ability which affected on quality of life in old people with and without MCI. (Medline Ovid 21/09/2022) 448","RAYYAN-INCLUSION: {""Baidi""=>""Excluded"", ""Autumn""=>""Excluded"", ""Ayachi""=>""Excluded"", ""Jaya""=>""Excluded""} | RAYYAN-EXCLUSION-REASONS: Study design (not randomised)",https://dx.doi.org/10.12965/jer.1938026.013,Posture;Health Status;Cognition,,
rayyan-883472386,"The effects of 7-week cognitive training in patients with vascular cognitive impairment, no dementia (the Cog-VACCINE study): A randomized controlled trial",2019,,,Alzheimer's & Dementia: The Journal of the Alzheimer's Association,1552-5260,15,5,605-614,"Tang, Yi and Xing, Yi and Zhu, Zude and He, Yong and Li, Fang and Yang, Jianwei and Liu, Qing and Li, Fangyu and Teipel, Stefan J. and Zhao, Guoguang and Jia, Jianping",http://ovidsp.ovid.com/ovidweb.cgi?T=JS&PAGE=reference&D=psyc16&NEWS=N&AN=2019-15189-001,English,,,"Introduction: Evidence for the efficacy of cognitive training in patients with subcortical vascular cognitive impairment no dementia is still lacking. Methods: A randomized, active controlled design using multidomain, adaptive, computerized cognitive training for 30 minutes, 5 days/week for 7 weeks. Assessments included global cognitive function and executive function (primary outcomes) and brain functional connectivity and structural changes (secondary outcomes). Results: Sixty patients were randomized across three medical centers in Beijing. At the end of the intervention, the cognitive training group showed significant improvement in Montreal Cognitive Assessment relative to the active control group (P = .013) and significantly increased functional connectivity between the left dorsolateral prefrontal cortex and medial prefrontal cortex, which was significantly correlated with Montreal Cognitive Assessment change (P = .017). Discussion: Computerized cognitive training significantly improved global cognitive function, which was supported by the improved brain plasticity. Incorporation of biomarkers should be implemented in cognitive training trials. (PsycInfo Database Record (c) 2021 APA, all rights reserved) (PsycINFO Ovid 21/09/2022) 3128","RAYYAN-INCLUSION: {""Huseyin""=>""Included"", ""Baidi""=>""Included"", ""Autumn""=>""Included"", ""Ayachi""=>""Included"", ""Jaya""=>""Included""}",https://dx.doi.org/10.1016/j.jalz.2019.01.009,*Cognitive Impairment;*Computer Assisted Therapy;*Brain Connectivity;*Brain Training;Dementia;Vaccination;Cognition,,
rayyan-883472387,Efficacy and safety of butylphthalide soft capsule in the treatment of Alzheimer's disease: A meta-analysis,2019,,,Chinese Journal of Evidence-Based Medicine,1672-2531,19,12,1446-1452,"Teng, Y. and Shi, J. and Cao, T. and Yao, X. and Ni, J. and Tian, J.",http://www.cjebm.com/indexAction!downloadPdfByOss.action?id=MjAxOTA0MTE1dGVuZ3l1b3U= http://ovidsp.ovid.com/ovidweb.cgi?T=JS&PAGE=reference&D=emed20&NEWS=N&AN=2004966950,Chinese,,,"Objectives To systematically review the efficacy and safety of butylphthalide soft capsule with routine treatment for Alzheimer's disease (AD). Methods Databases including CNKI, WanFang Data, VIP, CBM, PubMed, EMbase, and The Cochrane Library were electronically searched from September 2002 to July 2018 to collect randomized controlled trials of butylphthalide soft capsule with routine treatment for Alzheimer's disease. The trial was screened based on inclusion and exclusion criteria, and the methodological quality of the included trial was assessed. Meta-analysis was then performed by Revman 5.3 software. Results A total of 8 studies involving 576 patients were included. The butylphthalide soft capsule group included 283 patients and the control group included 293 patients. The result of meta-analysis showed that butylphthalide soft capsule with routine treatment (Donepezil hydrochloride or Memantine or EGb761) significantly improved the score of mini-mental state examination (MMSE) (MD=3.19, 95% CI 2.69 to 3.69, P<0.001) and clinical efficacy (RR=1.36, 95%CI 1.21 to 1.53, P<0.001). There was no significant difference in number of adverse events between the butylphthalide group and the control group (RR=1.13, 95%CI 0.77 to 1.67, P=0.52). Conclusions Based on the routine treatment, combining with butylphthalide soft capsule can further facilitate cognitive function of AD and improve clinical efficacy. At the same time, no increase in adverse reactions has been found. However, due to the low quality of the included studies, more high quality randomized controlled trials are required to verify the results.Copyright © 2019 West China University of Medical Science. All rights reserved. (Embase Ovid 21/09/2022) 1868","RAYYAN-INCLUSION: {""Baidi""=>""Excluded"", ""Autumn""=>""Excluded"", ""Ayachi""=>""Excluded"", ""Jaya""=>""Excluded""} | RAYYAN-EXCLUSION-REASONS: Setting (not low- and middle-income country)",https://dx.doi.org/10.7507/1672-2531.201904115,*Alzheimer disease/dt [Drug Therapy];article;data base;*drug capsule;*drug efficacy;drug quality;*drug safety;drug screening;human;meta analysis;Mini Mental State Examination;randomized controlled trial (topic);systematic review;*butylphthalide/ct [Clinical Trial];*butylphthalide/dt [Drug Therapy];donepezil/ct [Clinical Trial];donepezil/dt [Drug Therapy];Ginkgo biloba extract/ct [Clinical Trial];Ginkgo biloba extract/dt [Drug Therapy];memantine/ct [Clinical Trial];memantine/dt [Drug Therapy];Alzheimer Disease,,
rayyan-883472388,Resting state fMRI based target selection for individualized rTMS: Stimulation over the left parietal cortex enhances memory in patients with Alzheimer's disease,2019,,,IBRO Reports,2451-8301,6,,S496,"Wang, J. and Wei, L. and Zhang, Y. and Xu, L. and Yang, K. and Chen, W.",http://ovidsp.ovid.com/ovidweb.cgi?T=JS&PAGE=reference&D=emed20&NEWS=N&AN=2002732907,English,,,"Introduction: Alzheimer's disease (AD) is a chronic and irreversible neurodegenerative disease featuring deficits in cognitive performance, with memory impairment typically reported as the initial presenting complaint. Common treatments can not prevent or reverse the course of the illness, and new efforts in the development of therapy are critically needed. Recently, repetitive Transcranial Magnetic Stimulation (rTMS), a non-invasive brain stimulation tool, has been proposed as a promising approach to improve the clinical manifestation of AD. In this study, we aimed to investigate the benefit of personalized rTMS targeting based on individual resting state functional magnetic resonance imaging (RS-fMRI). Method(s): A single-blind (subject), randomized, sham-controlled trial was conducted in twenty subjects with a diagnosis of AD. Subjects were randomized to rTMS or sham control for 2 weeks (one session daily, 5 days a week). The stimulation site was an individualized left lateral parietal location that showed high functional connectivity with the left hippocampal seed based on personal RS-fMRI data before the study. Mini Mental State Examination (MMSE), Clinical Dementia Rating Scale (CDR) and 12-word Philadelphia Verbal Learning Test (PVLT) were assessed prior to and immediately after the intervention. Result(s): Both groups did not improve significantly their performance in MMSE and CDR after the treatment. However, there was significantly greater improvement in PVLT List A Total Learning and Long Delay Recall with rTMS compared to the sham intervention. Conclusion(s): Individualized rTMS treatment over the left parietal cortex has a beneficial effect in episodic memory, and may represent a promising treatment for memory dysfunction in Alzheimer patients. Acknowledgements: Jintao Wang and Lili Wei contributed equally to this project. The project was supported by the NSFC Projects of International Cooperation and Exchanges (No: 8161101010), National Key Research & Development Program of China (No: 2017YFC1310502) to W. Chen.Copyright © 2019 (Embase Ovid 21/09/2022) 2327","RAYYAN-INCLUSION: {""Baidi""=>""Included"", ""Autumn""=>""Included"", ""Ayachi""=>""Included"", ""Jaya""=>""Included""}",https://dx.doi.org/10.1016/j.ibror.2019.07.1555,adult;*Alzheimer disease;amnesia;China;clinical article;Clinical Dementia Rating;controlled study;*episodic memory;female;functional connectivity;*functional magnetic resonance imaging;hippocampus;human;international cooperation;learning test;male;memory;Mini Mental State Examination;*parietal cortex;Pennsylvania;plant seed;randomized controlled trial;*repetitive transcranial magnetic stimulation;single blind procedure;verbal learning;conference abstract;Alzheimer Disease;Magnetic Resonance Imaging;Rest,,
rayyan-883472389,Clinical observation on therapeutic effect of moxibustion on cognitive decline in type 2 diabetes mellitus,2020,12,12,Zhongguo Zhenjiu,0255-2930,40,12,1286-1290,"Xie, H. Y. and Yuan, A. H. and Yang, J.",https://ovidsp.ovid.com/ovidweb.cgi?T=JS&CSC=Y&NEWS=N&PAGE=fulltext&D=med18&AN=33415869http://pmt-eu.hosted.exlibrisgroup.com/openurl/44LSE/44LSE_services_page?sid=OVID:medline&id=pmid:33415869&id=doi:10.13703%2Fj.0255-2930.20191217-0004&issn=0255-2930&isbn=&volume=40&issue=12&spage=1286&pages=1286-90&date=2020&title=Zhongguo+Zhenjiu&atitle=%5BClinical+observation+on+therapeutic+effect+of+moxibustion+on+cognitive+decline+in+type+2+diabetes+mellitus%5D.&aulast=Xie,,,,"OBJECTIVE: To observe the effect of moxibustion on cognitive function in patients with cognitive decline of type 2 diabetes mellitus (T2DM). METHODS: A total of 47 patients with cognitive decline of T2DM were randomized into an observation group (24 cases, 4 cases dropped off ) and a control group (23 cases, 3 cases dropped off ). Conventional hypoglycemic intervention was adopted in the control group. On the basis of the treatment in the control group, Huayu Tongluo moxibustion (moxibustion for removing stasis and clearing collaterals) was applied at Baihui (GV 20), Dazhui (GV 14), Shenting (GV 24), once every 2 days, 4 weeks were as one course, totally 3 courses were required. Before and after treatment, scores of auditory verbal learning test (AVLT), complex figure test (CFT), Montreal cognitive assessment (MoCA) and trail making test-A (TMT-A) were observed in the both groups, and the clinical effective rates were compared. RESULTS: After treatment, the scores of immediate memory and delayed memory of AVLT in the observation group were higher than those before treatment and those in the control group (P<0.05). After treatment, the scores of visual space and executive function, delayed memory, attention and orientation of MoCA in the observation group were higher than those before treatment and those in the control group (P<0.05). The effective rate was 85.0% (17/20) in the observation group, which was superior to 10.0% (2/20) in the control group (P<0.05). CONCLUSION: Huayu Tongluo moxibustion has a definite effect on cognitive decline of type 2 diabetes mellitus. (Medline Ovid 21/09/2022) 181","RAYYAN-INCLUSION: {""Huseyin""=>""Excluded"", ""Baidi""=>""Included"", ""Autumn""=>""Included"", ""Ayachi""=>""Included"", ""Jaya""=>""Included""} | RAYYAN-EXCLUSION-REASONS: Population (not people with dementia or mild cognitive impairment or their carers)",https://dx.doi.org/10.13703/j.0255-2930.20191217-0004,"Acupuncture Points;Cognition;Cognitive Dysfunction/et [Etiology];Cognitive Dysfunction/th [Therapy];*Cognitive Dysfunction;Diabetes Mellitus, Type 2/co [Complications];Diabetes Mellitus, Type 2/th [Therapy];*Diabetes Mellitus, Type 2;Humans;Mental Status and Dementia Tests;*Moxibustion",,
rayyan-883472390,The effect of combined scalp acupuncture and cognitive training in patients with stroke on cognitive and motor functions,2020,,,NeuroRehabilitation,1053-8135,46,1,75-82,"Xiong, Jian and Zhang, Zhichao and Ma, Yan and Li, Zuhong and Zhou, Fang and Qiao, Na and Liu, Qi and Liao, Weijing",http://ovidsp.ovid.com/ovidweb.cgi?T=JS&PAGE=reference&D=psyc17&NEWS=N&AN=2020-35674-008,English,,,"Objective: To investigate the effect of combined scalp acupuncture and cognitive training on cognitive and motor functioning in patients with stroke during the recovery stage. Methods: Seventy patients with post-stroke cognitive impairment were randomly divided into an experimental group and a control group. Patients in the experimental group additionally received scalp acupuncture and cognitive training, while the control group received sham scalp acupuncture and cognitive training. The cognitive and motor functioning of all patients were assessed using MMSE, LOTCA, and FMA, before and 12 weeks after treatment. In addition, the plasma BDNF and NGF levels were measured from peripheral blood samples using ELISA kits. Results: After 12 weeks, the MMSE, LOTCA and FMA scores were significantly higher in the experimental group than in the control group. In the experimental group, there was an improvement in the total MMSE score, orientation, spatial executive function, the total LOTCA score, and the score of command of language orientation post-treatment. Significant improvements of BDNF and NGF were found in the experimental group after treatment, while only significant improvements of NGF was found in the control group after treatment. Both BDNF and NGF in the experiment group were higher than those in the control group at the last day of treatment. Conclusions: Combined scalp acupuncture and cognitive training can efficiently enhance cognitive and motor functions in patients with stroke during the recovery stage, which may be a more effective rehabilitation treatment after stroke than routine therapy and rehabilitation training alone. (PsycInfo Database Record (c) 2021 APA, all rights reserved) (PsycINFO Ovid 21/09/2022) 2934","RAYYAN-INCLUSION: {""Huseyin""=>""Excluded"", ""Baidi""=>""Included"", ""Autumn""=>""Included"", ""Ayachi""=>""Included"", ""Jaya""=>""Included""} | RAYYAN-EXCLUSION-REASONS: Population (not people with dementia or mild cognitive impairment or their carers)",https://dx.doi.org/10.3233/NRE-192942,*Acupuncture;*Cerebrovascular Accidents;*Motor Processes;*Recovery (Disorders);*Brain Training;Cognitive Impairment;Cognitive Rehabilitation;Scalp;Stroke;Cognition,,
rayyan-883472391,Vitamin D Supplementation Improves Cognitive Function Through Reducing Oxidative Stress Regulated by Telomere Length in Older Adults with Mild Cognitive Impairment: A 12-Month Randomized Controlled Trial,2020,,,Journal of Alzheimer's Disease,1875-8908,78,4,1509-1518,"Yang, T. and Wang, H. and Xiong, Y. and Chen, C. and Duan, K. and Jia, J. and Ma, F.",https://ovidsp.ovid.com/ovidweb.cgi?T=JS&CSC=Y&NEWS=N&PAGE=fulltext&D=med18&AN=33164936http://pmt-eu.hosted.exlibrisgroup.com/openurl/44LSE/44LSE_services_page?sid=OVID:medline&id=pmid:33164936&id=doi:10.3233%2FJAD-200926&issn=1387-2877&isbn=&volume=78&issue=4&spage=1509&pages=1509-1518&date=2020&title=Journal+of+Alzheimer%27s+Disease&atitle=Vitamin+D+Supplementation+Improves+Cognitive+Function+Through+Reducing+Oxidative+Stress+Regulated+by+Telomere+Length+in+Older+Adults+with+Mild+Cognitive+Impairment%3A+A+12-Month+Randomized+Controlled+Trial.&aulast=Yang,,,,"BACKGROUND: Cognitive decline in older adults is a serious public health problem today. Association between vitamin D supplementation and cognition remains controversial. OBJECTIVE: To determine whether a 12-month vitamin D supplementation improves cognitive function in elderly subjects with mild cognitive impairment (MCI), and whether it is mediated through the mechanism in which telomere length (TL) regulate oxidative stress. METHODS: This was a double-blind, randomized, placebo-controlled trial in Tianjin, China. Participants were all native Chinese speakers aged 65 years and older with MCI. 183 subjects were randomized to an intervention group (vitamin D 800 IU/day, n = 93) or a placebo group (the matching starch granules, n = 90), and followed up for 12 months. Tests of cognitive function and mechanism-related biomarkers were evaluated at baseline, 6 months, and 12 months. RESULTS: Repeated-measures ANOVA showed substantial improvements in the full scale intelligence quotient (FSIQ), information, digit span, vocabulary, block design, and picture arrangement scores in the vitamin D group over the placebo group (p < 0.001). Leukocyte TL was significantly higher, while serum 8-OXO-dG, OGG1mRNA, and P16INK4amRNA revealed greater decreases in the vitamin D group over the placebo group (p < 0.001). According to mixed-model repeated-measures ANOVA analysis, vitamin D group showed a significant enhancement in the FSIQ score for 12 months compared with the control (estimate value = 5.132, p < 0.001). CONCLUSION: Vitamin D supplementation for 12 months appears to improve cognitive function through reducing oxidative stress regulated by increased TL in order adults with MCI. Vitamin D may be a promising public health strategy to prevent cognitive decline. (Medline Ovid 21/09/2022) 1141","RAYYAN-INCLUSION: {""Baidi""=>""Included"", ""Autumn""=>""Included"", ""Ayachi""=>""Included"", ""Jaya""=>""Included""}",https://dx.doi.org/10.3233/JAD-200926,"8-Hydroxy-2'-Deoxyguanosine/me [Metabolism];Aged;Calcifediol/me [Metabolism];Calcitriol/me [Metabolism];*Cholecalciferol/tu [Therapeutic Use];*Cognition;*Cognitive Dysfunction/dt [Drug Therapy];Cognitive Dysfunction/me [Metabolism];Cognitive Dysfunction/pp [Physiopathology];Cyclin-Dependent Kinase Inhibitor p16/ge [Genetics];DNA Glycosylases/ge [Genetics];Dietary Supplements;Double-Blind Method;Female;Humans;Intelligence Tests;Male;Middle Aged;*Oxidative Stress;*Telomere/me [Metabolism];*Vitamins/tu [Therapeutic Use];0 (CDKN2A protein, human);0 (Cyclin-Dependent Kinase Inhibitor p16);0 (Vitamins);1C6V77QF41 (Cholecalciferol);88847-89-6 (8-Hydroxy-2'-Deoxyguanosine);Vitamin D;Vitamin U;Riboflavin;Vitamin A;Biotin;Folic Acid;Vitamin B Complex;Vitamin E;Ascorbic Acid;Vitamins;Arachidonic Acid;Oxidative Stress;Cognition",,
rayyan-883472392,"The efficacy of a ""cocktail therapy"" on Parkinson's disease with dementia",2019,,,Neuropsychiatric Disease and Treatment,,15,,,"Zhang, Chenhao and Zang, Yanjing and Song, Qin and Li, Hongxuan and Hu, Lei and Zhao, Weidong and Feng, Shanshan and Gu, Fang and Zhao, FengLi and Zhang, Chunliang",http://ovidsp.ovid.com/ovidweb.cgi?T=JS&PAGE=reference&D=psyc16&NEWS=N&AN=2019-46880-001,English,,,"Objective: To explore the efficacy and safety of ""cocktail therapy"" in Parkinson's disease with dementia (PDD). Patients and methods: Sixty patients with PDD were randomly assigned to the test group (n = 30) and a control group (n = 30). The control group received 10 mg of donepezil hydrochloride tablets orally, once a day. The test group was treated with a ""cocktail therapy"", which consisted of 10 mg of donepezil hydrochloride tablets taken orally, once a day; 200 mg of dl-3n-butylphthalide soft capsules taken orally, 15 mins before each meal, three times daily; 800 mg of oxiracetam capsules taken orally, three times daily; and 80 mg of Ginkgo biloba extract tablets taken orally, three times daily. Treatment was administered for six months. The Montreal cognitive assessment scale (MoCA), Blessed-Roth dementia scale, and Clinical Dementia Rating Scale sum of boxes (CDR-SB) were used before treatment and on the third and sixth month after treatment. Adverse events were also monitored. Results: There were no statistical differences in MoCA, CDR-SB, or Blessed-Roth dementia scale scores between the two groups before treatment. MoCA scores of the test group at six months were significantly higher than those before the treatment and at three months, while both the Blessed-Roth and CDR-SB scores were significantly lower than those before treatment and at three months (p < 0.05). Compared with the control group, MoCA scores of the test group were significantly higher, while both the Blessed-Roth and CDR-SB scores were significantly lower (p < 0.05), at six months after treatment. There was no statistical difference (p > 0.05) between the test group (16.67%) and the control group (13.33%) in the rate of abnormal liver function after treatment. Conclusion: Treatment with ""cocktail therapy"" was safe and improved the conditions of patients with PDD, as well as the quality of life of the patients. (PsycInfo Database Record (c) 2021 APA, all rights reserved) (PsycINFO Ovid 21/09/2022) 2999","RAYYAN-INCLUSION: {""Huseyin""=>""Excluded"", ""Baidi""=>""Included"", ""Autumn""=>""Included"", ""Ayachi""=>""Included"", ""Jaya""=>""Included""} | RAYYAN-EXCLUSION-REASONS: Population (not people with dementia or mild cognitive impairment or their carers)",https://dx.doi.org/10.2147/NDT.S179453,*Dementia;*Drugs;*Parkinson's Disease;*Treatment Effectiveness Evaluation;Dementia;Parkinson Disease,,
rayyan-883472393,L-3-n-butylphthalide soft capsules in the treatment of Parkinson disease dementia: A systematic review and meta-analysis of randomized controlled trials,2019,6,,Medicine,1536-5964,98,24,e16082,"Zhong, R. and Chen, Q. and Zhang, X. and Li, M. and Lin, W.",https://ovidsp.ovid.com/ovidweb.cgi?T=JS&CSC=Y&NEWS=N&PAGE=fulltext&D=med16&AN=31192971http://pmt-eu.hosted.exlibrisgroup.com/openurl/44LSE/44LSE_services_page?sid=OVID:medline&id=pmid:31192971&id=doi:10.1097%2FMD.0000000000016082&issn=0025-7974&isbn=&volume=98&issue=24&spage=e16082&pages=e16082&date=2019&title=Medicine&atitle=L-3-n-butylphthalide+soft+capsules+in+the+treatment+of+Parkinson+disease+dementia%3A+A+systematic+review+and+meta-analysis+of+randomized+controlled+trials.&aulast=Zhong,,,,"BACKGROUND: In recent years, L-3-n-butylphthalide (L-NBP) has been used for Parkinson disease dementia (PDD) to attenuate cognitive impairments in China. Therefore, we selected published and qualified clinical trials to conduct a systematic review and meta-analysis with the aim of assessing the effectiveness and safety of L-NBP in the treatment of PDD. OBJECTIVE: This systematic review and meta-analysis aimed to assess the effectiveness and safety of L-NBP in the treatment of PDD. METHODS: We searched PubMed, EMBASE, China National Knowledge Infrastructure, Chinese Scientific Journal Database (VIP database), and Wan-Fang Database to collect eligible articles. We calculated pooled estimates of odds ratios or the standard mean deviation with 95% confidence intervals. RESULTS: Eight randomized controlled trials were included in our meta-analysis. Our meta-analysis showed that L-NBP combined with Western medicine (WM) had a better effect on improving cognitive dysfunction, the total effective rate, symptoms of Parkinson disease (PD), and activities of daily living function than WM alone. Regarding safety, no serious adverse events were observed in the experimental group. CONCLUSION: We found that L-NBP as a complementary therapy may have a positive therapeutic effect for improving cognitive dysfunction, the total effective rate, symptoms of PD, quality of life, and the related serum factors in the treatment of PDD. Furthermore, L-NBP was a safe treatment for PDD. However, the findings of our meta-analysis may be influenced by the low quality of the included studies. We highlight the need to conduct trials with higher methodological quality. (Medline Ovid 21/09/2022) 694","RAYYAN-INCLUSION: {""Baidi""=>""Excluded"", ""Autumn""=>""Excluded"", ""Ayachi""=>""Excluded"", ""Jaya""=>""Excluded""} | RAYYAN-EXCLUSION-REASONS: Publication type (systematic review and meta-analysis)",https://dx.doi.org/10.1097/MD.0000000000016082,*Antiparkinson Agents/ad [Administration & Dosage];Antiparkinson Agents/ae [Adverse Effects];*Benzofurans/ad [Administration & Dosage];Benzofurans/ae [Adverse Effects];Capsules;*Dementia/dt [Drug Therapy];Dementia/et [Etiology];Humans;*Nootropic Agents/ad [Administration & Dosage];Nootropic Agents/ae [Adverse Effects];*Parkinson Disease/dt [Drug Therapy];Parkinson Disease/px [Psychology];Randomized Controlled Trials as Topic;0 (Antiparkinson Agents);0 (Benzofurans);0 (Capsules);0 (Nootropic Agents);822Q956KGM (3-n-butylphthalide);Parkinson Disease;Dementia,,
rayyan-883472394,Acute Effects of Aerobic Exercise on Somatosensory-Evoked Potentials in Patients with Mild Cognitive Impairment,2020,9,23,Brain Sciences,2076-3425,10,10,23,"Amjad, I. and Niazi, I. K. and Toor, H. G. and Nedergaard, R. B. and Shafique, M. and Holt, K. and Haavik, H. and Ahmed, T.",https://ovidsp.ovid.com/ovidweb.cgi?T=JS&CSC=Y&NEWS=N&PAGE=fulltext&D=pmnm5&AN=32977661http://pmt-eu.hosted.exlibrisgroup.com/openurl/44LSE/44LSE_services_page?sid=OVID:medline&id=pmid:32977661&id=doi:10.3390%2Fbrainsci10100663&issn=2076-3425&isbn=&volume=10&issue=10&spage=&pages=&date=2020&title=Brain+Sciences&atitle=Acute+Effects+of+Aerobic+Exercise+on+Somatosensory-Evoked+Potentials+in+Patients+with+Mild+Cognitive+Impairment.&aulast=Amjad,,,,"Mild cognitive impairment (MCI) is becoming a serious problem for developing countries as the lifespan of populations increases. Exercise is known to be clinically beneficial for MCI patients. Somatosensory-evoked potentials (SEPs) may be a potential diagnostic and prognostic marker for this population. The objective of this study was to determine the acute effects of aerobic exercise on SEPs in patients with MCI, to test whether SEPs are sensitive enough to detect improvements in early somatosensory processing. The study had a randomized parallel-group design and included 28 MCI subjects (14 in the experimental group and 14 in the control group). The experimental intervention was 20 min of aerobic exercise using a stationary bicycle. The control intervention involved 20 min of movements and stretches. Subjects were assessed before and after a single intervention session. SEPs were recorded by stimulating the median nerve of the dominant hand. Analysis of normalized SEP peak amplitudes showed that a single session of aerobic activity significantly reduced the N30 peak at the F3 channel (p = 0.03). There were no significant effects of aerobic exercise on SEP peak latencies. The results indicate that 20 min of aerobic exercise has a significant effect on the N30 SEP peak amplitude in MCI patients. The results suggest that aerobic exercise is likely to provide sensory-enriching inputs that enhance sensorimotor integration. Future studies should assess the effects of aerobic exercise on somatosensory processing in progressive stages of Alzheimer's disease, longer exercise durations, and multiple exercise sessions. (Medline Ovid 21/09/2022) 13","RAYYAN-INCLUSION: {""Megan""=>""Included"", ""Wen""=>""Included"", ""Chloe""=>""Included"", ""Xiao""=>""Included""}",https://dx.doi.org/10.3390/brainsci10100663,"Evoked Potentials, Somatosensory;Evoked Potentials",,
rayyan-883472395,Effects of combined intervention of physical exercise and cognitive training on cognitive function in stroke survivors with vascular cognitive impairment: a randomized controlled trial,2019,1,,Clinical Rehabilitation,1477-0873,33,1,54-63,"Bo, W. and Lei, M. and Tao, S. and Jie, L. T. and Qian, L. and Lin, F. Q. and Ping, W. X.",https://ovidsp.ovid.com/ovidweb.cgi?T=JS&CSC=Y&NEWS=N&PAGE=fulltext&D=med16&AN=30064268http://pmt-eu.hosted.exlibrisgroup.com/openurl/44LSE/44LSE_services_page?sid=OVID:medline&id=pmid:30064268&id=doi:10.1177%2F0269215518791007&issn=0269-2155&isbn=&volume=33&issue=1&spage=54&pages=54-63&date=2019&title=Clinical+Rehabilitation&atitle=Effects+of+combined+intervention+of+physical+exercise+and+cognitive+training+on+cognitive+function+in+stroke+survivors+with+vascular+cognitive+impairment%3A+a+randomized+controlled+trial.&aulast=Bo,,,,"OBJECTIVE:: This study evaluated the possible effect of the combined intervention of physical exercise and cognitive training on cognitive function in stroke survivals with vascular cognitive impairment. DESIGN:: A single-blind (investigator-blinded but not subject-blinded) randomized controlled trial. SETTING:: Medical Rehabilitation Center of Shanghai General Hospital, China. SUBJECTS:: A total of 225 patients (mean age 64.59 years, SD = 4.27) who exhibited vascular cognitive impairment were included in this study. INTERVENTIONS:: Patients were randomly allocated into one of the four groups: (1) physical exercise ( n = 56; 50-minute session), (2) cognitive training ( n = 57; 60-minute session), (3) combined intervention of physical exercise and cognitive training ( n = 55; 50-minute session + 60-minute session), or (4) control groups ( n = 57; 45-minute session). All participants received training for 36 sessions, three days per week, for 12 weeks. PRIMARY MEASURES:: Measures were recorded at baseline, after the intervention and at a six-month follow-up. Primary measurements included the Trail Making Part B, Stroop, forward digit span, and mental rotation tests. RESULTS:: A total of 179 participants (79.56% response rate) completed the study. Cognitive performances on all four tasks in the combined training group improved significantly after the intervention ( P < 0.01). Changes in cognitive performance were greater in the combined intervention group than those in the physical exercise group (e.g. forward digit span, 13.61% vs. 2.18%, P = 0.003), the cognitive training group (e.g. mental rotation, 17.36% vs. 0.87%, P = 0.002), and the control group (e.g. Stroop, -4.11% vs. -0.72%, P = 0.026). CONCLUSION:: The combined intervention produced greater benefits on cognitive function compared to either training alone in stroke survivors with vascular cognitive impairment. (Medline Ovid 21/09/2022) 433","RAYYAN-INCLUSION: {""Huseyin""=>""Included"", ""Megan""=>""Included"", ""Wen""=>""Included"", ""Chloe""=>""Included"", ""Xiao""=>""Included""}",https://dx.doi.org/10.1177/0269215518791007,Aged;China;Cognition/ph [Physiology];Cognition Disorders;*Cognitive Behavioral Therapy/mt [Methods];Cognitive Dysfunction/et [Etiology];*Cognitive Dysfunction/rh [Rehabilitation];Exercise;*Exercise Therapy/mt [Methods];Female;Humans;Male;Middle Aged;Single-Blind Method;*Stroke/px [Psychology];Stroke;Cognition;Survivors,,
rayyan-883472396,Effects of music on body and facial expressions and psychological and behavioral symptoms of older adults,2020,,,Brazilian Journal of Occupational Therapy / Cadernos Brasileiros de Terapia Ocupacional,2526-8910,28,2,539-553,"Corrêa, Larissa and de Souza Caparrol, Ana Julia and Martins, Gabriela and Iost Pavarini, Sofia Cristina and Martins Gratão, Aline Cristina",https://search.ebscohost.com/login.aspx?direct=true&db=rzh&AN=144550886&site=ehost-live,,,,"Objective: To compare the physiological, behavioral and expressive effects of nonpharmacological interventions through songs of Brazilian popular character (representative of the life history of the older adults) and classical music in the elderly population with institutionalized dementia. Method: A quantitative, almost-experimental and comparative study was carried out in two groups: ""Intervention Group with Popular Music"" (IGPM; n = 19) and ""Control Group with Classical Music"" (CGCM n = 14) in two Long Institutions Stay for the Elderly people (ILPI). After approval by the Research Ethics Committee (Process nº 1,981,699 / 2017), four (4) individual sessions were held, with five (5) songs. The measures of Psychological and Comparative Symptoms of Dementia (PCSD) were compared between groups; the physiological parameters (frequency and blood pressure) before and after the intervention; facial expressions through the Facial Action Coding System (FACS); and bodily movements. Results: Greater percentage obtained by IGPM for: expressions by FACS of joy (p = 0.039) and surprise (p = 0.041); and greater number of head and trunk movements (t) (t = 2.94, p = 0.006) when compared to CGCM. Regarding SPCD, GIMP presented a significant decrease in the severity of delirium symptoms (t = 2.379, p = .029). Conclusion: The findings demonstrate that the representative of the song of the life trajectory of this population can awaken: satisfaction with life, memories, and joy to live when compared to classical music. Objetivo: Comparar os efeitos da música popular brasileira (representativa da história de vida do idoso) e da música clássica nas expressões corporais e faciais e sintomas psicológicos e comportamentais de idosos com demência institucionalizados. Método: Realizou-se um estudo quantitativo, quase experimental e comparativo, com dois grupos: ""Grupo Intervenção com Música Popular"" (GIMP; n=19) e ""Grupo Controle com Música Clássica"" (GCMC; n=14), em duas Instituições de Longa Permanência para Idosos (ILPI). Após aprovação do Comitê de Ética em Pesquisa (Processo nº 1.981.699/2017), foram realizadas quatro (4) sessões individuais, com apresentação de cinco (5) músicas. Foram comparadas as medidas dos Sintomas Psicológicos e Comportamentais da Demência (SPCD) entre os grupos; os parâmetros fisiológicos (frequência e pressão arterial) antes e após intervenção; as expressões faciais por meio do ""Facial Action Coding System"" (FACS); e movimentos corpóreos. Resultados: Maior percentual obtido pelo GIMP para: expressões pelo FACS de alegria (p=0,039) e surpresa (p=0,041); e maior número de movimentos de Tronco e Cabeça (TC) (t=2,94; p=0,006) quando comparados ao GCMC. Quanto aos SPCD, o GIMP apresentou diminuição significativa na gravidade dos sintomas de delírio (t=2,379; p=,029). Conclusão: Os achados demonstram que as músicas representativas da trajetória de vida a esta população podem despertar: satisfação com a vida, recordações e alegria em viver quando comparadas às músicas clássicas. (CINAHL 21/09/2022) 3336","RAYYAN-INCLUSION: {""Megan""=>""Excluded"", ""Wen""=>""Excluded"", ""Chloe""=>""Excluded"", ""Xiao""=>""Excluded""} | RAYYAN-EXCLUSION-REASONS: Study design (not randomised)",10.4322/25268910.ctoAO1889,Dementia;Diagnosis;In Old Age;Therapy;Brazil;Music Therapy;Evaluation;Gerontologic Care;Behavioral Symptoms;Human;Experimental Studies;Comparative Studies;Quantitative Studies;Questionnaires;T-Tests;Confidence Intervals;Aged,,
rayyan-883472397,Astragaloside IV Supplementation Promotes A Neuroprotective Effect in Experimental Models of Neurological Disorders: A Systematic Review,2019,,,Current Neuropharmacology,1875-6190,17,7,648-665,"Costa, I. M. and Lima, F. O. V. and Fern and es, L. C. B. and Norrara, B. and Neta, F. I. and Alves, R. D. and Cavalcanti, J. and Lucena, E. E. S. and Cavalcante, J. S. and Rego, A. C. M. and Filho, I. A. and Queiroz, D. B. and Freire, M. A. M. and Guzen, F. P.",https://ovidsp.ovid.com/ovidweb.cgi?T=JS&CSC=Y&NEWS=N&PAGE=fulltext&D=med16&AN=30207235http://pmt-eu.hosted.exlibrisgroup.com/openurl/44LSE/44LSE_services_page?sid=OVID:medline&id=pmid:30207235&id=doi:10.2174%2F1570159X16666180911123341&issn=1570-159X&isbn=&volume=17&issue=7&spage=648&pages=648-665&date=2019&title=Current+Neuropharmacology&atitle=Astragaloside+IV+Supplementation+Promotes+A+Neuroprotective+Effect+in+Experimental+Models+of+Neurological+Disorders%3A+A+Systematic+Review.&aulast=Costa,,,,"BACKGROUND: Neurological disorders constitute a growing worldwide concern due to the progressive aging of the population and the risky behavior they represent. Herbal medicines have scientific relevance in the treatment of these pathologies. One of these substances, Astragaloside IV (AS-IV), is the main active compound present in the root of Astragalus membranaceus (Fisch.) Bge, a Chinese medicinal herb with neuroprotective properties. OBJECTIVE: In the present study we performed a systematic review that sought to comprehend the neuroprotective effect presented by AS-IV in experimental models of neurological disorders. METHODS: This study is a systematic review, where an electronic search in United States National Library of Medicine (PubMed), Science Direct, Cochrane Library, Scientific Electronic Library Online (SciELO), Scopus, Web of Science, Medline via Proquest and Periodicos Capes databases covering the years between 2007 and 2017, using ""Astragaloside IV"" and ""Neurodegenerative diseases""; ""Astragaloside IV"" and "" Neurological disorders"" as reference terms was made. RESULTS: A total of 16 articles were identified, in which the efficacy of AS-IV was described in experimental models of Parkinson's disease, Alzheimer's disease, cerebral ischemia and autoimmune encephalomyelitis, by improving motor deficits and/or neurochemical activity, especially antioxidant systems, reducing inflammation and oxidative stress. CONCLUSION: The findings of the present study indicate that the administration of AS-IV can improve behavioral and neurochemical deficits largely due to its antioxidant, antiapoptotic and antiinflammatory properties, emerging as an alternative therapeutic approach for the treatment of neurological disorders. Copyright© Bentham Science Publishers; For any queries, please email at epub@benthamscience.net. (Medline Ovid 21/09/2022) 108","RAYYAN-INCLUSION: {""Megan""=>""Excluded"", ""Wen""=>""Excluded"", ""Chloe""=>""Excluded"", ""Xiao""=>""Excluded""} | RAYYAN-EXCLUSION-REASONS: Publication type (systematic review and meta-analysis)",https://dx.doi.org/10.2174/1570159X16666180911123341,"Alzheimer Disease;Animals;Brain Ischemia;Encephalomyelitis;Humans;*Nervous System Diseases/dt [Drug Therapy];*Neuroprotective Agents/pd [Pharmacology];Parkinson Disease;*Saponins/pd [Pharmacology];*Triterpenes/pd [Pharmacology];0 (Neuroprotective Agents);0 (Saponins);0 (Triterpenes);3A592W8XKE (astragaloside A);Models, Neurological;Neuroprotective Agents;Nervous System Diseases",,
rayyan-883472398,Efficacy of donepezil for the attenuation of memory deficits associated with electroconvulsive therapy,2020,,,Psychiatry Research,0165-1781,293,,,"Dutta, Lt Col Bikram and Sarkar, Col Pradyot and Andrade, Chittaranjan",http://ovidsp.ovid.com/ovidweb.cgi?T=JS&PAGE=reference&D=psyc18&NEWS=N&AN=2020-85776-001,English,,,"We sought to confirm and extend the findings of studies that reported that acetylcholinesterase inhibitor drugs protect against electroconvulsive therapy (ECT)-induced cognitive impairment. We randomized 30 patients with depression (n = 24) or schizophrenia (n = 6) to receive either donepezil (10 mg/day; n = 15) or placebo (n = 15) during a fixed course of 6 thrice-weekly, modified, bifrontotemporal sine wave ECT, and for 30 days subsequently. We assessed memory using the Postgraduate Institute Memory Scale (PGI-MS) at baseline, and again at days 2, 7, and 30 after the ECT course. At baseline, memory functioning was comparable in the 2 groups. At 2 days post-ECT, memory functioning was impaired on almost all 10 subtests and on the total scale. At 30 days post-ECT, memory functioning improved to (numerically) above baseline levels on almost all subtests and on the total scale, with the bulk of the improvement evident by day 7, itself. There was no significant difference between groups in the primary outcome, improvement in PGI-MS scores between Days 2 and 30 post-ECT. On almost all subtests, also, there was no significant difference between groups. In summary, we found that donepezil (10 mg/day) did not improve memory outcomes after ECT. (PsycInfo Database Record (c) 2022 APA, all rights reserved) (PsycINFO Ovid 21/09/2022) 2787","RAYYAN-INCLUSION: {""Megan""=>""Excluded"", ""Wen""=>""Excluded"", ""Chloe""=>""Excluded"", ""Xiao""=>""Excluded""} | RAYYAN-EXCLUSION-REASONS: Population (not people with dementia or mild cognitive impairment or their carers)",https://dx.doi.org/10.1016/j.psychres.2020.113397,*Electroconvulsive Shock Therapy;*Memory;*Nootropic Drugs;*Placebo;*Treatment Effectiveness Evaluation;Amnesia;Schizophrenia;Electroconvulsive Therapy;Memory Disorders;Memory,,
rayyan-883472399,Huperzine-A response to cognitive impairment and task switching deficits in patients with Alzheimer's disease,2019,1,,Journal of the Chinese Medical Association: JCMA,1728-7731,82,1,40-43,"Gul, A. and Bakht, J. and Mehmood, F.",https://ovidsp.ovid.com/ovidweb.cgi?T=JS&CSC=Y&NEWS=N&PAGE=fulltext&D=med16&AN=30839402http://pmt-eu.hosted.exlibrisgroup.com/openurl/44LSE/44LSE_services_page?sid=OVID:medline&id=pmid:30839402&id=doi:10.1016%2Fj.jcma.2018.07.004&issn=1726-4901&isbn=&volume=82&issue=1&spage=40&pages=40-43&date=2019&title=Journal+of+the+Chinese+Medical+Association%3A+JCMA&atitle=Huperzine-A+response+to+cognitive+impairment+and+task+switching+deficits+in+patients+with+Alzheimer%27s+disease.&aulast=Gul,,,,"BACKGROUND: Alzheimer's Disease (AD) is associated with cognitive decline due to various pathological mechanisms. There are several acetylcholinesterase inhibitor compounds which can improve cognition, but Huperzine-A is a natural sesquiterpene alkaloid extracted from Chinese herb (Huperzia Serrata) which has rapid action. METHODS: Double blind study was conducted. Participants included 50 patients with AD and 50 healthy individuals. Patients were recruited from Civil and BV hospital Bahawalpur and Nishter hospital Multan, Pakistan during May 2017 until February 2018 who were stable on Huperzine-A medication. Patients were tested twice. First, at the time of diagnosis to determine baseline scores. Second, post eight weeks of Huperzine-A treatment. Healthy individuals had single testing session. Participants completed Addenbrooke's Cognitive Examination and Trail Making Test. RESULTS: Patients with AD showed cognitive and task switching deficits in contrast with healthy individuals. There was significant improvement in cognition and task switching abilities post Huperzine-A treatment compared with baseline performance. CONCLUSION: Huperzine-A is effective in reducing cognitive and task switching deficits in patients with AD. (Medline Ovid 21/09/2022) 621","RAYYAN-INCLUSION: {""Megan""=>""Excluded"", ""Wen""=>""Excluded"", ""Chloe""=>""Excluded"", ""Xiao""=>""Excluded""} | RAYYAN-EXCLUSION-REASONS: Study design (not randomised)",https://dx.doi.org/10.1016/j.jcma.2018.07.004,Aged;*Alkaloids/tu [Therapeutic Use];*Alzheimer Disease/dt [Drug Therapy];Alzheimer Disease/px [Psychology];*Cholinesterase Inhibitors/tu [Therapeutic Use];*Cognitive Dysfunction/dt [Drug Therapy];Double-Blind Method;Female;Humans;Male;Middle Aged;Neuropsychological Tests;*Sesquiterpenes/tu [Therapeutic Use];0 (Alkaloids);0 (Cholinesterase Inhibitors);0 (Sesquiterpenes);0111871I23 (huperzine A);Alzheimer Disease,,
rayyan-883472400,"Memantine, Donepezil, or Combination Therapy-What is the best therapy for Alzheimer's Disease? A Network Meta-Analysis",2020,10,11,Brain and Behavior,2162-3279,10,11,e01831,"Guo, J. and Wang, Z. and Liu, R. and Huang, Y. and Zhang, N. and Zhang, R.",https://ovidsp.ovid.com/ovidweb.cgi?T=JS&CSC=Y&NEWS=N&PAGE=fulltext&D=med18&AN=32914577http://pmt-eu.hosted.exlibrisgroup.com/openurl/44LSE/44LSE_services_page?sid=OVID:medline&id=pmid:32914577&id=doi:10.1002%2Fbrb3.1831&issn=2162-3279&isbn=&volume=10&issue=11&spage=e01831&pages=e01831&date=2020&title=Brain+and+Behavior&atitle=Memantine%2C+Donepezil%2C+or+Combination+Therapy-What+is+the+best+therapy+for+Alzheimer%27s+Disease%3F+A+Network+Meta-Analysis.&aulast=Guo,,,,"INTRODUCTION: Alzheimer's disease (AD) is a degenerative brain disease that progresses over time, heavily burdening patients, families, and aging societies worldwide. Memantine and donepezil are frequently used in its treatment, both as monotherapy and in combination. This multiple treatment comparison meta-analysis assessed the efficacy of these regimens and placebo in the management of AD. METHODS: We searched PubMed, Embase, the Cochrane Library, and Wanfang Med Online and China National Knowledge Infrastructure for English and Chinese publications from the first records to 17 April 2020. Two investigators scanned articles for placebo-controlled trials of memantine and donepezil alone and in combination. We extracted data on the following outcomes: cognition, global assessment, daily activities, neuropsychiatric symptoms, adverse events, and the acceptability and cost of these treatment regimens. RESULTS: Of 936 records screened, we included 54 trials in this analysis. The combination therapy was more effective in improving cognition (mean difference (MD)-5.01, 95% credible interval (95% Crl) -10.73 to 0.86 in the Alzheimer's Disease Assessment Scale-Cognitive Subscale; MD 9.61, 95% Crl 2.29 to 16.97 in the Severe Impairment Battery), global assessment (MD -2.88, 95% Crl -6.04 to 0.40), daily activities (MD 13.06, 95% Crl -34.04 to 58.92), and neuropsychiatric symptoms (MD -6.84, 95% Crl -10.62 to -2.82) compared with placebo. Memantine was more acceptable than placebo (MD 0.93, 95% Crl 0.69 to 1.22). CONCLUSIONS: Memantine plus donepezil showed superior outcomes for cognition, global assessment, daily activities, and neuropsychiatric symptoms, but lower acceptability than monotherapy and placebo. Combination therapy may be more cost-effective, because memantine slows the progression of AD. Copyright © 2020 The Authors. Brain and Behavior published by Wiley Periodicals LLC. (Medline Ovid 21/09/2022) 727","RAYYAN-INCLUSION: {""Megan""=>""Excluded"", ""Wen""=>""Excluded"", ""Chloe""=>""Excluded"", ""Xiao""=>""Excluded""} | RAYYAN-EXCLUSION-REASONS: Publication type (systematic review and meta-analysis)",https://dx.doi.org/10.1002/brb3.1831,Alzheimer Disease/dt [Drug Therapy];*Alzheimer Disease;China;Donepezil;Humans;Memantine/tu [Therapeutic Use];*Memantine;Network Meta-Analysis;8SSC91326P (Donepezil);W8O17SJF3T (Memantine);Memantine;Alzheimer Disease,,
rayyan-883472401,"Effect of rosuvastatin combined with menantine hydrochloride on the levels of IL-1, IL-6 and IL-10 patients with Alzheimer's disease",2020,,,Journal of Tropical Medicine (Guangzhou),1672-3619,20,3,384-399,"Huang, YiWei and Zhang, Hao and Li, LingZhen",,Chinese,,,"Objective: To investigate the effect of rosuvastatin combined with menantine hydrochloride on clinical efficiency and serum inflammatory eytokine levels of interleukin 1(IL-1). interleukin 6(IL.-6) and interleukin 10(IL-10) in patients with Alzheimer's disease (AD). Methods 100 patients with AD in the geriatric- department of our hospital from 9 month in 2017 to 9 month in 2019 were selected and divided into two groups according to the different use of drugs; control group (n=50) win treated with menantine hydrochloride: observation group (n=50) was heated with rosuvastatin combined with menantine hydrochloride. Clinical efficacy d the two groups was evaluated alter 12 weeks of treatment, and serum inflammatory cytokine levels of IL-1,IL-6 and IL-10 wEre compared between the two groups. Results: After treatment, the scores of ADL and ADAS-cog in the two groups were significantly lower than those before treatment and the scores of ADL and ADAS-cog in the observation group were significantly lower than the control group(P <0.05). The NPI scores of the two groups were significantly lower than those before treatment (P <0.05). While the MMSE, were significantly higher than those before treatment, and there was a statistical difference between the observation group and the control group (P<.0.05). IL-1 and IL-6 levels in both group, after treatment were significantly lower than those before treatment - and those in the observation group was significantly lower than those of the control group (P <0.05). However, there was no statistical difference in IL-10 level between the two groups before and after treatment (P >0.05). And no significant difference in the incidence of adverse thug reactions between the Iwo weeps during treatment. Conclusion: The clinical efficacy of rosuvastatin combined with memantine hydrochloride in the treatment of AD was better than that of memantine hydrochloride alone, and it could effectively reduce the levels of serum inflammatory cytokines of the patient, which was conducive to the recovery of patients. (Global Health Ovid 21/09/2022) 2478","RAYYAN-INCLUSION: {""Megan""=>""Excluded"", ""Wen""=>""Excluded"", ""Chloe""=>""Excluded"", ""Xiao""=>""Excluded""} | RAYYAN-EXCLUSION-REASONS: Study design (not randomised)",,interleukin 6;interleukin 10;human diseases;Alzheimer's disease;brain diseases;brain;drug therapy;rosuvastatin;blood serum;cytokines;disease prevalence;efficacy;immunological factors;interleukin 1;interleukins;statins;Alzheimer Disease,,
rayyan-883472402,Effects of Reminiscence Therapy on Depressive Symptoms in Older Adults with Dementia: A Systematic Review and Meta-Analysis,2019,6,,Journal of Korean Academy of Nursing,2093-758X,49,3,225-240,"Kim, K. and Lee, J.",https://ovidsp.ovid.com/ovidweb.cgi?T=JS&CSC=Y&NEWS=N&PAGE=fulltext&D=med16&AN=31266920http://pmt-eu.hosted.exlibrisgroup.com/openurl/44LSE/44LSE_services_page?sid=OVID:medline&id=pmid:31266920&id=doi:10.4040%2Fjkan.2019.49.3.225&issn=2005-3673&isbn=&volume=49&issue=3&spage=225&pages=225-240&date=2019&title=Journal+of+Korean+Academy+of+Nursing&atitle=%5BEffects+of+Reminiscence+Therapy+on+Depressive+Symptoms+in+Older+Adults+with+Dementia%3A+A+Systematic+Review+and+Meta-Analysis%5D.&aulast=Kim,,,,"PURPOSE: The purpose of this study was to evaluate the effects of reminiscence therapy on depressive symptoms in older adults with dementia using a systematic review and meta-analysis. METHODS: Randomized controlled trials (RCTs) published from January 2000 to January 2018 were searched through Research Information Sharing Service (RISS), Korean Studies Information Service System (KISS), Korean Medical Database (KMbase), KoreaMed, PubMed, Cochrane Library, Cumulative Index to Nursing and Allied Health Literature (CINAHL), and Ovid MEDLINE. Two researchers independently performed the search, selection, and coding. Comprehensive Meta-Analysis 3.0 was used for meta-analysis, and Review Manager program 5.3 was used for quality assessment. RESULTS: Out of the 1,250 retrieved articles, 22 RCTs were selected for analysis. The overall effect size of reminiscence therapy for mitigating depressive symptoms in older adults with dementia was -0.62 (95% Cl: -0.92 to -0.31). The effect size was greater in older adults under 80, those with less disease severity, and those for whom the therapy session lasted less than 40 minutes. CONCLUSION: Reminiscence therapy is an effective non-pharmacological therapy to improve depressive symptoms in older adults with dementia. Because its effectiveness is also influenced by age, disease severity, and application method, it is necessary to consider treatment designs based on individual characteristics as well as methodological approaches. Copyright © 2019 Korean Society of Nursing Science. (Medline Ovid 21/09/2022) 468","RAYYAN-INCLUSION: {""Andra""=>""Excluded"", ""Megan""=>""Excluded"", ""Wen""=>""Excluded"", ""Chloe""=>""Excluded"", ""Xiao""=>""Excluded""} | RAYYAN-EXCLUSION-REASONS: Publication type (systematic review and meta-analysis)",https://dx.doi.org/10.4040/jkan.2019.49.3.225,"Aged;Databases, Factual;Dementia/co [Complications];*Dementia/di [Diagnosis];Depressive Disorder/co [Complications];Depressive Disorder/di [Diagnosis];*Depressive Disorder/th [Therapy];Humans;Mental Recall;Psychotherapy;Dementia",,
rayyan-883472403,"SKIN-ADHESIVE EXTRACRANIAL PHOTOBIOMODULATION IMPROVED MEMORY AND DEPRESSION: A RANDOMIZED, CONTROLLED, SINGLE-BLIND PILOT STUDY WITH PEOPLE WHO HAVE MILD COGNITIVE IMPAIRMENT",2019,,,Alzheimer's and Dementia,1552-5260 1552-5279,15,7,P1586-P1587,"Kim, N. G. and Jeong, W. C. and Heo, C. and Park, K. J. and Lee, J. R. and Ryu, M. H. and Kim, J. and Pak, K. and Kim, Y. H. and Shin, Y. I.",http://ovidsp.ovid.com/ovidweb.cgi?T=JS&PAGE=reference&D=emed20&NEWS=N&AN=2003376335,English,,,"Background: Lack of a successful treatment for mild cognitive impairment (MCI), Alzheimer's disease (AD), and dementia underlines the need for new effective and safe treatments. This study aimed to develop a novel intervention method to improve cognitive decline in MCI patients by applying a skin adhesive extracranial photobiomodulation technique. Method(s): We applied light of 610 nm, irradiance of 3 mW/cm2, to the skin over carotid artery (CA) or/and vertebral artery (VA) bilaterally on the neck through two small skin-adhesive LED units for 30 min. In randomized, single-blind, placebo-controlled study, the healthy subject and MCI patients were allocated into four groups: Placebo, CA, VA, and CA+VA. All participants received treatments for 4 weeks (20 times, once per day) and were administered a Seoul Neuropsychological Screening Battery (SNSB) (Ahn et al., 2010), a Korea-Montreal Cognitive Assessment (K-MoCA), a Geriatric Depression Short Form (GDS-SF) before and after treatments. Ten healthy subjects underwent single photon emission computed tomography (SPECT) scans to measure regional cerebral blood flow (rCBF) at baseline and under irradiation. Result(s): After four week treatment, the MCI patients showed improvement of memory and depression compared with those in placebo group: CA group in memory (P = 0.01); VA group in a K-MoCA (P = 0.03); CA + VA group in memory (P = 0.01), all three groups in a GDS-SF (P = 0.01). The healthy subjects showed improvement of memory in VA and CA groups (P < 0.05). Adverse effects after 4week treatment were rarely reported. rCBF measured under irradiation increased in multiple brain regions compared to baseline images (P < 0.005) including the middle occipital and superior parietal gyri to CA irradiation; the frontal inferior orbital, postcentral, and middle frontal, superior occipital, insula, angular, supramarginal gyri, and cerebellum to VA irradiation; the middle occipital gyri and cerebellum to CA and VA simultaneous irradiation. Conclusion(s): Results suggest that long-term skin adhesive extracranial photobiomodulation can be safely used with MCI patients to improve cognitive dysfunction and mood, presumably by enhancing cerebral blood flow. This method could be an innovative treatment modality for MCI. Further studies are needed to validate the potential as clinical intervention.Copyright © 2019 (Embase Ovid 21/09/2022) 2260","RAYYAN-INCLUSION: {""Megan""=>""Excluded"", ""Wen""=>""Excluded"", ""Chloe""=>""Excluded"", ""Xiao""=>""Excluded""} | RAYYAN-EXCLUSION-REASONS: Setting (not low- and middle-income country)",https://dx.doi.org/10.1016/j.jalz.2019.09.032,adult;Alzheimer disease;brain blood flow;brain region;carotid artery;cerebellum;clinical article;controlled study;drug combination;experimental therapy;female;human;insula;irradiation;late life depression;male;*memory;middle occipital gyrus;*mild cognitive impairment;Montreal cognitive assessment;mood;neck;parietal gyrus;*pilot study;randomized controlled trial;single blind procedure;single photon emission computed tomography;*skin;South Korea;supramarginal gyrus;vertebral artery;*adhesive agent;endogenous compound;placebo;conference abstract;Pilot Projects;Skin,,
rayyan-883472404,Impacts of a multicomponent intervention programme on neuropsychiatric symptoms in people with dementia and psychological health of caregivers: A feasibility pilot study,2019,10,12,International Journal of Geriatric Psychiatry,1099-1166,34,12,1765-1775,"Law, W. and Kwok, T. C. Y.",https://ovidsp.ovid.com/ovidweb.cgi?T=JS&CSC=Y&NEWS=N&PAGE=fulltext&D=med16&AN=31390090http://pmt-eu.hosted.exlibrisgroup.com/openurl/44LSE/44LSE_services_page?sid=OVID:medline&id=pmid:31390090&id=doi:10.1002%2Fgps.5191&issn=0885-6230&isbn=&volume=34&issue=12&spage=1765&pages=1765-1775&date=2019&title=International+Journal+of+Geriatric+Psychiatry&atitle=Impacts+of+a+multicomponent+intervention+programme+on+neuropsychiatric+symptoms+in+people+with+dementia+and+psychological+health+of+caregivers%3A+A+feasibility+pilot+study.&aulast=Law,,,,"OBJECTIVES: The objectives of this study are to explore the feasibility of a multicomponent intervention programme and to evaluate its impacts on behavioural and psychological symptoms of dementia (BPSD) and psychological health of caregivers. METHODS: Fifty-six community-dwelling people with dementia (PWD) and knee osteoarthritis (OA) and their caregivers were recruited and randomized into the intervention group (IG) or comparison group (CG). Each participant in both groups received an individual physiotherapy session (personalized home exercises and care education) and underwent 8 weeks of a 1-hour-structured group exercise session weekly at a day care centre. They were instructed to follow the prescribed home exercise. The IG received a multicomponent programme, combining knee OA-specific therapeutic exercise with self-management support, while the CG attended the routine group exercise programme. The attendance rate and reasons for non-attendance were recorded for evaluating the feasibility. The Chinese versions of the Revised Scale for Caregiving Self-Efficacy (RSCSE) and the Neuropsychiatric Inventory Questionnaire (NPI-Q) were measured at the baseline and postintervention. RESULTS: Fifty-four dyads completed the programme with high attendance rate (94.4%). Compared with the CG, caregivers in the IG significantly improved in three domains of RSCSE scores (P <= .005) and caregivers' distress (P = .004) after the intervention. However, no effects were observed in terms of BPSD severity in PWD. No adverse events or falls were reported. CONCLUSION: This multicomponent programme is feasible and safe for dementia caregivers and older people with mild-to-moderate dementia and knee OA. The programme has beneficial effects on caregiving self-efficacy and distress of dementia caregivers. Copyright © 2019 John Wiley & Sons, Ltd. (Medline Ovid 21/09/2022) 637","RAYYAN-INCLUSION: {""Megan""=>""Excluded"", ""Wen""=>""Excluded"", ""Chloe""=>""Excluded"", ""Xiao""=>""Excluded""} | RAYYAN-EXCLUSION-REASONS: Setting (not low- and middle-income country)",https://dx.doi.org/10.1002/gps.5191,"Aged;Aged, 80 and over;*Caregivers/px [Psychology];*Dementia/px [Psychology];*Exercise Therapy/mt [Methods];Feasibility Studies;Female;Humans;Male;Middle Aged;*Osteoarthritis, Knee/th [Therapy];Patient Acceptance of Health Care;*Patient Education as Topic/mt [Methods];Pilot Projects;Self Efficacy;Dementia",,
rayyan-883472405,Comparison of Cognitive Intervention Strategies for Older Adults With Mild to Moderate Alzheimer's Disease: A Bayesian Meta-analytic Review,2019,10,3,Journal of the American Medical Directors Association,1538-9375,20,3,347-355,"Liang, J. H. and Li, J. Y. and Jia, R. X. and Wang, Y. Q. and Wu, R. K. and Zhang, H. B. and Hang, L. and Xu, Y. and Pan, C. W.",https://ovidsp.ovid.com/ovidweb.cgi?T=JS&CSC=Y&NEWS=N&PAGE=fulltext&D=med16&AN=30459116http://pmt-eu.hosted.exlibrisgroup.com/openurl/44LSE/44LSE_services_page?sid=OVID:medline&id=pmid:30459116&id=doi:10.1016%2Fj.jamda.2018.09.017&issn=1525-8610&isbn=&volume=20&issue=3&spage=347&pages=347-355&date=2019&title=Journal+of+the+American+Medical+Directors+Association&atitle=Comparison+of+Cognitive+Intervention+Strategies+for+Older+Adults+With+Mild+to+Moderate+Alzheimer%27s+Disease%3A+A+Bayesian+Meta-analytic+Review.&aulast=Liang,,,,"OBJECTIVES: We aimed to identify the best form of cognitive therapy among 3 main cognitive interventions of Alzheimer's disease (AD) including cognitive training (CT), cognitive stimulation (CS), and cognitive rehabilitation (CR). DESIGN: Systematic review and Bayesian network meta-analysis. SETTING AND PARTICIPANTS: An exhaustive literature search was conducted based on PubMed, Embase, the Cochrane Central Register of Controlled Trials, PsycINFO, the China National Knowledge Infrastructure database, the Chinese Biomedical Literature database, the Wan Fang database, and Web of Science and other database and randomized controlled trials were identified from their inception to May 1, 2018. Older adult participants diagnosed with AD were recruited. MEASURES: We conducted a Bayesian network meta-analysis (NMA) to rank the included treatments. Cognitive functions were measured based on the Mini-Mental State Examination (MMSE). A series of analyses and assessments, such as the Pairwise meta-analysis and the risk of bias, were performed concurrently. RESULTS: Only 22 studies were included in our analysis based on a series of rigorous screenings, which comprised 1368 participants. No obvious heterogeneities were found in NMA (I2 = 32.7%, P = .07) after the data were pooled. The mean difference (MD) of CT [MD = 2.1, confidence interval [CI]: 1.0, 3.2), CS (MD = 0.92, CI: -0.20, 2.0), and CR (MD = 2.0, CI: 0.73, 3.4) showed that CT and CR could significantly improve cognitive function as measured by MMSE in the treatment group whereas the CS was less effective. CT had the highest probability among the 3 cognitive interventions [the surface under the cumulative ranking curve (SUCRA) = 84.7%], followed by CR (SUCRA = 50.0%) and CS (SUCRA = 47.4%). CONCLUSIONS/RELEVANCE: Our study indicated that the CT might be the best method for improving the cognitive function of AD patients. The findings from our study may be useful for policy makers and service commissioners when they make choices among different alternatives. Copyright Published by Elsevier Inc. (Medline Ovid 21/09/2022) 240","RAYYAN-INCLUSION: {""Andra""=>""Excluded"", ""Megan""=>""Excluded"", ""Wen""=>""Excluded"", ""Chloe""=>""Excluded"", ""Xiao""=>""Excluded""} | RAYYAN-EXCLUSION-REASONS: Publication type (systematic review and meta-analysis)",https://dx.doi.org/10.1016/j.jamda.2018.09.017,"Aged;Aged, 80 and over;*Alzheimer Disease/pp [Physiopathology];Bayes Theorem;*Cognitive Behavioral Therapy/mt [Methods];Female;Humans;Male;Outcome Assessment, Health Care;Severity of Illness Index;Alzheimer Disease;Cognition",,
rayyan-883472406,Meta-analysis of Ginkgo biloba Preparation for the Treatment of Alzheimer's Disease,2020,7,,Clinical Neuropharmacology,1537-162X,43,4,93-99,"Liao, Z. and Cheng, L. and Li, X. and Zhang, M. and Wang, S. and Huo, R.",https://ovidsp.ovid.com/ovidweb.cgi?T=JS&CSC=Y&NEWS=N&PAGE=fulltext&D=med18&AN=32658034http://pmt-eu.hosted.exlibrisgroup.com/openurl/44LSE/44LSE_services_page?sid=OVID:medline&id=pmid:32658034&id=doi:10.1097%2FWNF.0000000000000394&issn=0362-5664&isbn=&volume=43&issue=4&spage=93&pages=93-99&date=2020&title=Clinical+Neuropharmacology&atitle=Meta-analysis+of+Ginkgo+biloba+Preparation+for+the+Treatment+of+Alzheimer%27s+Disease.&aulast=Liao,,,,"OBJECTIVE: The objective of this study was to investigate the efficacy and safety of Ginkgo biloba preparation for the treatment of Alzheimer disease (AD). METHODS: Both English (PubMed, Embase, Cochrane Library databases, and the Cochrane Controlled Trials Register) and Chinese (WanFang, Chinese Biomedical, CNKI, and VIP databases) databases were systematically and independently searched by 2 authors from their inception until July 3, 2019. All relevant studies included AD patients who were treated with Ginkgo biloba. The efficacy and safety of the medicine were used as the main measurement index. RESULTS: Seven studies (N = 939) were identified and analyzed. When compared with placebo, Ginkgo biloba showed exact validity in cognitive function and global clinical assessment (cognitive function section: risk ratio = 1.98, 95% confidence interval = 1.52-2.59, Z = 5.12, P < 0.001; according to Clinical Global Impression Change: odds ratio = 3.119, 95% confidence interval = 2.206-4.410, Z = 6.44, P < 0.001). Adverse events were mild. CONCLUSIONS: Ginkgo biloba preparation has reliable efficacy of cognitive function and global clinical assessment and safety in the treatment of AD. (Medline Ovid 21/09/2022) 735","RAYYAN-INCLUSION: {""Megan""=>""Excluded"", ""Wen""=>""Excluded"", ""Chloe""=>""Excluded"", ""Xiao""=>""Excluded""} | RAYYAN-EXCLUSION-REASONS: Setting (not low- and middle-income country)",https://dx.doi.org/10.1097/WNF.0000000000000394,*Alzheimer Disease/di [Diagnosis];*Alzheimer Disease/dt [Drug Therapy];Alzheimer Disease/px [Psychology];Cognition/de [Drug Effects];Cognition/ph [Physiology];*Ginkgo biloba;Humans;*Phytotherapy/mt [Methods];Plant Extracts/ip [Isolation & Purification];Plant Extracts/pd [Pharmacology];*Plant Extracts/tu [Therapeutic Use];Randomized Controlled Trials as Topic/mt [Methods];0 (Plant Extracts);19FUJ2C58T (Ginkgo biloba extract);Ginkgo biloba;Alzheimer Disease,,
rayyan-883472407,Network topology and machine learning analyses reveal microstructural white matter changes underlying Chinese medicine Dengzhan Shengmai treatment on patients with vascular cognitive impairment,2020,10,6,Pharmacological Research,1096-1186,156,,104773,"Lu, H. and Zhang, J. and Liang, Y. and Qiao, Y. and Yang, C. and He, X. and Wang, W. and Zhao, S. and Wei, D. and Li, H. and Cheng, W. and Zhang, Z.",https://ovidsp.ovid.com/ovidweb.cgi?T=JS&CSC=Y&NEWS=N&PAGE=fulltext&D=med17&AN=32244028http://pmt-eu.hosted.exlibrisgroup.com/openurl/44LSE/44LSE_services_page?sid=OVID:medline&id=pmid:32244028&id=doi:10.1016%2Fj.phrs.2020.104773&issn=1043-6618&isbn=&volume=156&issue=&spage=104773&pages=104773&date=2020&title=Pharmacological+Research&atitle=Network+topology+and+machine+learning+analyses+reveal+microstructural+white+matter+changes+underlying+Chinese+medicine+Dengzhan+Shengmai+treatment+on+patients+with+vascular+cognitive+impairment.&aulast=Lu,,,,"With the increasing incidence of cerebrovascular diseases and dementia, considerable efforts have been made to develop effective treatments on vascular cognitive impairment (VCI), among which accumulating practice-based evidence has shown great potential of the traditional Chinese medicine (TCM). Current randomized double-blind controlled trial has been designed to evaluate the 6-month treatment effects of Dengzhan Shengmai (DZSM) capsules, one TCM herbal preparations on VCI, and to explore the underlying neural mechanisms with graph theory-based analysis and machine learning method based on diffusion tensor imaging (DTI) data. A total of 82 VCI patients were recruited and randomly assigned to drug (45 with DZSM) and placebo (37 with placebo) groups, and neuropsychological and neuroimaging data were acquired at baseline and after 6-month treatment. After treatment, compared to the placebo group, the drug groups showed significantly improved performance in Alzheimer's Disease Assessment Scale-Cognitive subscale (ADAS-cog) score (p < 0.001) and the other cognitive domains. And with the reconstruction of white matter structural network, there were more streamlines connecting the left thalamus and right hippocampus in the drug groups (p < 0.001 uncorrected), with decreasing nodal efficiency of the right olfactory associated with slower decline in the general cognition (r = -0.364, p = 0.048). Moreover, support vector machine classification analyses revealed significant white matter network alterations after treatment in the drug groups (accuracy of baseline vs. 6-month later, 68.18 %). Taking together, the present study showed significant efficacy of DZSM treatment on VCI, which might result from white matter microstructure alterations and the topological changes in brain structural network. Copyright © 2020 Elsevier Ltd. All rights reserved. (Medline Ovid 21/09/2022) 777","RAYYAN-INCLUSION: {""Megan""=>""Included"", ""Wen""=>""Included"", ""Chloe""=>""Included"", ""Xiao""=>""Included""}",https://dx.doi.org/10.1016/j.phrs.2020.104773,"Aged;Beijing;*Cognition/de [Drug Effects];Cognitive Dysfunction/dg [Diagnostic Imaging];*Cognitive Dysfunction/dt [Drug Therapy];Cognitive Dysfunction/pp [Physiopathology];Cognitive Dysfunction/px [Psychology];Dementia, Vascular/dg [Diagnostic Imaging];*Dementia, Vascular/dt [Drug Therapy];Dementia, Vascular/pp [Physiopathology];Dementia, Vascular/px [Psychology];*Diffusion Tensor Imaging;Double-Blind Method;*Drugs, Chinese Herbal/tu [Therapeutic Use];Female;Humans;Male;Middle Aged;Neuropsychological Tests;Predictive Value of Tests;*Support Vector Machine;Time Factors;Treatment Outcome;White Matter/dg [Diagnostic Imaging];*White Matter/de [Drug Effects];White Matter/pp [Physiopathology];0 (Drugs, Chinese Herbal);0 (dengzhan shengmai capsule);European Continental Ancestry Group",,
rayyan-883472408,Effect of donepezil and memantine on improvement of cognitive function in patients with temporal lobe epilepsy,2020,,,Journal of Research in Medical Sciences,1735-1995,25,,29,"Oustad, M. and Najafi, M. and Mehvari, J. and Rastgoo, A. and Mortazavi, Z. and Rahiminejad, M.",https://ovidsp.ovid.com/ovidweb.cgi?T=JS&CSC=Y&NEWS=N&PAGE=fulltext&D=pmnm&AN=32419786http://pmt-eu.hosted.exlibrisgroup.com/openurl/44LSE/44LSE_services_page?sid=OVID:medline&id=pmid:32419786&id=doi:10.4103%2Fjrms.JRMS_209_19&issn=1735-1995&isbn=&volume=25&issue=&spage=29&pages=29&date=2020&title=Journal+of+Research+in+Medical+Sciences&atitle=Effect+of+donepezil+and+memantine+on+improvement+of+cognitive+function+in+patients+with+temporal+lobe+epilepsy.&aulast=Oustad,,,,"BACKGROUND: Cognitive impairment is a common complication of patients with temporal lobe epilepsy (TLE). Therefore, the aim of this study was to compare the effects of donepezil and memantine on improving the cognitive function of patients with TLE. MATERIALS AND METHODS: In a clinical trial study, 70 patients with TLE were divided into two groups of 35 each: 10 mg doses of donepezil (first group) and memantine (second group) were applied for 16 weeks. The level of cognitive function of patients in both groups before and after treatment was determined using Montreal Cognitive Assessment (MoCA) test. RESULTS: The mean score of MoCA before and after intervention was 23.55 +/- 3.67 and 26.09 +/- 2.5, respectively, in the group treated with memantine, and the mean score of intervention was significantly improved (P < 0.001). In the group treated with donepezil, the score before and after the operation was 23.87 +/- 3.18 and 24.35 +/- 2.17, respectively, and no significant difference was observed in this group (P = 0.38). CONCLUSION: Hence, memantine was better than donepezil in the improvement of cognitive impairment in patients with TLE. Copyright: © 2020 Journal of Research in Medical Sciences. (Medline Ovid 21/09/2022) 365","RAYYAN-INCLUSION: {""Megan""=>""Excluded"", ""Wen""=>""Excluded"", ""Chloe""=>""Excluded"", ""Xiao""=>""Excluded""} | RAYYAN-EXCLUSION-REASONS: Population (not people with dementia or mild cognitive impairment or their carers) | USER-NOTES: {""Xiao""=>[""the second paragraph from the left of the fourth page：51 of 64 patients (79.7%) had cognitive impairment""]}",https://dx.doi.org/10.4103/jrms.JRMS_209_19,Temporal Lobe;Epilepsy;Memantine,,
rayyan-883472409,"Effectiveness of the ""Mente Sana Healthy Mind "" Cognitive Training Program for Older Illiterate Adults with Mild Cognitive Impairment",2020,5,23,Geriatrics,2308-3417,5,2,23,"Palo Villegas, Y. D. R. and Pomareda Vera, A. E. and Rojas Zegarra, M. E. and Calero, M. D.",https://ovidsp.ovid.com/ovidweb.cgi?T=JS&CSC=Y&NEWS=N&PAGE=fulltext&D=pmnm5&AN=32456180http://pmt-eu.hosted.exlibrisgroup.com/openurl/44LSE/44LSE_services_page?sid=OVID:medline&id=pmid:32456180&id=doi:10.3390%2Fgeriatrics5020034&issn=2308-3417&isbn=&volume=5&issue=2&spage=&pages=&date=2020&title=Geriatrics&atitle=Effectiveness+of+the+%22Mente+Sana+%5BHealthy+Mind%5D%22+Cognitive+Training+Program+for+Older+Illiterate+Adults+with+Mild+Cognitive+Impairment.&aulast=Palo+Villegas,,,,"Aging can lead to functional and cognitive alterations, sometimes limiting older adults in their social development, especially illiterate groups of older adults who receive poor attention from healthcare systems. In this context, the present investigation proposes the cognitive training program ""MENTE SANA [HEALTHY MIND]"" to improve the cognitive functions of illiterate older adults in Arequipa (Peru). It is a type of quasi-experimental research with a pre-test/post-test design with a homogenous control group. The sample was made up of adults 60 years old and above and of female gender. The Montreal Cognitive Assessment (MoCA) test was used to detect the level of cognitive decline in illiterate older adults. The 50-sessions program was applied to all the older adults with mild cognitive impairment that were selected for the study, on a daily basis. It was found that the tested group improved their cognitive functions compared to the control group. These results help to propose adapted cognitive training programs for illiterate people. (Medline Ovid 21/09/2022) 412","RAYYAN-INCLUSION: {""Megan""=>""Excluded"", ""Wen""=>""Excluded"", ""Chloe""=>""Excluded"", ""Xiao""=>""Excluded""} | RAYYAN-EXCLUSION-REASONS: Study design (not randomised)",https://dx.doi.org/10.3390/geriatrics5020034,Cognition,,
rayyan-883472410,"Effect of Donepezil on Cognitive Impairment, Quality of Life, and Depression in Multiple Sclerosis Patients: A Randomized Clinical Trial",2020,,,International Journal of Preventive Medicine,2008-7802,11,,69,"Shahpouri, M. M. and Barekatain, M. and Tavakoli, M. and Badihian, S. and Shaygannejad, V.",https://ovidsp.ovid.com/ovidweb.cgi?T=JS&CSC=Y&NEWS=N&PAGE=fulltext&D=pmnm&AN=32742613http://pmt-eu.hosted.exlibrisgroup.com/openurl/44LSE/44LSE_services_page?sid=OVID:medline&id=pmid:32742613&id=doi:10.4103%2Fijpvm.IJPVM_154_19&issn=2008-7802&isbn=&volume=11&issue=&spage=69&pages=69&date=2020&title=International+Journal+of+Preventive+Medicine&atitle=Effect+of+Donepezil+on+Cognitive+Impairment%2C+Quality+of+Life%2C+and+Depression+in+Multiple+Sclerosis+Patients%3A+A+Randomized+Clinical+Trial.&aulast=Shahpouri,,,,"BACKGROUND: Cognitive impairment is one of the debilitating consequences of multiple sclerosis (MS) with negative effects on daily life, individual and social activities, quality of life (QOL), and depression. No approved medication is introduced so far for affected individuals. We aimed to evaluate the efficacy of donepezil on cognitive performance, QOL, and depression in MS. METHODS: This is a double-blinded randomized clinical trial conducted on 100 patients with MS during 2018. Patients were assessed prior to intervention abbreviated mental test (AMT), prospective and retrospective mental questionnaire (PRMQ), everyday memory questionnaire (EMQ), digit span test, Beck depression inventory (BDI), and MSQOL questionnaire. Then patients were randomly divided into two groups of treatment (daily regimen of 10 mg donepezil) and placebo for 3 months. Subjects were reassessed using the same instruments at the end of intervention. RESULTS: Fifty patients remained in each group at the end of study. The mean age in donepezil and placebo groups was 31.9 +/- 5.89 and 30.65 +/- 5.43 years, respectively. EMQ, PRMQ, digit span test, MSQOL, and depression scores improved following donepezil therapy (P < 0.001) while no statistically significant difference was found in the placebo group (P > 0.05). Comparison of two groups also showed more favorable scores in donepezil group with respect to all assessment tools (P < 0.001). CONCLUSIONS: Donepezil could effectively improve cognitive impairment in MS patients. Also, its positive effect on QOL and depression could result in a smaller number of interventions in this group of patients. Copyright: © 2020 International Journal of Preventive Medicine. (Medline Ovid 21/09/2022) 366","RAYYAN-INCLUSION: {""Huseyin""=>""Excluded"", ""Megan""=>""Included"", ""Wen""=>""Included"", ""Chloe""=>""Included"", ""Xiao""=>""Included""} | RAYYAN-EXCLUSION-REASONS: Population (not people with dementia or mild cognitive impairment or their carers)",https://dx.doi.org/10.4103/ijpvm.IJPVM_154_19,Quality of Life;Multiple Sclerosis,,
rayyan-883472411,Chinese herbal medicine Qinggongshoutao for the treatment of amnestic mild cognitive impairment: A 52-week randomized controlled trial,2019,,,Alzheimer's & Dementia : Translational Research & Clinical Interventions,2352-8737,5,,441-449,"Tian, J. and Shi, J. and Wei, M. and Ni, J. and Fang, Z. and Gao, J. and Wang, H. and Yao, H. and Zhang, J. and Li, J. and Min, M. and Su, L. and Sun, X. and Wang, B. and Wang, B. and Yang, F. and Zou, Y. and Hu, Y. and Lin, Y. and Xu, G. and Li, K. and Li, L. and Zhen, H. and Xu, J. and Chen, K. and Wang, Y. and group, C. s",https://ovidsp.ovid.com/ovidweb.cgi?T=JS&CSC=Y&NEWS=N&PAGE=fulltext&D=pmnm&AN=31517031http://pmt-eu.hosted.exlibrisgroup.com/openurl/44LSE/44LSE_services_page?sid=OVID:medline&id=pmid:31517031&id=doi:10.1016%2Fj.trci.2019.03.001&issn=2352-8737&isbn=&volume=5&issue=1&spage=441&pages=441-449&date=2019&title=Alzheimer%27s+%26+Dementia+%3A+Translational+Research+%26+Clinical+Interventions&atitle=Chinese+herbal+medicine+Qinggongshoutao+for+the+treatment+of+amnestic+mild+cognitive+impairment%3A+A+52-week+randomized+controlled+trial.&aulast=Tian,,,,"INTRODUCTION: This randomized, double-blind trial aimed to test effect of a Chinese herbal medicine, Qinggongshoutao (QGST) pill, on the cognition and progression of amnestic mild cognitive impairment (aMCI). METHODS: Patients with aMCI were randomly assigned to receive QGST, Ginkgo biloba extract, or placebo for 52 weeks. The primary outcome measures were progression to possible or probable Alzheimer's disease (AD) and change in Alzheimer's Disease Assessment Scale-cognitive subscale scores; secondary outcome measures included assessments for cognition and function. RESULTS: Total 350 patients were enrolled, possible or probable AD developed in 10. There were significant differences in the probability of progression to AD in the QGST group (1.15%) compared with placebo group (10%). There was significant difference in Alzheimer's Disease Assessment Scale-cognitive subscale scores in favor of QGST over the placebo group. Secondary outcome measure (Mini-Mental State Examination) also showed benefit in QGST at end point. DISCUSSION: In patients with aMCI, QGST showed lower AD progression rate than placebo at 8.85%, and may have benefit on global cognition. (Medline Ovid 21/09/2022) 160","RAYYAN-INCLUSION: {""Megan""=>""Included"", ""Wen""=>""Included"", ""Chloe""=>""Included"", ""Xiao""=>""Included""}",https://dx.doi.org/10.1016/j.trci.2019.03.001,"",,
rayyan-883472412,Sequential Therapy Based on Evolvement of Patterns: A New Model for Treatment of Alzheimer's Disease,2019,8,,Chinese Journal of Integrative Medicine,1672-0415,25,8,565-573,"Tian, J. Z. and Shi, J. and Ni, J. N. and Wei, M. Q. and Zhang, X. K. and Chen, K. J. and Wang, Y. Y.",https://ovidsp.ovid.com/ovidweb.cgi?T=JS&CSC=Y&NEWS=N&PAGE=fulltext&D=med16&AN=31069693http://pmt-eu.hosted.exlibrisgroup.com/openurl/44LSE/44LSE_services_page?sid=OVID:medline&id=pmid:31069693&id=doi:10.1007%2Fs11655-019-3066-y&issn=1672-0415&isbn=&volume=25&issue=8&spage=565&pages=565-573&date=2019&title=Chinese+Journal+of+Integrative+Medicine&atitle=Sequential+Therapy+Based+on+Evolvement+of+Patterns%3A+A+New+Model+for+Treatment+of+Alzheimer%27s+Disease.&aulast=Tian,,,,"In order to solve the problem of long-term (>9 months) efficacy in the treatment of Alzheimer's disease (AD) by conventional therapy (CT), a staged and multiply-targeted sequential therapy based on the evolvement of patterns (STEP) was developed. Its main innovations include: (1) the time order of evolution of patterns defined by Chinese medicine (CM) in AD was found, that is, ""the orderly pattern evolution starting from Shen (Kidney) deficiency, progressing to phlegm, stasis and fire, and worsening to severe toxin as well as functional collapse""; (2) the cascade hypothesis of Shen deficiency in AD and its sequential therapy based on Shen-reinforcing was proposed, that is, ""reinforcing Shen in the early stage and throughout the whole process, resolving phlegm, activating blood and purging fire in the middle stage, detoxifying and replenishing vitality to stop the collapse in the advanced stage"", and through meta-analysis, clinical drug use was optimized, thus the leap from ""inferential selection"" to ""evidence-based selection"" was realized; (3) the STEP regimen combined with CT maintained cognitive and behavioral stability in AD patients for at least 12 months, with cognitive enhancement and behavioral synergy after 9 months, and cognitive benefit was superior to CT at 9, 12, 15, 18, 21, and 24 months, respectively. The 2-year cognitive improvement rate was increased by 25.64% (P=0.020) and the cognitive deterioration rate was decreased by 48.71% (P=0.000). Among them, the cognitive and functional benefits of Shen-reinforcing therapy for very early AD (350 cases) for 1 year were better than the placebo (P<0.001), and the dementia conversion rate was reduced by 8.85% (P=0.002). The behavioral symptomatic relief of patients with vascular dementia received fire-purging therapy (540 cases) was superior to those received CT (P=0.016). These data suggested that the STEP regimen has synergistic effects on CTs at least in terms of cognitive benefit, and the earlier the use, the greater the benefit will have. Therefore, the STEP regimen should be considered as one of the clinical options, particularly for the dearth of effective pharmaceutical or immunological interventions that are currently available for AD. (Medline Ovid 21/09/2022) 1001","RAYYAN-INCLUSION: {""Megan""=>""Excluded"", ""Wen""=>""Excluded"", ""Chloe""=>""Excluded"", ""Xiao""=>""Excluded""} | RAYYAN-EXCLUSION-REASONS: Study design (not randomised)",https://dx.doi.org/10.1007/s11655-019-3066-y,"*Alzheimer Disease/dt [Drug Therapy];Drugs, Chinese Herbal/tu [Therapeutic Use];Evidence-Based Medicine;Humans;Medicine, Chinese Traditional;*Models, Biological;0 (Drugs, Chinese Herbal);Alzheimer Disease",,
rayyan-883472413,Effects of Chinese square dancing on older adults with mild cognitive impairment,2020,,,"Geriatric nursing (New York, N.Y.)",1528-3984 (electronic) 1528-3984,41,3,290-296,"Wang, S. and Yin, H. and Meng, X. and Shang, B. and Meng, Q. and Zheng, L. and Wang, L. and Chen, L.",http://ovidsp.ovid.com/ovidweb.cgi?T=JS&PAGE=reference&D=emed21&NEWS=N&AN=629875094,English,,,"The present study aimed to explore the effects of square dancing on global cognition, depressive symptoms, balance, and quality of life of older adults with mild cognitive impairment. We studied 66 older adults with mild cognitive impairment in a large nursing home. Participants were assigned to the intervention group (n=33) or the control group (n=33), according to their residential floor, which was determined by coin tossing. The intervention group underwent a 12-week Chinese square dancing routine, while the control group maintained usual lifestyle (without square dancing). Outcomes were assessed at baseline and at weeks 6 and 12. The results showed positive effects of square dancing on all outcomes assessed, especially on depressive symptoms and quality of life-related mental well-being of the participants. This study showed that square dancing is a promising strategy for older adults with mild cognitive impairment and that long-term adherence can be beneficial.Copyright © 2019 Elsevier Inc. All rights reserved. (Embase Ovid 21/09/2022) 1357","RAYYAN-INCLUSION: {""Megan""=>""Excluded"", ""Wen""=>""Excluded"", ""Chloe""=>""Excluded"", ""Xiao""=>""Excluded""} | RAYYAN-EXCLUSION-REASONS: Study design (not randomised)",https://dx.doi.org/10.1016/j.gerinurse.2019.10.009,Asian continental ancestry group;clinical trial;cognitive defect;dancing;depression;female;human;male;nursing home;*physiology;*psychology;quality of life;very elderly;legislation and jurisprudence;Cognition;Dancing,,
rayyan-883472414,"Medium-chain triglycerides improved cognition and lipid metabolomics in mild to moderate Alzheimer's disease patients with APOE4-/-: A double-blind, randomized, placebo-controlled crossover trial",2020,10,7,Clinical Nutrition,1532-1983,39,7,2092-2105,"Xu, Q. and Zhang, Y. and Zhang, X. and Liu, L. and Zhou, B. and Mo, R. and Li, Y. and Li, H. and Li, F. and Tao, Y. and Liu, Y. and Xue, C.",https://ovidsp.ovid.com/ovidweb.cgi?T=JS&CSC=Y&NEWS=N&PAGE=fulltext&D=med17&AN=31694759http://pmt-eu.hosted.exlibrisgroup.com/openurl/44LSE/44LSE_services_page?sid=OVID:medline&id=pmid:31694759&id=doi:10.1016%2Fj.clnu.2019.10.017&issn=0261-5614&isbn=&volume=39&issue=7&spage=2092&pages=2092-2105&date=2020&title=Clinical+Nutrition&atitle=Medium-chain+triglycerides+improved+cognition+and+lipid+metabolomics+in+mild+to+moderate+Alzheimer%27s+disease+patients+with+APOE4-%2F-%3A+A+double-blind%2C+randomized%2C+placebo-controlled+crossover+trial.&aulast=Xu,,,,"BACKGROUND: Previous clinical and animal studies suggested that medium-chain triglycerides (MCT) might be an alternative energy substrate for the brain and might benefit patients with Alzheimer's disease (AD), but the clinical evidence is not substantial or totally convincing. OBJECTIVE: To investigate the effects of MCT on cognitive ability in patients with mild to moderate AD and explore the changes in peripheral blood metabolomics. METHODS: A double-blind, randomized, placebo-controlled crossover study was undertaken in 53 mild to moderate AD patients. Participants were randomized between two sequences (placebo followed by MCT or MCT followed by placebo) and took MCT jelly or placebo jelly (canola oil) by mouth three times daily (total daily fat dose: 17.3 g MCT, or 19.7 g canola oil) for 30 days per phase. The primary outcome was cognition as measured by the Alzheimer's Disease Assessment Scale-Cognitive Subscale, Chinese version (ADAS-Cog-C). The secondary outcome was self-care as measured by the activities of daily living scale (ADL) and changes in plasma metabolites. RESULTS: This study showed a significant (p < 0.01) reduction in ADAS-Cog-C scores between the MCT (2.62 points below baseline) and placebo interventions (2.57 points above baseline). Data from 46 (86.8%) APOE4-/- subjects who completed the entire study were analyzed. Changes in ADL scores were not significantly different between the MCT and placebo interventions (p > 0.05). The concentrations of TC, HDL-C, beta-hydroxybutyrate and acetoacetate were significantly higher in the MCT group than in the placebo group (p < 0.05). Lysophosphatidylcholine 16:0 (LysoPC (16:0)), LysoPC (P-18:0), LysoPC (P-18:1(9Z)), LysoPC (20:2(11Z,14Z)), and LysoPC (22:5(4Z,7Z,10Z,13Z,16Z)) were significantly increased after MCT intervention, and the concentrations of LysoPC (18:0), palmitic acid, linoleic acid, oleic acid, and 7,12-dimethylbenz[a]anthracene were significantly decreased (p < 0.05), whereas no significant changes appeared after the placebo intervention. Androstenedione concentration increased after placebo intervention. Furthermore, a significant negative correlation was observed between changes in LysoPC (P-18:1(9Z)) and ADAS-Cog-C scores after MCT intervention (r = -0.1472, p < 0.05). CONCLUSIONS: MCT had positive effects on cognitive ability in mild to moderate AD patients with APOE4-/-. These effects of MCT might be related to the metabolism of LysoPC, oleic acid, linoleic acid and palmitic acid, in addition to the ketogenic effect. STUDY ID NUMBER: ChiCTR-IOR-16009737. REGISTRY WEBSITE: WHO ICTRP Search Portal - http://apps.who.int/trialsearch/Default.aspx. Copyright © 2019 Elsevier Ltd and European Society for Clinical Nutrition and Metabolism. All rights reserved. (Medline Ovid 21/09/2022) 726","RAYYAN-INCLUSION: {""Megan""=>""Included"", ""Wen""=>""Included"", ""Chloe""=>""Included"", ""Xiao""=>""Included""}",https://dx.doi.org/10.1016/j.clnu.2019.10.017,"Activities of Daily Living;Aged;Aged, 80 and over;Alzheimer Disease/bl [Blood];Alzheimer Disease/ge [Genetics];Alzheimer Disease/px [Psychology];*Alzheimer Disease/th [Therapy];*Apolipoprotein E4/ge [Genetics];Beijing;Biomarkers/bl [Blood];*Cognition/de [Drug Effects];Cross-Over Studies;Double-Blind Method;Female;Humans;*Lipids/bl [Blood];Male;*Metabolome;*Metabolomics;Middle Aged;Neuropsychological Tests;Recovery of Function;Severity of Illness Index;Time Factors;Treatment Outcome;*Triglycerides/ad [Administration & Dosage];Triglycerides/ae [Adverse Effects];0 (Apolipoprotein E4);0 (Biomarkers);0 (Lipids);0 (Triglycerides);Alzheimer Disease;Apolipoprotein E4;Triglycerides",,
rayyan-883472415,Clinical study on Yangxue Qingnao granules combined with idebenone in treatment of vascular dementia,2020,,,Drugs and Clinic,1674-5515,35,10,2019-2022,"Xu, YuHong",,Chinese,,,"Objective: To explore the clinical effect of Yangxue Qingnao Granules combined with idebenone in treatment of vascular dementia. Methods: Patients (90 cases) with vascular dementia in Henan Rongun Hospital from January 2018 to December 2019 were randomly divided into control (45 cases) and treatment (45 cases) groups. Patients in the control group were po administered with Idebenone Tablets, 1 tablet/time, three times daily. Patients in the treatment group Were po administered with Yangxue Qingnao Granules on the basis of the control group, 1 bag/time, three times daily. Patients in two groups were treated for 60 d. After treatment, the clinical efficacy was evaluated, and the MMSE and ADL scores, the serum levels of MDA, SOD and BDNF in two groups before and after treatment were compared. Results: After treatment, the clinical efficacy and in the control and treatment groups was 77.78% and 93.33%respectively, and there were differences between two groups (P < 0.05). After treatment, the MMSE and ADL scores in two groups here significantly increased (P < 0.05), and which in the treatment group were significantly better than those in the control group (P < 0.05). After treatment, the serum levels of MDA in two groups were significantly decreased (P < 0.05), but the SOD and BDNF levels in two groups were significantly increased (P < 0.05), and these indicators in the treatment group were significantly better than those in the control group (P < 0.05). Conclusion: Yangxue Qingnao Granules combined with idebenone has a significant clinical effect on vaitcular dementia, can improve the cognitive function and the ability of daily life, protect neurons, and reduce oxidative stress. (Global Health Ovid 21/09/2022) 2404","RAYYAN-INCLUSION: {""Megan""=>""Included"", ""Wen""=>""Included"", ""Chloe""=>""Included"", ""Xiao""=>""Included""} | RAYYAN-LABELS: foreign language",http://dx.doi.org/10.7501/j.issn.1674-5515.2020.10.019,"herbal drugs;clinical trials;pharmacology;traditional Chinese medicines;dementia;malondialdehyde;patients;Dementia, Vascular;Dementia",,
rayyan-883472416,"Effect and Safety of Huannao Yicong Formula () in Patients with Mild-to-Moderate Alzheimer's Disease: A Randomized, Double-Blinded, Donepezil-Controlled Trial",2019,8,,Chinese Journal of Integrative Medicine,1672-0415,25,8,574-581,"Yang, Y. and Liu, J. P. and Fang, J. Y. and Wang, H. C. and Wei, Y. and Cao, Y. and Liu, J. G. and Liu, L. T. and Li, H.",https://ovidsp.ovid.com/ovidweb.cgi?T=JS&CSC=Y&NEWS=N&PAGE=fulltext&D=med16&AN=30109588http://pmt-eu.hosted.exlibrisgroup.com/openurl/44LSE/44LSE_services_page?sid=OVID:medline&id=pmid:30109588&id=doi:10.1007%2Fs11655-018-3054-7&issn=1672-0415&isbn=&volume=25&issue=8&spage=574&pages=574-581&date=2019&title=Chinese+Journal+of+Integrative+Medicine&atitle=Effect+and+Safety+of+Huannao+Yicong+Formula+%28%29+in+Patients+with+Mild-to-Moderate+Alzheimer%27s+Disease%3A+A+Randomized%2C+Double-Blinded%2C+Donepezil-Controlled+Trial.&aulast=Yang,,,,"OBJECTIVE: To assess the effect and safety of Huannao Yicong Formula (, HYF) in the treatment of patients with mild-to-moderate Alzheimer's disease (AD). METHODS: Sixty patients with mild-tomoderate AD were evenly randomized into HYF group and donepezil group with the random number method. Patients in the HYF group took 5 g of HYF granules twice daily and 5 mg placebo of donepezil once daily. Patients in the donepezil group took 5 mg donepezil once daily and 5 g placebo of HYF granules twice daily. The intervention lasted for 6 months. Clinical researchers, participants and statisticians were blinded to the treatment assignment throughout the study. The primary outcomes were scores of Alzheimer's Disease Assessment Scale-Cognitive Subscale (ADAS-Cog) and Chinese Medicine Symptom Scale (CM-SS). The secondary outcomes were scores of Montreal Cognitive Assessment (MoCA) test and Mini-Mental State Exam (MMSE). The serum levels of acetylcholinesterase (AchE) and amyloid-beta protein 42 (Abeta42) were detected with enzymelinked immunosorbent assay kits. The scale assessments were conducted at baseline, the 3rd and 6th months of treatment, respectively. Biochemistry tests were conducted at baseline and the 6th month of treatment. RESULTS: A total of 52 patients completed the trial, 28 in HYF group and 24 in donepezil group. Compared with the baseline, HYF and donepezil signifificantly decreased the total scores of ADAS-Cog and CM-SS, and signifificantly increased the scores of MoCA and MMSE after 6-month treatment (all P<0.01). Both treatments remarkably reduced the serum levels of AchE and Abeta42 (both P<0.05). The CM-SS total effective rate of HYF was signifificantly higher than donepezil [75.00% (21/28) vs. 54.17% (13/24), P<0.05]. No severe adverse events were observed in both groups. CONCLUSION: HYF is effective and safe for improving the cognitive function in mildto-moderate AD patients. [Trial registration: Chinese Clinical Trial Registry (Reg No. ChiCTR-IOR-17011746)]. (Medline Ovid 21/09/2022) 340","RAYYAN-INCLUSION: {""Megan""=>""Included"", ""Wen""=>""Included"", ""Chloe""=>""Included"", ""Xiao""=>""Included""}",https://dx.doi.org/10.1007/s11655-018-3054-7,"Acetylcholinesterase/bl [Blood];Alzheimer Disease/bl [Blood];*Alzheimer Disease/dt [Drug Therapy];Alzheimer Disease/pp [Physiopathology];Amyloid beta-Peptides/bl [Blood];Cognition;*Donepezil/tu [Therapeutic Use];Double-Blind Method;*Drugs, Chinese Herbal/tu [Therapeutic Use];Female;Humans;Male;Middle Aged;Treatment Outcome;0 (Amyloid beta-Peptides);0 (Drugs, Chinese Herbal);0 (huannao yicong);8SSC91326P (Donepezil);Alzheimer Disease",,
rayyan-883472417,High-frequency repetitive transcranial magnetic stimulation combined with cognitive training improves cognitive function and cortical metabolic ratios in Alzheimer's disease,2019,,,Journal of Neural Transmission,0300-9564,126,8,1081-1094,"Zhang, Fengxia and Qin, Yuanyuan and Xie, Lingfeng and Zheng, Caixia and Huang, Xiaolin and Zhang, Min",http://ovidsp.ovid.com/ovidweb.cgi?T=JS&PAGE=reference&D=psyc16&NEWS=N&AN=2019-42466-001,English,,,"Various studies report discordant results regarding the efficacy, parameters, and underlying mechanisms of repetitive transcranial magnetic stimulation (rTMS) combined with cognitive training (CT) on Alzheimer's disease (AD). The objective of the study was to assess the effect of rTMS-CT on cognition, the activities of daily life, neuropsychiatric behavioral symptoms, and metabolite levels beneath the stimulated areas of the brain in patients with AD and to investigate the correlation of metabolic changes (measured with proton magnetic resonance spectroscopy [1H-MRS]) with clinical outcomes after treatment. Thirty consecutive patients with mild or moderate AD were enrolled and randomly divided into one of the two intervention groups: (1) real rTMS with CT (i.e., real group) and (2) sham rTMS with CT (i.e., sham group). 10 Hz rTMS was used to stimulate the left dorsolateral prefrontal cortex (DLPFC) and then to stimulate the left lateral temporal lobe (LTL) for 20 min each day for 4 weeks. Each patient underwent neuropsychological assessment at baseline (T0), immediately after treatment (T1), and 4 weeks after treatment (T2). The ratios of N-acetylaspartate/creatine (NAA/Cr), myoinositol/creatine (mI/Cr), and choline/creatine (Cho/Cr) in the stimulated cortex were measured using 1H-MRS at T0 and T1. Twenty-eight patients were treated with rTMS-CT for 4 weeks. Two patients in the sham group withdrew after being treated several times. Compared with the sham group, the cognitive function and behavior in the real rTMS group improved significantly at T1 and T2. In the real group, compared with the sham group, the NAA/Cr ratio in the left DLPFC was significantly elevated (p = 0.045); however, in the left LTL, it only showed a tendency toward increase (p = 0.162). The change in the NAA/Cr ratio in the left DLPFC was negatively correlated with the change in the cognitive scales of the Alzheimer's Disease Assessment Scale (ADAS-cog). This study indicated a possible modest effect of rTMS-CT on preventing clinical and neuronal functional deterioration in the left DLPFC of patients with AD. The left DLPFC is a better candidate area than the left LTL. (PsycInfo Database Record (c) 2021 APA, all rights reserved) (PsycINFO Ovid 21/09/2022) 3085","RAYYAN-INCLUSION: {""Megan""=>""Included"", ""Wen""=>""Included"", ""Chloe""=>""Included"", ""Xiao""=>""Included""}",https://dx.doi.org/10.1007/s00702-019-02022-y,*Alzheimer's Disease;*Cognitive Ability;*Metabolites;*Transcranial Magnetic Stimulation;*Brain Training;Treatment Outcomes;Group Intervention;Spectroscopy;Alzheimer Disease,,
rayyan-883472418,Therapeutic benefit of aripiprazole-olanzapine combination in the treatment of senile Alzheimer's disease complicated by mental disorders,2020,,,Tropical Journal of Pharmaceutical Research,1596-5996 1596-9827,19,2,441-446,"Zheng, N. and Wang, N. and Jia, J. M.",https://www.tjpr.org/admin/12389900798187/2020_19_2_29.pdf http://ovidsp.ovid.com/ovidweb.cgi?T=JS&PAGE=reference&D=emed21&NEWS=N&AN=2005265291,English,,,"Purpose: To determine the clinical efficacy of aripiprazole-olanzapine combination treatment in elderly Alzheimer's disease complicated with mental disorders. Method(s): Ninety-two elderly patients with Alzheimer's disease and mental disorders who were admitted to Binzhou People's Hospital, were enrolled in the study. They were randomized into control and study groups. Control group was treated with olanzapine, while the study group was treated with aripiprazole as an adjuvant therapy in addition to olanzapine. The clinical efficacy, scores on different scales (MMSE, ADAS-cog, CDR, ADL, NPI and CMAI), and incidence of adverse reactions were determined. Result(s): The overall degree of response was significantly higher in the study group than in the control group (p < 0.05). There were no significant differences in MMSE, ADAS-cog, CDR, ADL, NPI and CMAI scores between the two groups before treatment (p > 0.05). The MMSE score of the study group was significantly higher than that of the control group, and the scores in the other scales in the study group were significantly lower after treatment (p < 0.05). The study group had significantly lower incidence of adverse reactions than control group (p < 0.05). Conclusion(s): Aripiprazole-olanzapine combination has significant therapeutic benefit in the treatment of elderly Alzheimer's disease patients complicated with mental disorders. It promotes recovery of neurological function, as well as produces a lower incidence of adverse reactions.Copyright © 2020 The authors. (Embase Ovid 21/09/2022) 1603","RAYYAN-INCLUSION: {""Megan""=>""Included"", ""Wen""=>""Included"", ""Chloe""=>""Included"", ""Xiao""=>""Included""}",https://dx.doi.org/10.4314/tjpr.v19i2.29,*Alzheimer disease/dt [Drug Therapy];article;body weight gain;Clinical Dementia Rating;cognition;constipation/si [Side Effect];controlled study;disease assessment;disease course;dizziness/si [Side Effect];drug efficacy;drug safety;drug tolerability;human;insomnia/si [Side Effect];major clinical study;*mental disease;Mini Mental State Examination;Positive and Negative Syndrome Scale;somnolence;xerostomia/si [Side Effect];*aripiprazole/ae [Adverse Drug Reaction];*aripiprazole/cb [Drug Combination];*aripiprazole/dt [Drug Therapy];*olanzapine/ae [Adverse Drug Reaction];*olanzapine/cb [Drug Combination];*olanzapine/dt [Drug Therapy];Alzheimer Disease;Mental Disorders,,
rayyan-883472419,Therapeutic effects of aerobic exercise on EEG parameters and higher cognitive functions in mild cognitive impairment patients,2019,6,,International Journal of Neuroscience,1563-5279,129,6,551-562,"Amjad, I. and Toor, H. and Niazi, I. K. and Afzal, H. and Jochumsen, M. and Shafique, M. and Allen, K. and Haavik, H. and Ahmed, T.",https://ovidsp.ovid.com/ovidweb.cgi?T=JS&CSC=Y&NEWS=N&PAGE=fulltext&D=med16&AN=30929591http://pmt-eu.hosted.exlibrisgroup.com/openurl/44LSE/44LSE_services_page?sid=OVID:medline&id=pmid:30929591&id=doi:10.1080%2F00207454.2018.1551894&issn=0020-7454&isbn=&volume=129&issue=6&spage=551&pages=551-562&date=2019&title=International+Journal+of+Neuroscience&atitle=Therapeutic+effects+of+aerobic+exercise+on+EEG+parameters+and+higher+cognitive+functions+in+mild+cognitive+impairment+patients.&aulast=Amjad,,,,"BACKGROUND: Mild cognitive impairment (MCI) is becoming an emerging problem for developing countries where there is an increase in expected age. There is no specific curative therapeutic treatment available for these patients. OBJECTIVE: The objective of this study was to evaluate short and long-term changes in the electroencephalogram (EEG) parameters and cognition of MCI patients with aerobic exercises. METHODS: A randomized controlled trial was conducted on 40 patients which were randomly divided into two groups, 'aerobic exercise treatment group (n = 21)' and 'no-aerobic control group (n = 19)'. Short-term effects of exercise were measured after single session of exercise and long-term effects were measured after an 18 sessions (6 weeks) treatment. The outcomes which were measured were, electroenphelogram paramaters (slowness and complexity of the EEG) and cognitive functions (using mini-mental state examination (MMSE), Montreal cognitive assessment (MoCA), and trail making test (TMT) A and B). RESULTS: After one session of aerobic exercise there were significant improvements in slowness (delta waves; 0.678 +/- 0.035 vs 0.791 +/- 0.033; p = .015) and complexity (0.601 +/- 0.051 vs 0.470 +/- 0.042; p = .027) of the EEG in aerobic exercise treated group as compared to no-aerobic exercise group. After six weeks there were significant improvements in slowness (delta waves; 0.581 +/- 0.036 vs 0.815 +/- 0.025; p = .005) and complexity (0.751 +/- 0.045 vs 0.533 +/- 0.046; p = .001) of the EEG in the aerobic group as compared to no-aerobic group. Moreover, significant improvements were observed in the MMSE (p = .032), MoCA (p = .036), TMT-A (p = .005), and TMT-B (p = .007) in aerobic exercise group as compared to no-aerobic group. CONCLUSION: Aerobic exercise showed improvement in cognition after short and long-term treatment in MCI subjects and can be used as potential therapeutic candidate. (Medline Ovid 21/09/2022) 1062","RAYYAN-INCLUSION: {""Yucheng""=>""Included"", ""Tom""=>""Included"", ""Myo""=>""Included"", ""Isaac""=>""Included""}",https://dx.doi.org/10.1080/00207454.2018.1551894,*Cognition;Cognitive Dysfunction/pp [Physiopathology];*Cognitive Dysfunction/px [Psychology];*Cognitive Dysfunction/th [Therapy];*Electroencephalography;*Exercise/ph [Physiology];*Exercise Therapy/mt [Methods];Female;Humans;Male;Middle Aged;Neuropsychological Tests;Electroencephalography;Cognition,,
rayyan-883472420,Therapeutic Potential of Diosgenin and Its Major Derivatives against Neurological Diseases: Recent Advances,2020,,,Oxidative medicine & cellular longevity,1942-0994,2020,,3153082,"Cai, B. and Zhang, Y. and Wang, Z. and Xu, D. and Jia, Y. and Guan, Y. and Liao, A. and Liu, G. and Chun, C. and Li, J.",https://ovidsp.ovid.com/ovidweb.cgi?T=JS&CSC=Y&NEWS=N&PAGE=fulltext&D=med17&AN=32215172http://pmt-eu.hosted.exlibrisgroup.com/openurl/44LSE/44LSE_services_page?sid=OVID:medline&id=pmid:32215172&id=doi:10.1155%2F2020%2F3153082&issn=1942-0994&isbn=&volume=2020&issue=&spage=3153082&pages=3153082&date=2020&title=Oxidative+medicine+%26+cellular+longevity&atitle=Therapeutic+Potential+of+Diosgenin+and+Its+Major+Derivatives+against+Neurological+Diseases%3A+Recent+Advances.&aulast=Cai,,,,"Diosgenin (DG), a well-known steroidal sapogenin, is present abundantly in medicinal herbs such as Dioscorea rhizome, Dioscorea villosa, Trigonella foenum-graecum, Smilax China, and Rhizoma polgonati. DG is utilized as a major starting material for the production of steroidal drugs in the pharmaceutical industry. Due to its wide range of pharmacological activities and medicinal properties, it has been used in the treatment of cancers, hyperlipidemia, inflammation, and infections. Numerous studies have reported that DG is useful in the prevention and treatment of neurological diseases. Its therapeutic mechanisms are based on the mediation of different signaling pathways, and targeting these pathways might lead to the development of effective therapeutic agents for neurological diseases. The present review mainly summarizes recent progress using DG and its derivatives as therapeutic agents for multiple neurological disorders along with their various mechanisms in the central nervous system. In particular, those related to therapeutic efficacy for Parkinson's disease, Alzheimer's disease, brain injury, neuroinflammation, and ischemia are discussed. This review article also critically evaluates existing limitations associated with the solubility and bioavailability of DG and discusses imperatives for translational clinical research. It briefly recapitulates recent advances in structural modification and novel formulations to increase the therapeutic efficacy and brain levels of DG. In the present review, databases of PubMed, Web of Science, and Scopus were used for studies of DG and its derivatives in the treatment of central nervous system diseases published in English until December 10, 2019. Three independent researchers examined articles for eligibility. A total of 150 articles were screened from the above scientific literature databases. Finally, a total of 46 articles were extracted and included in this review. Keywords related to glioma, ischemia, memory, aging, cognitive impairment, Alzheimer, Parkinson, and neurodegenerative disorders were searched in the databases based on DG and its derivatives. Copyright © 2020 Bangrong Cai et al. (Medline Ovid 21/09/2022) 1066","RAYYAN-INCLUSION: {""Yucheng""=>""Excluded"", ""Tom""=>""Excluded"", ""Myo""=>""Excluded"", ""Isaac""=>""Excluded""} | RAYYAN-EXCLUSION-REASONS: Publication type (systematic review and meta-analysis)",https://dx.doi.org/10.1155/2020/3153082,"Animals;Biological Availability;Cognition/de [Drug Effects];*Diosgenin/aa [Analogs & Derivatives];Diosgenin/pk [Pharmacokinetics];Diosgenin/pd [Pharmacology];*Diosgenin/tu [Therapeutic Use];Disease Models, Animal;Humans;Molecular Structure;*Nervous System Diseases/dt [Drug Therapy];Neuroprotective Agents/pk [Pharmacokinetics];Neuroprotective Agents/pd [Pharmacology];*Neuroprotective Agents/tu [Therapeutic Use];Plants, Medicinal/ch [Chemistry];Plants, Medicinal/cl [Classification];0 (Neuroprotective Agents);K49P2K8WLX (Diosgenin)",,
rayyan-883472421,The effect of anti-dementia drugs on Alzheimer disease-induced cognitive impairment: A network meta-analysis,2019,7,,Medicine,1536-5964,98,27,e16091,"Cui, C. C. and Sun, Y. and Wang, X. Y. and Zhang, Y. and Xing, Y.",https://ovidsp.ovid.com/ovidweb.cgi?T=JS&CSC=Y&NEWS=N&PAGE=fulltext&D=med16&AN=31277107http://pmt-eu.hosted.exlibrisgroup.com/openurl/44LSE/44LSE_services_page?sid=OVID:medline&id=pmid:31277107&id=doi:10.1097%2FMD.0000000000016091&issn=0025-7974&isbn=&volume=98&issue=27&spage=e16091&pages=e16091&date=2019&title=Medicine&atitle=The+effect+of+anti-dementia+drugs+on+Alzheimer+disease-induced+cognitive+impairment%3A+A+network+meta-analysis.&aulast=Cui,,,,"BACKGROUND: Cognitive impairment is a principal manifestation of Alzheimer disease (AD). To provide a clinical reference for the treatment of AD, a network meta-analysis (NMA) was performed to evaluate the effects of different anti-dementia drugs on the cognitive impairment exhibited by patients with AD. METHODS: Relevant randomized controlled trials are found through the Pubmed database, Web of Science, Clinical Trials, Embase, Cohranne library, Chinese National Knowledge Infrastructure database, CBM databases, and Wanfang among others. A total of 33 articles were collected, with the earliest document collected having been published in February 2017. The included reports were screened for quality of papers by using strict inclusion and exclusion criteria. All analyses were based on previously published studies reporting de-identified data; thus, no ethical approval or patient consent were required. The Mini-Mental State Examination scores informed the classification of the 33 articles into a mild subgroup, which featured 11 articles, and 12 drugs (besides a placebo); a moderate subgroup, which featured 17 articles and 15 drugs (besides a placebo); and a severe subgroup, which featured 5 articles and 3 drugs (besides a placebo). RESULTS: While donepezil, galanthamine, and huperzine demonstrated the highest efficacy in the mild cognitive dysfunction subgroup (mean difference = 5.2, 2.5, and 2.4, respectively). Donepezil, huperzine A, and rivastigmine achieved the most significant effects in the moderate cognitive dysfunction subgroup (MD = 3.8, 2.9, and 3.0 respectively). In the severe subgroup, donepezil was demonstrably superior to memantine. Donepezil was thus found to effectively address cognitive impairment in patients with AD regardless of the degrees of cognitive decline. CONCLUSIONS: Evaluation of the clinically common anti-dementia drugs using NMA affirmed the utility of cholinesterase inhibitors, especially donepezil, in alleviating cognitive dysfunction of patients with AD. This study may therefore help to inform the clinical selection of pharmacotherapeutic interventions addressing cognitive dysfunction in patients with AD. (Medline Ovid 21/09/2022) 352","RAYYAN-INCLUSION: {""Yucheng""=>""Excluded"", ""Tom""=>""Excluded"", ""Myo""=>""Excluded"", ""Isaac""=>""Excluded""} | RAYYAN-EXCLUSION-REASONS: Publication type (systematic review and meta-analysis)",https://dx.doi.org/10.1097/MD.0000000000016091,*Alzheimer Disease/dt [Drug Therapy];Bayes Theorem;*Cognition/de [Drug Effects];*Cognitive Dysfunction/dt [Drug Therapy];Humans;Mental Status and Dementia Tests;Network Meta-Analysis;*Nootropic Agents/tu [Therapeutic Use];Randomized Controlled Trials as Topic;0 (Nootropic Agents);Alzheimer Disease;Cognition;Dementia,,
rayyan-883472422,Repetitive transcranial magnetic stimulation induced hypoconnectivity within the default mode network yields cognitive improvements in amnestic mild cognitive impairment: A randomized controlled study,2019,,,Journal of Alzheimer's Disease,1387-2877,69,4,1137-1151,"Cui, Hailun and Ren, Rujing and Lin, Guozhen and Zou, Yang and Jiang, Lijuan and Wei, Zhengde and Li, Chunbo and Wang, Gang",http://ovidsp.ovid.com/ovidweb.cgi?T=JS&PAGE=reference&D=psyc16&NEWS=N&AN=2020-03648-019,English,,,"Background: Repetitive transcranial magnetic stimulation (rTMS) is thought to be effective in alleviating cognitive symptoms in patients with amnestic mild cognitive impairment (aMCI), but the mechanisms related to network modification are poorly understood. Objective: Here we tested rTMS efficacy and explored the effect of rTMS-induced changes in the default mode network (DMN) and their predictive value for treatment response. Methods: Twenty-one subjects clinically diagnosed with aMCI were recruited to complete a 10-session randomized and shamcontrolled rTMS treatment targeting the right dorsolateral prefrontal cortex. Resting-state functional magnetic resonance imaging in tandem with neuropsychological assessments were administered before and after the intervention. Changes in functional connectivity of the DMN and relevant brain regions, as well as the correlations between baseline functional connectivity and clinical rating scales were calculated in order to elucidate the mechanism of treatment response to rTMS therapy. Results: Compared to the sham group, the rTMS group achieved improvement of neuropsychological performance and significant functional connectivity changes within the DMN. Group x Time interactions were found between posterior cingulate gyrus and right fusiform gyrus (F(1j19) = 17.154, p = 0.001), and also left anterior cingulate gyrus (F(1j19) = 3.908, p = 0.063), showing an rTMS-induced deactivation of functional connectivity within the DMN. Baseline functional connectivity analysis of seeds within the DMN in the rTMS group revealed negative correlation with AVLT-Recognition score changes. Conclusion: rTMS-induced hypoconnectivity within DMN is associated with clinical cognitive improvements in patients with aMCI. Further, pre-rTMS baseline activity of the DMN at rest may be a predictor for favorable rTMS treatment response. (PsycInfo Database Record (c) 2021 APA, all rights reserved) (PsycINFO Ovid 21/09/2022) 3026","RAYYAN-INCLUSION: {""Yucheng""=>""Included"", ""Tom""=>""Included"", ""Myo""=>""Included"", ""Isaac""=>""Included""}",https://dx.doi.org/10.3233/JAD-181296,*Amnesia;*Brain Connectivity;*Default Mode Network;*Mild Cognitive Impairment;Transcranial Magnetic Stimulation;Functional Magnetic Resonance Imaging,,
rayyan-883472423,"Effectiveness of a psychoeducational intervention for caregivers of People With Dementia with regard to burden, anxiety and depression: A systematic review",2020,3,,Journal of Advanced Nursing,1365-2648,76,3,787-802,"Frias, C. E. and Garcia-Pascual, M. and Montoro, M. and Ribas, N. and Risco, E. and Zabalegui, A.",https://ovidsp.ovid.com/ovidweb.cgi?T=JS&CSC=Y&NEWS=N&PAGE=fulltext&D=med17&AN=31808211http://pmt-eu.hosted.exlibrisgroup.com/openurl/44LSE/44LSE_services_page?sid=OVID:medline&id=pmid:31808211&id=doi:10.1111%2Fjan.14286&issn=0309-2402&isbn=&volume=76&issue=3&spage=787&pages=787-802&date=2020&title=Journal+of+Advanced+Nursing&atitle=Effectiveness+of+a+psychoeducational+intervention+for+caregivers+of+People+With+Dementia+with+regard+to+burden%2C+anxiety+and+depression%3A+A+systematic+review.&aulast=Frias,,,,"AIM: To assess the effectiveness of psychoeducational interventions with respect to burden, anxiety and depression in family caregivers of People With Dementia living at home. BACKGROUND: In dementia, the family assumes the role of main caregiver, maintaining the patient in a good state of health. Nevertheless, burden, anxiety and depression may have negative repercussions in caregivers. Therefore, professional supports through psychoeducational programmes are recommended as interventions for improving caregivers' health. DESIGN: A quantitative systematic review. DATA SOURCES: Electronic searches were performed in CINAHL/AMED/CENTRAL/Web of Science/LILACS/PUBMED from January 2005-August 2018. REVIEW METHODS: The review was conducted using the JADAD scale to assess bias risk and the quality of the randomized controlled trials (RCTs) and the CONSORT instrument to assess study quality report. The extracted data were reviewed by independent reviewer pairs. The review was reported using PRISMA. RESULTS: A total of 18 RCTs met inclusion criteria. Seven were classified as Technology-based Interventions and 11 as Group-based Interventions. CONCLUSION: Psychoeducational interventions for caregivers allow them to increase their knowledge of the illness, develop problem-solving skills and facilitate social support. Technology-based Interventions significantly affect burden while Group-based Interventions affect anxiety, depression, insomnia and burden and quality of life and self-efficacy. IMPACT: Research findings can be used to classify caregivers in future interventions according to illness stage to obtain more precise results. Copyright © 2019 John Wiley & Sons Ltd. (Medline Ovid 21/09/2022) 400","RAYYAN-INCLUSION: {""Yucheng""=>""Excluded"", ""Tom""=>""Excluded"", ""Myo""=>""Excluded"", ""Isaac""=>""Excluded""} | RAYYAN-EXCLUSION-REASONS: Publication type (systematic review and meta-analysis)",https://dx.doi.org/10.1111/jan.14286,*Anxiety;*Caregivers/px [Psychology];*Dementia/nu [Nursing];*Depression;Humans;Inservice Training/og [Organization & Administration];*Inservice Training/st [Standards];Dementia;Anxiety,,
rayyan-883472424,Cognitive Intervention with Musical Stimuli Using Digital Devices on Mild Cognitive Impairment: A Pilot Study,2020,2,25,Healthcare,2227-9032,8,1,25,"Han, E. and Park, J. and Kim, H. and Jo, G. and Do, H. K. and Lee, B. I.",https://ovidsp.ovid.com/ovidweb.cgi?T=JS&CSC=Y&NEWS=N&PAGE=fulltext&D=pmnm5&AN=32106559http://pmt-eu.hosted.exlibrisgroup.com/openurl/44LSE/44LSE_services_page?sid=OVID:medline&id=pmid:32106559&id=doi:10.3390%2Fhealthcare8010045&issn=2227-9032&isbn=&volume=8&issue=1&spage=&pages=&date=2020&title=Healthcare&atitle=Cognitive+Intervention+with+Musical+Stimuli+Using+Digital+Devices+on+Mild+Cognitive+Impairment%3A+A+Pilot+Study.&aulast=Han,,,,"The effect of music therapy on cognitive function has been widely reported; however, its clinical implications remain controversial. Performing therapeutic musical activities in groups using individualized instruments can help overcome the issues of engagement and compliance. We aimed to evaluate the effect of a cognitive intervention with musical stimuli using digital devices on mild cognitive impairment (MCI). In this prospective study, 24 patients with MCI (intervention group, 12; and control group, 12) were enrolled. We developed an electronic device with musical instruments and the Song-based Cognitive Stimulation Therapy protocol (SongCST). Patients in the intervention group underwent a 10-week cognitive intervention involving musical stimuli generated by our device. Effect of the intervention on cognitive function was evaluated by the Mini-Mental State Examination-Dementia Screening (MMSE-DS), Montreal Cognitive Assessment-Korean (MOCA-K), and Clinical Dementia Rating Scale Sum of Boxes (CDR-SOB). In the intervention group, MMSE-DS and MOCA-K scores improved significantly after the 10-week intervention. The changes in MOCA-K and CDR-SB scores were significantly different between the intervention and control groups. Our study showed that music therapy with digital devices has a positive effect on the executive function and overall disease severity in patients with MCI. Our study can facilitate individualization of music therapy using digital devices in groups. (Medline Ovid 21/09/2022) 209","RAYYAN-INCLUSION: {""Yucheng""=>""Excluded"", ""Tom""=>""Excluded"", ""Myo""=>""Excluded"", ""Isaac""=>""Excluded""} | RAYYAN-EXCLUSION-REASONS: Setting (not low- and middle-income country)",https://dx.doi.org/10.3390/healthcare8010045,Pilot Projects;Cognition;Music,,
rayyan-883472425,Antioxidant Properties of Crocus Sativus L. and Its Constituents and Relevance to Neurodegenerative Diseases; Focus on Alzheimer's and Parkinson's Disease,2019,,,Current Neuropharmacology,1875-6190,17,4,377-402,"Hatziagapiou, K. and Kakouri, E. and Lambrou, G. I. and Bethanis, K. and Tarantilis, P. A.",https://ovidsp.ovid.com/ovidweb.cgi?T=JS&CSC=Y&NEWS=N&PAGE=fulltext&D=med16&AN=29564976http://pmt-eu.hosted.exlibrisgroup.com/openurl/44LSE/44LSE_services_page?sid=OVID:medline&id=pmid:29564976&id=doi:10.2174%2F1570159X16666180321095705&issn=1570-159X&isbn=&volume=17&issue=4&spage=377&pages=377-402&date=2019&title=Current+Neuropharmacology&atitle=Antioxidant+Properties+of+Crocus+Sativus+L.+and+Its+Constituents+and+Relevance+to+Neurodegenerative+Diseases%3B+Focus+on+Alzheimer%27s+and+Parkinson%27s+Disease.&aulast=Hatziagapiou,,,,"BACKGROUND: Reactive oxygen species and reactive nitrogen species, which are collectively called reactive oxygen-nitrogen species, are the inevitable by-products of cellular metabolic redox reactions, such as oxidative phosphorylation in the mitochondrial respiratory chain, phagocytosis, reactions of biotransformation of exogenous and endogenous substrata in endoplasmic reticulum, eicosanoid synthesis, and redox reactions in the presence of metal with variable valence. Among medicinal plants, there is growing interest in Crocus Sativus L. It is a perennial, stemless herb, belonging to Iridaceae family, cultivated in various countries such as Greece, Italy, Spain, Israel, Morocco, Turkey, Iran, India, China, Egypt and Mexico. OBJECTIVE: The present study aims to address the protective role of Crocus Sativus L. in neurodegeneration with an emphasis in Parkinson's and Alzheimer's disease. MATERIALS AND METHODS: An electronic literature search was conducted by two of the authors from 1993 to August 2017. Original articles and systematic reviews (with or without meta-analysis), as well as case reports were selected. Titles and abstracts of papers were screened by a third reviewer to determine whether they met the eligibility criteria, and full texts of the selected articles were retrieved. RESULTS: Hence, the authors focused on the literature concerning the role of Crocus Sativus L. on its anti-oxidant and neuroprotective properties. CONCLUSION: Literature findings represented in current review herald promising results for using Crocus Sativus L. and/or its active constituents as antioxidants, anti-inflammatory, and neuroprotective agents. Copyright© Bentham Science Publishers; For any queries, please email at epub@benthamscience.net. (Medline Ovid 21/09/2022) 51","RAYYAN-INCLUSION: {""Yucheng""=>""Excluded"", ""Tom""=>""Excluded"", ""Myo""=>""Excluded"", ""Isaac""=>""Excluded""} | RAYYAN-EXCLUSION-REASONS: Study design (not randomised)",https://dx.doi.org/10.2174/1570159X16666180321095705,*Alzheimer Disease/dt [Drug Therapy];Alzheimer Disease/me [Metabolism];Animals;Antioxidants/ip [Isolation & Purification];*Antioxidants/pd [Pharmacology];*Crocus/ch [Chemistry];Humans;*Parkinson Disease/dt [Drug Therapy];Parkinson Disease/me [Metabolism];Phytotherapy;Plant Extracts/ip [Isolation & Purification];Plant Extracts/pd [Pharmacology];0 (Antioxidants);0 (Plant Extracts);Antioxidants;Parkinson Disease;Neurodegenerative Diseases,,
rayyan-883472426,"The effects of donepezil, galantamine, rivastigmine and memantine on mini-mental state examination and mean flow velocity in patients with vascular dementia: A double- blinded randomized clinical trial",2020,,,Journal of Kerman University of Medical Sciences,1023-9510 2008-2843,27,2,113-119,"Iranmanesh, F. and Shafiee, K. and Farzan, A.",http://jkmu.kmu.ac.ir/article_90614_c24279fff53be23fbc67ec7a62ac8d18.pdf http://ovidsp.ovid.com/ovidweb.cgi?T=JS&PAGE=reference&D=emed21&NEWS=N&AN=2004388230,English,,,"Background: Vascular dementia is one of the most common forms of dementia. At now, there is no treatment available to cure vascular dementia or to alter its clinical course. Some studies suggest that some drugs may be useful in controlling symptoms. The aim of this study was to evaluate the effects of donepezil, memantine, rivastigmine and galantamine on mean flow velocity and Mini-Mental State Examination of patients with vascular dementia in a three- month follow-up period. Method(s): This double-blind clinical trial was conducted on 44 patients with vascular dementia. Vascular dementia was diagnosed based on the DSM-V criteria. According to the order of entry into the study, the participants were treated with one of the selected drugs [donepezil (10 mg/d), memantine (10 mg/d), galantamine (8 mg/d) and rivastigmine (6 mg/d)]. The sampling finished whenever 11 patients in each group completed the three-month trial. The MMSE and color Doppler ultrasound was performed for all participants before and three months after the intervention. Result(s): According to the findings, there was no significant difference among the groups in the frequency of variables and the mean scores of Mini-Mental State Examination before the intervention, but the administration of memantine and donepezil significantly increased Mini-Mental State Examination score (P = 0.009 and P = 0.001 respectively). Moreover, rivastigmine, galantamin and donepezil significantly increased mean flow velocity in some arteries. Discussion(s): Memantine and donepazil improve cognitive function in patients with vascular dementia. Rivastigmine, galantamin and donepezil have some effects on cerebral blood flow.Copyright © 2020, Kerman University of Medical Sciences. All rights reserved. (Embase Ovid 21/09/2022) 1252","Multidop | RAYYAN-INCLUSION: {""Yucheng""=>""Included"", ""Tom""=>""Included"", ""Myo""=>""Included"", ""Isaac""=>""Included""}",,"adult;anterior cerebral artery;article;basilar artery;clinical article;color Doppler flowmetry;controlled study;diastolic blood pressure;double blind procedure;drug dose increase;female;*flow rate;follow up;human;hypertension;internal carotid artery;male;middle aged;middle cerebral artery;*Mini Mental State Examination;*multiinfarct dementia/dt [Drug Therapy];posterior cerebral artery;randomized controlled trial;systolic blood pressure;vertebral artery;*donepezil/ct [Clinical Trial];*donepezil/dt [Drug Therapy];*galantamine/ct [Clinical Trial];*galantamine/dt [Drug Therapy];*memantine/ct [Clinical Trial];*memantine/dt [Drug Therapy];*rivastigmine/ct [Clinical Trial];*rivastigmine/dt [Drug Therapy];transcranial doppler;Dementia, Vascular;Memantine;Galantamine;Dementia",,
rayyan-883472427,Changes in activity and light exposure rhythms by timed blue light therapy in Alzheimer's disease patients,2019,,,Sleep Medicine,1389-9457 1878-5506,64,,S198,"Kim, S. J. and Lee, S. H. and Suh, I. B. and Jang, J. W. and Jhoo, J. H. and Lee, J. H.",http://ovidsp.ovid.com/ovidweb.cgi?T=JS&PAGE=reference&D=emed20&NEWS=N&AN=2004230955,English,,,"Introduction: Circadian rhythm disturbance in Alzheimer's disease(AD) patients often leads to sleep disturbance. The rest-activity rhythms(RARs) are particularly disturbed in AD patients, and inadequate light exposure rhythms(LERs) have been implied as a cause of sleep fragmentation. Light therapy(LT) has been proposed to reduce sleep disturbance by stabilizing circadian rhythms in AD patients. We aimed to examine the changes in RARs and LERs by the timed blue LT in AD patients, and their relationship with the change in nocturnal sleep quality. Material(s) and Method(s): We recruited mild to moderate AD patients with the Pittsburgh Sleep Quality Index(PSQI) score of 5 and greater, and/or with insomnia symptoms 3 and more times a week. The patients were randomly assigned to the treatment group(TG) and control group(CG). The MMSE in the Korean version of CERAD Packet(MMSE-KC), Clinical Dementia Rating Scale(CDR) were administered for each patient. Actigraphy(Actiwatch 2; Philips Respironics, Murrysville PA, USA) monitoring for 5 days was conducted at home before and after the LT(T0 vs.T1). The dim light melatonin onset(DLMO) was determined from seven hourly saliva samples obtained before sleep onset measured by actigraphy. Home-based one-hour blue-enriched LT was applied between 9 to 10h after DLMO for 2 weeks. The CG patients were kept to wear blue-blocked glasses during the LT. Thirteen patients of TG(77.5 +/-6.0 years) and eight patients of CG(79.8+/-8.0 years) were included in this analysis. The changes in the interdaily stability(IS), intradaily variability(IV) and relative amplitude(RA) of RARs and those of LERs after the LT were compared with those at T0 in the TG and CG. Correlation analyses of the changes in sleep parameters and those in the IS, IV and RA of RARs and LERs between T0 and T1 were done in the TG and CG. Result(s): There was a significant difference in gender distribution between the CG and TG(p<.01). There were no significant differences in the scores of the MMSE-KC, CDR and PSQI at T0 between the CG and TG. Although there were no significant changes in the IS, IV and RA of RARs and LERs between T0 and T1 in the TG, the IS of RARs in the CG was reduced with a near-significant trend(T0: 0.55+/-0.13 vs. T1: 0.47+/-0.16, p=.078) in the CG. There was a significant correlation between the change in the sleep efficiency and that in the IS of RARs(p<.05), and a significant correlation between the change in the total sleep time and that in the IS of LERs(p<.01) in the TG. There were not any significant correlations among these parameters in the CG. Conclusion(s): We did not find significant improvements in the stability, fragmentation and robustness in the activity pattern and light exposure pattern after the timed LT in AD patients. However, we found that the increase in the stability of activity pattern or light exposure pattern was somewhat associated with the improvement of nocturnal sleep quality by the timed blue LT. Acknowledgements: Basic Science Research Program through the National Research Foundation of Korea (NRF) funded by the Ministry of Science, ICT & Future Planning (2017R1A2B4003493).Copyright © 2019 (Embase Ovid 21/09/2022) 2225","RAYYAN-INCLUSION: {""Yucheng""=>""Excluded"", ""Tom""=>""Excluded"", ""Myo""=>""Excluded"", ""Isaac""=>""Excluded""} | RAYYAN-EXCLUSION-REASONS: Setting (not low- and middle-income country)",https://dx.doi.org/10.1016/j.sleep.2019.11.551,actimetry;adult;*Alzheimer disease;*blue light;clinical article;Clinical Dementia Rating;controlled study;correlation analysis;female;fragmented sleep;gender;human;insomnia;Korea;*light exposure;male;Mini Mental State Examination;night sleep;phototherapy;Pittsburgh Sleep Quality Index;randomized controlled trial;*rhythm;saliva;sleep quality;sleep time;spectacles;stage 1 sleep;melatonin;conference abstract;Alzheimer Disease;Phototherapy,,
rayyan-883472428,Herbal Medicine for Vascular Dementia: An Overview of Systematic Reviews,2020,,,Current Vascular Pharmacology,1875-6212,18,4,394-409,"Kim, T. H. and Kang, J. W.",https://ovidsp.ovid.com/ovidweb.cgi?T=JS&CSC=Y&NEWS=N&PAGE=fulltext&D=med17&AN=31258089http://pmt-eu.hosted.exlibrisgroup.com/openurl/44LSE/44LSE_services_page?sid=OVID:medline&id=pmid:31258089&id=doi:10.2174%2F1570161117666190618164443&issn=1570-1611&isbn=&volume=18&issue=4&spage=394&pages=394-409&date=2020&title=Current+Vascular+Pharmacology&atitle=Herbal+Medicine+for+Vascular+Dementia%3A+An+Overview+of+Systematic+Reviews.&aulast=Kim,,,,"INTRODUCTION: Vascular dementia (VaD), a severe neurologic condition related to aging of the cerebrovascular structure, has been treated with herbal medications and products. In this overview of systematic reviews (SRs) on the effects of herbal medications, we aimed to summarize the current clinical evidence on the benefits of herbal drugs and to propose an evidence map outlining their effects on VaD. METHODS: SRs assessing their effects on cognitive function or performance and the associated safety, published until December 2018, were located from PubMed, EMBASE, Cochrane Database of Systematic Reviews, Database of Abstracts of Reviews of Effects, China National Knowledge Infrastructure, and Oriental Medicine Advanced Searching Integrated System. A Measurement Tool to Assess systematic Reviews 2 was used to assess their overall confidence. A bubble plot was proposed to present the depth and width of the current status of the evidence supporting the use of individual herbal drugs. RESULTS: Ten SRs (4 on individual herbal medications and 6 on various herbal drugs) were included. The overall evidence on herbal medicines suggests that they are effective in improving cognitive function and performance. Individual herbal medications including FuFangHaiShe, NaoXinTong, YinDanXing- NaoTong, NaoMaiTai, ShenFuTang, and TongXinLuo showed favourable effects when assessed via a minimal mental state examination score but have limited evidence supporting their effectiveness due to the scarcity of randomized controlled trials. Concerning safety, most SRs did not outline the estimated risk ratio of adverse events. CONCLUSION: Herbal medications might have benefits for VaD patients but they need to be evaluated further. Copyright© Bentham Science Publishers; For any queries, please email at epub@benthamscience.net. (Medline Ovid 21/09/2022) 600","RAYYAN-INCLUSION: {""Yucheng""=>""Excluded"", ""Tom""=>""Excluded"", ""Myo""=>""Excluded"", ""Isaac""=>""Excluded""} | RAYYAN-EXCLUSION-REASONS: Publication type (systematic review and meta-analysis)",https://dx.doi.org/10.2174/1570161117666190618164443,"*Brain/de [Drug Effects];Brain/me [Metabolism];Brain/pa [Pathology];Brain/pp [Physiopathology];*Cognition/de [Drug Effects];*Dementia, Vascular/dt [Drug Therapy];Dementia, Vascular/me [Metabolism];Dementia, Vascular/pa [Pathology];Dementia, Vascular/pp [Physiopathology];Humans;Nootropic Agents/ae [Adverse Effects];*Nootropic Agents/tu [Therapeutic Use];Plant Preparations/ae [Adverse Effects];*Plant Preparations/tu [Therapeutic Use];Systematic Reviews as Topic;Treatment Outcome;0 (Nootropic Agents);0 (Plant Preparations);Dementia, Vascular;Dementia",,
rayyan-883472429,The Effectiveness of Function-Focused Care Interventions in Nursing Homes: A Systematic Review,2019,2,,Journal of Nursing Research,1948-965X,27,1,1-13,"Lee, S. J. and Kim, M. S. and Jung, Y. J. and Chang, S. O.",https://ovidsp.ovid.com/ovidweb.cgi?T=JS&CSC=Y&NEWS=N&PAGE=fulltext&D=med16&AN=30694224http://pmt-eu.hosted.exlibrisgroup.com/openurl/44LSE/44LSE_services_page?sid=OVID:medline&id=pmid:30694224&id=doi:10.1097%2Fjnr.0000000000000268&issn=1682-3141&isbn=&volume=27&issue=1&spage=1&pages=1-13&date=2019&title=Journal+of+Nursing+Research&atitle=The+Effectiveness+of+Function-Focused+Care+Interventions+in+Nursing+Homes%3A+A+Systematic+Review.&aulast=Lee,,,,"BACKGROUND: Since the Omnibus Budget and Reconciliation Act was passed in South Korea in 1987, function-focused care (FFC) has been used in long-term care to achieve the highest possible levels of self-care and independence for older adults. However, many perceive nursing home residents with cognitive function impairments as having little restorative potential. PURPOSE: The purpose of this review is to report on evidence and strategies relating to FFC interventions in nursing home settings and to summarize the effects of FFC on the functional abilities of resident subgroups. METHODS: A literature review using EMBASE, MEDLINE, and Cumulative Index to Nursing and Allied Health Literature was conducted for articles published between January 1, 2000, and February 20, 2016. Twenty-two eligible studies were identified. Relevant data were extracted, and the results were synthesized into an integrated literature review. Study quality was appraised using the Cochrane Risk of Bias tool and the Risk of Bias Assessment tool for Non-randomized Studies. RESULTS: This review included 22 trials that were of moderate to high quality. Our systematic review confirmed the FFC interventions as integrated and dedicated processes; the five key strategies underpinning effective FFC interventions; and the effectiveness of FFC interventions on physical, psychosocial, and cognitive functions. The five key strategies underpinning FFC interventions included interactive learning for caregivers, the content of learning programs for caregivers, residents' preferences and interests, optimizing approaches according to residents' functional status, and the conceptual frameworks of FFC interventions. Most of the studies (n = 15) evaluated psychosocial functions and found significant improvements in aspects such as mood, affect, and behavioral problems. Likewise, the 13 studies assessing physical function found significant improvements in effectiveness in aspects such as movement, balance, and activities of daily living. Only four studies looked at cognitive function effectiveness, using measures such as place finding, verbal use, and memory. CONCLUSIONS/IMPLICATIONS FOR PRACTICE: Our review found scientific evidence that FFC interventions improve functional abilities across various levels of cognitive function in nursing homes. Nursing homes may employ effective strategies to maximize the effects of FFC interventions and use educational materials to teach caregivers to implement FFC interventions competently. (Medline Ovid 21/09/2022) 405","RAYYAN-INCLUSION: {""Yucheng""=>""Excluded"", ""Tom""=>""Excluded"", ""Myo""=>""Excluded"", ""Isaac""=>""Excluded""} | RAYYAN-EXCLUSION-REASONS: Setting (not low- and middle-income country)",https://dx.doi.org/10.1097/jnr.0000000000000268,"Humans;Nursing Homes/og [Organization & Administration];*Recovery of Function;Rehabilitation/mt [Methods];*Rehabilitation/st [Standards];Nursing Homes;Nurses, Community Health;Home Nursing",,
rayyan-883472430,CRUCIAL CHARACTERISTICS OF NON-PHARMACOLOGICAL MANAGEMENT FOR IMPROVING BEHAVIOURAL AND PSYCHOLOGICAL SYMPTOMS AMONG PERSONS IN PRE-CLINICAL AND EARLY STAGE OF DEMENTIA,2019,,,Alzheimer's and Dementia,1552-5260 1552-5279,15,7,P1168-P1169,"Lin, R. S. Y. and Yu, D. S. F. and Li, P. W. C.",http://ovidsp.ovid.com/ovidweb.cgi?T=JS&PAGE=reference&D=emed20&NEWS=N&AN=2003374570,English,,,"Background: Managing behavioral and psychological symptoms among people in pre-clinical and early stage of dementia is always a neglected area even though there is an increasing evidence to indicate its unexpectedly high prevalence (depression: 57.7%; irritability: 49.1%; apathy: 49.1%; Sheikh et al., 2018) among this cohort. Further research also identified that such symptoms play a role in compromising the patient's quality of life, increasing cognitive deterioration, and increasing the formal and informal care resources (Lyketsos, 2015). As such, there is a prompt need to identify evidence-based practices which can improve the behavioral and psychological symptoms among patients in the pre-clinical and early stage of dementia. This systematic review and meta-analysis is to serve this purpose and aims at identifying the crucial characteristics of effective interventions. Method(s): A comprehensive literature search was conducted in ten electronic databases, including MEDLINE, OvidSP, Cochrane, Embase, PubMed, CINAHL, PsycINFO, Ageline, Web of Science and China Journal Net. No limitation was set regarding the date of publication. Articles meeting the following criteria were included: 1) randomized controlled trials; 2) examining the effects of non-pharmacological interventions to reduce behavioral and psychological symptoms among persons with MCI or mild dementia; 3) recruited community-dwelling subjects aged 18 or over. The interventions are compared in details to identify the crucial characteristics which benefit the health outcomes. Result(s): A total of 16 studies (N=1072) were included in the review, three studies focused on MCI and 13 studies focused on early dementia. The meta-analysis revealed that multimodal interventions consisting cognitive training which supports skill transfer to daily life, psycho-behavioral skills emphasising creating a positive outlook at present and for future, and disease-specific education focusing on increasing understanding on illness management had a significantly greater benefit than single-component intervention in reducing depressive symptoms [SMD: -0.75; CI: (-1.03, 0.48); P<0.00001; I2=75%; p=0.001). Conclusion(s): This review suggested that multimodal interventions have the most promising result in managing behavioral and psychological symptoms. As only scant studies were found to address this problem in MCI population, the findings provide a blueprint to inform the future intervention for MCI population. [Figure presented]Copyright © 2019 (Embase Ovid 21/09/2022) 2303","RAYYAN-INCLUSION: {""Huseyin""=>""Excluded"", ""Yucheng""=>""Excluded"", ""Tom""=>""Excluded"", ""Myo""=>""Excluded"", ""Isaac""=>""Excluded""} | RAYYAN-EXCLUSION-REASONS: Publication type (conference abstract) | USER-NOTES: {""Tom""=>[""Full Text Not Available""]}",https://dx.doi.org/10.1016/j.jalz.2019.06.3555,adult;apathy;China;Cinahl;community dwelling person;depression;education;Embase;female;human;irritability;male;Medline;*mental deterioration;meta analysis;*preclinical study;PsycINFO;randomized controlled trial (topic);skill;systematic review;Web of Science;conference abstract;Dementia,,
rayyan-883472431,Effects of the biopsychosocial functional activity program on cognitive function for community older adults with mild cognitive impairment: A cluster-randomized controlled trial,2020,12,,Nursing & Health Sciences,1442-2018,22,4,1065-1075,"Lin, Y. C. and Wang, C. J. and Chang, Y. F. and Wang, J. J.",https://ovidsp.ovid.com/ovidweb.cgi?T=JS&CSC=Y&NEWS=N&PAGE=fulltext&D=med18&AN=32865857http://pmt-eu.hosted.exlibrisgroup.com/openurl/44LSE/44LSE_services_page?sid=OVID:medline&id=pmid:32865857&id=doi:10.1111%2Fnhs.12772&issn=1441-0745&isbn=&volume=22&issue=4&spage=1065&pages=1065-1075&date=2020&title=Nursing+%26+Health+Sciences&atitle=Effects+of+the+biopsychosocial+functional+activity+program+on+cognitive+function+for+community+older+adults+with+mild+cognitive+impairment%3A+A+cluster-randomized+controlled+trial.&aulast=Lin,,,,"Early preventive interventions may delay the onset of dementia for people with mild cognitive impairment. This study was designed to examine the effects of the biopsychosocial functional activity program on the cognitive function of community middle to older adults with mild cognitive impairment. A cluster-randomized controlled trial was conducted. The experimental group received a 12-month biopsychosocial functional activity program intervention that contained two phases. The first phase was a 6-week teaching program followed by a second-phase home follow-up phase. The measurement was carried out at baseline, 6 months and 12 months after the biopsychosocial functional activity program. The measurement tool was the Chinese version of the Saint Louis University Mental Status Examination. The Generalized Estimating Equations statistical approach was used to analyze the data. The experimental group showed significant short-term and continuous improvement in overall cognitive function in the immediate- and short-term memory domain while the domain of attention and executive function showed improvement on the 12-month measurement compared to the control group. Yet, there was no significant improvement overall and in the three domains of cognitive function for the control group. The findings may become references for advancing the dementia prevention program for communities as well as the national policies for dementia prevention programs. Copyright © 2020 John Wiley & Sons Australia, Ltd. (Medline Ovid 21/09/2022) 473","RAYYAN-INCLUSION: {""Yucheng""=>""Excluded"", ""Tom""=>""Excluded"", ""Myo""=>""Excluded"", ""Isaac""=>""Excluded""} | RAYYAN-EXCLUSION-REASONS: Setting (not low- and middle-income country)",https://dx.doi.org/10.1111/nhs.12772,"Aged;Aged, 80 and over;Cluster Analysis;Cognitive Dysfunction/px [Psychology];*Cognitive Dysfunction/th [Therapy];*Exercise/ph [Physiology];Exercise/px [Psychology];Female;Humans;Independent Living/px [Psychology];Male;Neuropsychological Tests;Cognition",,
rayyan-883472432,Effects of Dengzhan Shengmai Capsule combined with butylphthalide soft capsule on oxidative stress indexes and serum Hcy and CRP levels in patients with vascular dementia,2020,9,30,Cellular & Molecular Biology,1165-158X,66,6,8-14,"Ma, Y. and Sun, W.",https://ovidsp.ovid.com/ovidweb.cgi?T=JS&CSC=Y&NEWS=N&PAGE=fulltext&D=med18&AN=33040778http://pmt-eu.hosted.exlibrisgroup.com/openurl/44LSE/44LSE_services_page?sid=OVID:medline&id=pmid:33040778&id=doi:&issn=0145-5680&isbn=&volume=66&issue=6&spage=8&pages=8-14&date=2020&title=Cellular+%26+Molecular+Biology&atitle=Effects+of+Dengzhan+Shengmai+Capsule+combined+with+butylphthalide+soft+capsule+on+oxidative+stress+indexes+and+serum+Hcy+and+CRP+levels+in+patients+with+vascular+dementia.&aulast=Ma,,,,"This experiment was aimed to investigate the effect of Dengzhan Shengmai capsule combined with butylphthalide soft capsule on oxidative stress indexes and serum homocysteine (Hcy) and C-reactive protein (CRP) levels in patients with vascular dementia (VD). From July 2017 to July 2019, 123 patients with VD in our hospital were selected as the research object, and each patient was assigned a random number according to the order of treatment. Among them, No. 1 to 41 were the control group A, No. 42 to 82 were the control group B, and No. 83 to 123 were the research group. Control group A was given butylphthalide soft capsules, control group B was Dengzhanshengmai capsules, and the research group was given Dengzhanshengmai capsules combined with butylphthalide softgels. Comparison of clinical efficacy, the incidence of adverse reactions, and improvement of symptoms [Montreal Cognitive Assessment Scale (MocA) score, Vascular Dementia TCM Syndrome Differentiation Scale (SDSVD) score], vascular endothelial function [NO, endothelin 1 (ET-1)], oxidative stress [lipid peroxide (LPO), superoxide dismutase (SOD), C Dialdehyde (MDA)], endoplasmic reticulum stress response (Hcy, CRP) related indicators before and after treatment in three groups. Results showed that the total effective rate of treatment in the study group was higher than that in the control groups A and B, the difference was statistically significant (p<0.05). In symptom improvement, the MoCA score of the study group was higher than that of the control groups A and B after the treatment course, and the SDSVD score was lower than that of the control groups A and B (p<0.05); In the vascular endothelial function section, after the course of treatment, the serum NO level in the study group was higher than that in the control groups A and B, and the ET-1 level was lower than that in the control groups A and B (p<0.05). In oxidative stress experiment, after the course of treatment in the study group, the serum LPO and MDA levels were lower than those in the control groups A and B, and the SOD levels were higher than those in the control groups A and B (p<0.05). Endoplasmic reticulum stress response results showed that after the course of treatment in the study group, the serum Hcy and CRP levels were lower than those in the control groups A and B (p<0.05). In adverse reactions section, there was no significant difference in the incidence of adverse reactions among the three groups (p>0.05). Dengzhan Shengmai Capsule combined with butylphthalide soft capsule is the first treatment for VD, with definite curative effect, which can effectively reduce the damage of vascular endothelial function and inhibit oxidative stress response, antagonize the endoplasmic reticulum stress response, thereby further alleviating dementia symptoms and improving cognitive function. (Medline Ovid 21/09/2022) 438","RAYYAN-INCLUSION: {""Yucheng""=>""Included"", ""Tom""=>""Included"", ""Myo""=>""Included"", ""Isaac""=>""Included""}",https://dx.doi.org/10.14715/cmb/2020.66.6.2,"Aged;*Benzofurans/tu [Therapeutic Use];*C-Reactive Protein/me [Metabolism];Dementia, Vascular/dt [Drug Therapy];Dementia, Vascular/me [Metabolism];*Drugs, Chinese Herbal/tu [Therapeutic Use];Female;*Homocysteine/bl [Blood];Humans;Male;Malondialdehyde/me [Metabolism];Middle Aged;Oxidation-Reduction/de [Drug Effects];*Oxidative Stress/de [Drug Effects];Reactive Oxygen Species/me [Metabolism];Superoxide Dismutase/me [Metabolism];0 (Benzofurans);0 (Drugs, Chinese Herbal);0 (Reactive Oxygen Species);0 (dengzhan shengmai capsule);0LVT1QZ0BA (Homocysteine);4Y8F71G49Q (Malondialdehyde);822Q956KGM (3-n-butylphthalide);9007-41-4 (C-Reactive Protein);Dementia, Vascular;Oxidative Stress;Dementia;Capsules",,
rayyan-883472433,Traditional Chinese Medicine for Alzheimer's Disease and Other Cognitive Impairment: A Review,2020,,,American Journal of Chinese Medicine,1793-6853,48,3,487-511,"Pei, H. and Ma, L. and Cao, Y. and Wang, F. and Li, Z. and Liu, N. and Liu, M. and Wei, Y. and Li, H.",https://ovidsp.ovid.com/ovidweb.cgi?T=JS&CSC=Y&NEWS=N&PAGE=fulltext&D=med17&AN=32329645http://pmt-eu.hosted.exlibrisgroup.com/openurl/44LSE/44LSE_services_page?sid=OVID:medline&id=pmid:32329645&id=doi:10.1142%2FS0192415X20500251&issn=0192-415X&isbn=&volume=48&issue=3&spage=487&pages=487-511&date=2020&title=American+Journal+of+Chinese+Medicine&atitle=Traditional+Chinese+Medicine+for+Alzheimer%27s+Disease+and+Other+Cognitive+Impairment%3A+A+Review.&aulast=Pei,,,,"Cognitive impairment (CI) refers to the dysfunction of memory, language, visual space, execution, calculation, understanding, and judgment in one or more aspects. With global aging, CI will become prevalent worldwide. At present, there is no effective cure for CI. However, Nobel laureate Tu Youyou's research on artemisinin has inspired Chinese researchers to focus on traditional Chinese herbs (TCHs) for the treatment of CI. Traditional Chinese Medicine (TCM) has led to a theory for an independent CI system. The pathogenesis of such impairment involves deficiency, phlegm, and stagnation and involves a range of organs, including the brain, kidneys, heart, liver, and spleen. Our current understanding of the etiology and pathogenesis of this condition has led to the realization that TCHs can improve cognitive dysfunction. Clinical research has shown that TCHs can improve the neuropsychological scale score of patients, the TCM symptom score, and the patient's quality of life. Research has also suggested that TCHs can retard Abeta deposits and tauopathy, regulate the metabolism of cholinergic neurotransmitters, and so on. However, due to their complexity, little is known of the safety and efficacy of TCHs in patients with CI. It is likely that we will be able to identify the precise mechanisms associated with the action of TCHs in such patients due to the integration of multiple technologies. This paper summarizes the pharmacokinetics, curative effect, and mechanisms of action of traditional Chinese herbs in order to provide a scientific basis for the improvement of cognitive dysfunction by TCHs. (Medline Ovid 21/09/2022) 1079","RAYYAN-INCLUSION: {""Yucheng""=>""Excluded"", ""Tom""=>""Excluded"", ""Myo""=>""Excluded"", ""Isaac""=>""Excluded""} | RAYYAN-EXCLUSION-REASONS: Publication type (systematic review and meta-analysis)",https://dx.doi.org/10.1142/S0192415X20500251,"*Alzheimer Disease/dt [Drug Therapy];Alzheimer Disease/et [Etiology];Alzheimer Disease/me [Metabolism];Amyloid beta-Peptides/me [Metabolism];*Cognitive Dysfunction/dt [Drug Therapy];Cognitive Dysfunction/et [Etiology];Cognitive Dysfunction/me [Metabolism];Drugs, Chinese Herbal/pd [Pharmacology];*Drugs, Chinese Herbal/tu [Therapeutic Use];Humans;*Medicine, Chinese Traditional;*Phytotherapy;Quality of Life;tau Proteins/me [Metabolism];0 (Amyloid beta-Peptides);0 (Drugs, Chinese Herbal);0 (tau Proteins);Alzheimer Disease;Medicine, Chinese Traditional",,
rayyan-883472434,The Efficacy of Cognitive Training for Elderly Chinese Individuals with Mild Cognitive Impairment,2019,,,BioMed Research International,2314-6141,2019,,4347281,"Peng, Z. and Jiang, H. and Wang, X. and Huang, K. and Zuo, Y. and Wu, X. and Abdullah, A. S. and Yang, L.",https://ovidsp.ovid.com/ovidweb.cgi?T=JS&CSC=Y&NEWS=N&PAGE=fulltext&D=med16&AN=31886216http://pmt-eu.hosted.exlibrisgroup.com/openurl/44LSE/44LSE_services_page?sid=OVID:medline&id=pmid:31886216&id=doi:10.1155%2F2019%2F4347281&issn=2314-6141&isbn=&volume=2019&issue=&spage=4347281&pages=4347281&date=2019&title=BioMed+Research+International&atitle=The+Efficacy+of+Cognitive+Training+for+Elderly+Chinese+Individuals+with+Mild+Cognitive+Impairment.&aulast=Peng,,,,"The age of the population is shifting toward the elderly range, which may lead to an increased risk of mild cognitive impairment (MCI). The aims of this study are to evaluate the cognitive function in elderly people using the Montreal Cognitive Assessment (MoCA), to identify the relationship between cognitive function and different characteristics, and to evaluate the efficacy of the intervention after six months of cognitive training. In this study, we included 2886 subjects aged 60 years in the baseline survey, and 140 subjects with MCI who participated in the baseline survey were randomly divided into an intervention group (N = 70) and a control group (N = 70). The control group was not provided any intervention measures, and the intervention group was administered cognitive training. The education level, monthly income, sleep time, exercise time, reading times, and time spent engaging in community activities and performing housework were positively correlated with MoCA scores, but age was negatively correlated with MoCA scores. The total MoCA score of the intervention group increased from 19.77 +/- 2.24 points to 21.09 +/- 2.20 points after six months of cognitive training, but the score of the control group decreased from 20.41 +/- 2.10 points to 19.17 +/- 2.57 points. The two-way repeated-measures ANOVA revealed a very significant effect of the interaction between time and cognitive training on the total MoCA score. Seventeen participants in the intervention group improved to normal levels, and no participants progressed to dementia after six months of cognitive training. Thus, the efficacy of the intervention was statistically significant. Our study concludes that older age is associated with a cognitive decline. Factors that are more likely to protect against cognitive decline included a higher education level and monthly income, sufficient sleep time, regular physical exercise and reading, frequently engaging in community activities, and continuing to perform housework. Moreover, the cognitive training intervention is effective and may help to decrease the deterioration of cognitive function in patients with MCI, and the interaction between intervention time and cognitive training significantly improves cognitive function. Copyright © 2019 Zhenren Peng et al. (Medline Ovid 21/09/2022) 499","RAYYAN-INCLUSION: {""Yucheng""=>""Included"", ""Tom""=>""Included"", ""Myo""=>""Included"", ""Isaac""=>""Included""}",https://dx.doi.org/10.1155/2019/4347281,Aged;*Cognition;*Cognitive Behavioral Therapy;Cognitive Dysfunction/pp [Physiopathology];Cognitive Dysfunction/px [Psychology];Cognitive Dysfunction/th [Therapy];*Cognitive Dysfunction;Dementia/pp [Physiopathology];Dementia/px [Psychology];Dementia/th [Therapy];*Dementia;*Exercise Therapy;Female;Humans;Male;Middle Aged;Cognition,,
rayyan-883472435,Research on the health of and interventions for family caregivers of people with dementia: a bibliometric analysis of research output during 1988-2018,2020,,,BMC geriatrics,1471-2318 (electronic) 1471-2318,20,1,20,"Shi, H. and Mao, C. and Tang, J. and Liang, H.",http://ovidsp.ovid.com/ovidweb.cgi?T=JS&PAGE=reference&D=emed21&NEWS=N&AN=630696896,English,,,"BACKGROUND: Dementia is a serious and growing health problem, and since most people with dementia live at home, caring responsibilities generally fall on family members. Caregivers are often inadequately supported by formal health services and have poorer psychological and physical health. Our study aimed to compare the contributions of publications from different countries, institutions and authors and present a bibliometric analysis to determine the hotspots and trends in research concerning the health of and interventions for family dementia caregivers. METHOD(S): Studies published during 1988-2018 were extracted from the Science Citation Index Expanded of the Web of Science. Each abstract of publications was evaluated to obtain the basic information. A bibliometric analysis was used to evaluate the number or cooperation networks of publications, countries, institutions, journals, citations, authors, references, and keywords. The resulting articles were analyzed descriptively, and the publication keywords were visualized using VOSviewer. RESULT(S): Five hundred forty-two articles were identified. The annual number of relevant publications has steadily increased since approximately 2006. The USA has the highest number of publications (36.2%), followed by the UK (12.9%). China entered the field late, but research conducted in China has rapidly developed. The most productive institution, journal, and author in this field are University College London, the Journal of the American Geriatrics Society, and Orrell M from the UK, respectively. A co-occurrence analysis of the keywords reveals a mainstream research focus on burden, depression, quality of life, and corresponding interventions for people with dementia caregivers. The keywords ""psychosocial intervention"", ""long-term"", ""e-learning/online"", ""communication"", and ""qualitative research"" reflect the latest hotspots, appearing in approximately 2017-2018. CONCLUSION(S): Our study details the performance statistics, main topics and trends research on the health of and interventions for dementia caregivers from 1988 to 2018 and provides a comprehensive analysis. (Embase Ovid 21/09/2022) 1380","RAYYAN-INCLUSION: {""Yucheng""=>""Excluded"", ""Tom""=>""Excluded"", ""Myo""=>""Excluded"", ""Isaac""=>""Excluded""} | RAYYAN-EXCLUSION-REASONS: Publication type (systematic review and meta-analysis)",https://dx.doi.org/10.1186/s12877-020-1421-7,aged;*bibliometrics;*caregiver;China;*dementia;England;human;nursing;psychology;quality of life;United States;Bibliometrics;Dementia,,
rayyan-883472436,The Effect of Virtual Reality Applications on Balance and Gait Speed in Individuals With Alzheimer Dementia,2020,,,Topics in Geriatric Rehabilitation,0882-7524,36,4,221-229,"Uğur, Fatma and Sertel, Meral",https://search.ebscohost.com/login.aspx?direct=true&db=rzh&AN=147362954&site=ehost-live,,,,"Objective: The aim of the study is to investigate the effect of virtual reality applications on balance and gait speed in individuals with Alzheimer dementia. Method: The study consisted of 32 individuals diagnosed as mild or moderate Alzheimer dementia by the neurologist. The balance, fall risks, and gait speed were assessed. The training group was trained with games selected from different categories such as balance and aerobic exercises with Nintendo Wii virtual reality device for 6 weeks, 1 session of 30 minutes, 2 times a week. Results: The values of the 5-time sit-to-stand test and gait speed scores resulted that the training group had significantly lower scores than the control group. Tinetti balance score was decreased in the control group and increased in the training group. Conclusion: It is appropriate to add virtual reality applications to routine rehabilitation programs in order to increase patient's balance and gait speed in people with dementia. (CINAHL 21/09/2022) 3223","RAYYAN-INCLUSION: {""Yucheng""=>""Included"", ""Tom""=>""Included"", ""Myo""=>""Included"", ""Isaac""=>""Included""}",10.1097/TGR.0000000000000285,"Alzheimer's Disease;Therapy;Virtual Reality;Video Games;Balance, Postural;Evaluation;Walking Speed;Treatment Outcomes;Human;Randomized Controlled Trials;Random Assignment;Scales;Clinical Assessment Tools;Pilot Studies;Turkey;Aged;Aged, 80 and Over;Power Analysis;Confidence Intervals;Descriptive Statistics;Data Analysis Software;Mann-Whitney U Test;Wilcoxon Rank Sum Test;Male;Female;Psychological Tests;Gait;Alzheimer Disease;Dementia",,
rayyan-883472437,Assessment of the impact of dementia care and support program in both patient and caregiver outcomes: An intervention study,2019,,,Turk Geriatri Dergisi,1304-2947 1307-9948,22,4,482-493,"Uyar, F. and Ozmen, D. and Mavioglu, H. and Atalay, N.",http://geriatri.dergisi.org/uploads/pdf/pdf_TJG_1154.pdf http://ovidsp.ovid.com/ovidweb.cgi?T=JS&PAGE=reference&D=emed20&NEWS=N&AN=2003546643,English,,,"Introduction: Dementia is one of the priority issues among the public health concerns. This study aims to assess the impact of the Dementia Care and Support Program in caregivers and patients with dementia. Material(s) and Method(s): This study is an intervention study. Dementia Care and Support Program was a planned 16-week program. Sixty-one patient-caregiver pairs were randomized into two groups, the intervention (n=31) and control groups (n=30). Dementia Care and Support Program was applied to the intervention group, but the control group received routine hospital care. Data were collected between July and November 2016 from a dementia outpatient clinic. While data for patients were collected using the quality-of-life assessment in Alzheimer's disease and Neuropsychiatric Inventory, data for caregivers were collected using the quality of life SF-36, Beck Depression, Beck Anxiety, and Zarit Caregiver Burden Care Inventory. Result(s): Fifty-four patient-caregiver pairs completed the study. The mean age of the patients was 76.7+/-11.2 (46-96) years old. There was no statistically significant difference in the quality-of-life scores and neuropsychiatric symptom scores between the patient groups (p>0.05). The mean age of caregivers was 53.6+/-14.8 (22-81) years old. Statistically significant differences were found in NPI-D, quality-of-life mental health, quality-of-life physical health, depression, and anxiety scores between the caregiver groups (p<0.05), but there was no statistically significant difference in burden scores (p>0.05). Conclusion(s): This study established that Dementia Care and Support Program has positive effects on caregivers.Copyright © 2019, Geriatrics Society. All rights reserved. (Embase Ovid 21/09/2022) 1873","RAYYAN-INCLUSION: {""Yucheng""=>""Included"", ""Tom""=>""Included"", ""Myo""=>""Included"", ""Isaac""=>""Included""}",https://dx.doi.org/10.31086/tjgeri.2020.127,adult;aged;Alzheimer disease;article;Beck Anxiety Inventory;Beck Depression Inventory;caregiver;controlled study;*dementia/di [Diagnosis];*dementia/dm [Disease Management];*disease assessment;disease severity assessment;female;human;intervention study;interview;major clinical study;male;mental health;neuropsychiatric inventory;physical activity;public health;quality of life;questionnaire;scoring system;Short Form 36;training;Zarit Burden Interview;Dementia;Intervention Studies,,
rayyan-883472438,Efficacy of Ginkgo damo combined with hyperbaric oxygen in the treatment of Alzheimer's disease and its effect on patients' memory and related factors,2020,,,Chinese Journal of Gerontology,1005-9202,40,6,1293-1296,"Wang, Ying",https://oversea.cnki.net/kcms/detail/detail.aspx?dbcode=CJFD&filename=ZLXZ202006060&dbname=CJFDLAST2020,Chinese,,,"Objective To study the curative effect of Ginkgo Damo combined with hyperbaric oxygen in the treatment of elderly Alzheimer's disease (AD) and the effect on the memory and the level of related factors in patients. Methods 78 elderly patients with AD were divided into two groups with 39 cases in each group according to the random number table method. The control group only received hyperbaric oxygen therapy, and the treatment group was treated with Ginkgo Damoyl on this basis. Compare the clinical efficacy of the two groups at 6 months after treatment, and observe and record the adverse reactions that occurred during the treatment; before treatment and 1, 3, and 6 months after treatment, the simple mental state examination (MMSE) scale was used to evaluate the memory and Intellectual status; enzyme-linked immunosorbent assay (ELISA) was used to determine the serum levels of interleukin (IL)-1beta, IL-6, and tumor necrosis factor (TNF)-a before treatment and 6 months after treatment, and radiation was used at the same time Immunoassay was used to determine the levels of neurofilament heavy chain (NfH), myelin basic protein (MBP), neuron-specific enolase (NSE), and calcium binding protein (S100) B in serum. Results The long-term clinical efficacy of the treatment group was significantly higher than that of the control group (P 0.05); after treatment, the MMSE scale scores of the treatment group at each time point were significantly higher than those of the control group (P 0.001); the serum inflammatory factor IL of the treatment group -6, IL-1beta, and TNF-a were significantly lower than those in the control group (P 0.05, P 0.001); the nerve damage indexes NfH, MBP, NSE, and S100B in the treatment group were significantly lower than those in the control group (P 0.05); There were no serious adverse reactions during the treatment period in the two groups. Conclusion Ginkgo damol combined with hyperbaric oxygen has a definite effect in the treatment of AD. It can effectively regulate the level of inflammatory factors in the patient's body, reduce nerve damage, and help improve the patient's memory. (Global Health Ovid 21/09/2022) 2435","RAYYAN-INCLUSION: {""Yucheng""=>""Included"", ""Tom""=>""Included"", ""Myo""=>""Included"", ""Isaac""=>""Included""} | RAYYAN-LABELS: foreign language | USER-NOTES: {""Yucheng""=>[""This PDF cannot be read online because perhaps the built-in reader lacks the corresponding Chinese fonts.""]}",,adverse effects;Alzheimer's disease;binding proteins;calcium binding proteins;damage;effects;efficacy;ELISA;human diseases;immunoassay;interleukin 6;interleukins;memory;necrosis;oxygen;treatment;tumour necrosis factor;Alzheimer Disease;Ginkgo biloba;Hyperbaric Oxygenation,,
rayyan-883472439,Clinical study on Tongnao Decoction combined with western routine treatment for vascular dementia,2019,,,Chinese Journal of Information on Traditional Chinese Medicine,1005-5304,26,10,16-20,"Xue, RuiWen and Chen, XueBin and Lu, Yae and Lyu, Yu",http://xxzz.cintcm.com//oa/darticle.aspx?type=view&id=20191005,Chinese,,,"Objective: To explore the clinical efficacy of Tongnao Decoction combined with Western routine treatment on vascular dementia; To observe its influence on inflammatory index, neurological function and oxidative stress index. Methods: Totally 92 patients with vascular dementia (kidney deficiency, phlegm blockage and blood stasis blockade) were divided into observation group and control group according to random number table method, with 46 cases in each group. Control group was given Western routine treatment, and the observation group was given Tongnao Decoction on the basis of the control group, one dosage a day, twice a day, orally. Treatment for both groups lasted for 8 weeks. Serum inflammatory markers, neurological factors and oxidative stress indicators, cere bral blood flow indicators and mini-mental state examination (MMSE) scores, revised Hasegawa dementia scale (HDS-R) score of both groups were observed. Adverse reactions of both groups were monitored. Results: Compared with before treatment, the levels of superoxide dismutase (SOD) were significantly increased and the levels of high-sensitivity C-reactive protein (hs-CRP) were significantly decreased in the two groups (P <0.05); After treatment, the SOD level in the observation group was higher than that in the control group, and the hs-CRP was lower than that in the control group (P <0.05). Compared with before treatment, the levels of serum nerve growth factor (NGF) and brain-derived neurotrophic factor (BDNF) in the two groups were significantly higher than those before treatment, and the glial f ibrillary acidic protein (GFAP) was significantly lower (P<0.05); After treatment, the levels of NGF and BDNF in the observation group were higher than those in the control group, and the level of GFAP was lower than that in the control group (P <0.05). Compared with before treatment, the blood flow velocity of bilateral basilar artery (BA), vertebral artery (VA) and middle cerebral artery (MCA) were significantly increased in the two groups (P <0.05); After treatment, the blood flow velocity of BA, VA and MCA in the observation group were higher than those in the control group (P <0.05). Compared with before treatment, the MMSE and HDS-R scores of the two groups were significantly increased after treatment (P <0.05); After treatment, the MMSE and HDS-R scores of the observation group were higher than those of the control group (P <0.05). The adverse reaction rate of the observation group was 6.52% (3/46), and that of the control group was 13.04% (6/46), without statistical significance (P >0.05). Conclusion: Tongnao Decoction combined with Western routine treatment for patients with vascular dementia (kidney deficiency, phlegm blockage and blood stasis blockade) can effectively alleviate inflammation, promote the repair of nerve function, regulate oxidative stress response, and improve cerebral blood flow. (Global Health Ovid 21/09/2022) 2639","RAYYAN-INCLUSION: {""Yucheng""=>""Included"", ""Tom""=>""Included"", ""Myo""=>""Included"", ""Isaac""=>""Included""} | RAYYAN-LABELS: foreign language | USER-NOTES: {""Yucheng""=>[""This PDF cannot be read online because perhaps the built-in reader lacks the corresponding Chinese fonts.""]}",http://dx.doi.org/10.3969/j.issn.1005-5304.2019.10.005,"adverse effects;blockage;blood serum;brain;clinical aspects;deficiency;dementia;enzymes;growth factors;human diseases;indicators;inflammation;mental disorders;monitoring;oxidative stress;stress;stress response;superoxide dismutase;traditional medicines;Dementia, Vascular;Dementia",,
rayyan-883472440,Clinical study on Tanshinone IIA Sulfonate Injection combined with donepezil in treatment of mild vascular cognitive impairment,2019,,,Drugs and Clinic,1674-5515,34,1,45-49,"Xue, RuiLing and Liu, ChengChun and Wang, Hao and Fang, XiangQin",http://www.tiprpress.com/xdywlc/ch/index.aspx,Chinese,,,"Objective: To investigate the clinical efficacy of Tanshinone IIA Sulfonate Injection combined with Donepezil Hydrochloride Tablets in treatment of mild vascular cognitive impairment. Methods: Patients (104 cases) with mild vascular cognitive impairment in Chongqing General Hospital from September 2015 to September 2017 were randomly divided into control and treatment groups, and each group had 52 cases. Patients in the control group were po administered with Donepezil Hydrochloride Tablets, 5 mg/time, once daily. Patients in the treatment group were iv administered with Tanshinone IIA Sulfonate Injection on the basis of the control group, 40 mg added into 5% Glucose Injection 250 mL, once daily. Patients in two groups were treated for 2 weeks, and the clinical efficacy was observed after 4 courses of treatment. And the MoCA scores, MMSE scores, ADL scores, and serum inflammatory factors levels in two groups before and after treatment were compared. Results: After treatment, the clinical efficacy in the treatment group was 96.15%, which was significantly higher than 76.92% in the control group, and there were differences between two groups (P<0.05). After treatment, the MoCA and MMSE scores in two groups were significantly increased, but ADL scores in two groups were significantly decreased, and the difference was statistically significant in the same group (P<0.05). After treatment, the MoCA, MMSE and ADL scores in the treatment group were significantly better than those in the control group, with significant difference between two groups (P<0.05). After treatment, levels of hs-CRP, IL-6, and TNF-a in two groups were significantly decreased, and the difference was statistically significant in the same group (P<0.05). After treatment, the serum levels of inflammatory factors in the treatment group were significantly lower than those in the control group, with significant difference between two groups (P<0.05). Conclusion: Tanshinone IIA Sulfonate Injection combined with Donepezil Hydrochloride Tablets has significant clinical efficacy in treatment of mild vascular cognitive impairment, can significantly improve the cognitive ability and daily living ability of patients, and improve the levels of serum inflammatory factors, and is safe and reliable, which has a certain clinical application value. (Global Health Ovid 21/09/2022) 2785","RAYYAN-INCLUSION: {""Yucheng""=>""Included"", ""Tom""=>""Included"", ""Myo""=>""Included"", ""Isaac""=>""Included""} | RAYYAN-LABELS: foreign language",,antiinflammatory properties;chemical composition;efficacy;herb-drug interactions;human diseases;interleukin 6;pharmacology;plant composition;randomized controlled trials;tumour necrosis factor;Sulfones;Cognition,,
rayyan-883472441,A Meta-Analysis of Au/Polypropionic Acid Nanoparticles Loaded with Olacetam for the Treatment of Vascular Cognitive Impairment,2020,10,12,Journal of Nanoscience & Nanotechnology,1533-4899,20,12,7433-7438,"Yi, Z. and Liang, W. and Ruan, W. and Hua, W. and Lin, X.",https://ovidsp.ovid.com/ovidweb.cgi?T=JS&CSC=Y&NEWS=N&PAGE=fulltext&D=med18&AN=32711611http://pmt-eu.hosted.exlibrisgroup.com/openurl/44LSE/44LSE_services_page?sid=OVID:medline&id=pmid:32711611&id=doi:10.1166%2Fjnn.2020.18863&issn=1533-4880&isbn=&volume=20&issue=12&spage=7433&pages=7433-7438&date=2020&title=Journal+of+Nanoscience+%26+Nanotechnology&atitle=A+Meta-Analysis+of+Au%2FPolypropionic+Acid+Nanoparticles+Loaded+with+Olacetam+for+the+Treatment+of+Vascular+Cognitive+Impairment.&aulast=Yi,,,,"To systematically evaluate the efficacy and safety of oxetam in the treatment of vascular cognitive dysfunction and the feasibility of an Au/polypropionic acid Nanometer drug delivery system to provide evidence for clinical application. PubMed, Shanghai embase, Cochrane Library, CNKI, VIP information, and Wanfang database were searched from the establishment of the database to April 2018. Patients were divided into two groups according to whether they received olacetam: the experimental group and the control group. In addition, the control group was divided into the placebo control group and the positive control group according to whether the control group received a placebo or other medication treatment controls. In the control group, a meta-analysis, a publication bias assessment, and sensitivity analysis were performed with Revman 5.3 and Stata 14.0. The results of the meta-analysis showed that compared with placebo and other medications, oxiracetam significantly improved the mental status of patients, Concise Mental State Checklist score [mean difference (MD)= 5.29, P < 0.01] and Montreal Cognitive Assessment score (MD = 4.32, P < 0.01). The Barthel Index demonstrated that oxiracetam significantly improved the quality of the daily life of patients (MD = 18, P < 0.01), but there was no difference between olacetam and placebo or other medications in the rating of activities of daily living (ADLs). The total effective rate of olacetam was significantly higher than that of other treatments (P < 0.01). Compared with placebo and other medications, the safety of oxiracetam was not significantly different (P > 0.05). Based on the current clinical evidence, olacetam is more effective and safer than alternatives in the treatment of vascular cognitive dysfunction. (Medline Ovid 21/09/2022) 734","RAYYAN-INCLUSION: {""Yucheng""=>""Excluded"", ""Tom""=>""Excluded"", ""Myo""=>""Excluded"", ""Isaac""=>""Excluded""} | RAYYAN-EXCLUSION-REASONS: Publication type (systematic review and meta-analysis)",https://dx.doi.org/10.1166/jnn.2020.18863,Activities of Daily Living;China;*Cognitive Dysfunction;Humans;*Nanoparticles;Cognition,,
rayyan-883472442,Analysis on acupoint selection rules of acupuncture for Alzheimer's disease based on complex network,2019,5,12,Zhongguo Zhenjiu,0255-2930,39,5,551-555,"Yu, Z. and Xu, J. C. and Qin, Q. J. and Ni, D. Y. and Zhang, Y. L.",https://ovidsp.ovid.com/ovidweb.cgi?T=JS&CSC=Y&NEWS=N&PAGE=fulltext&D=med16&AN=31099230http://pmt-eu.hosted.exlibrisgroup.com/openurl/44LSE/44LSE_services_page?sid=OVID:medline&id=pmid:31099230&id=doi:10.13703%2Fj.0255-2930.2019.05.025&issn=0255-2930&isbn=&volume=39&issue=5&spage=551&pages=551-5&date=2019&title=Zhongguo+Zhenjiu&atitle=%5BAnalysis+on+acupoint+selection+rules+of+acupuncture+for+Alzheimer%27s+disease+based+on+complex+network%5D.&aulast=Yu,,,,"OBJECTIVE: To explore the acupoint selection rules of acupuncture for Alzheimer's disease (AD) in modern clinical practice by complex network technology. METHODS: The relevant articles of clinical trials were retrieved from CNKI published before December 2017. Using Microsoft Excel 2010, the database was established. Using Gephi 0.8.2 software, the complex network mode was built and its topological structure was analyzed. RESULTS: Finally, 81 articles were eligible and 114 acupoint prescriptions were extracted. The constructed complex network of acupoint prescriptions for AD was characteristics as small world effect and scale-free property, the crucial acupoints included Baihui (GV 20), Sishencong (EX-HN 1), Fengchi (GB 20), Yintang (GV 29), Shenmen (HT 7), Shenting (GV 24), Zusanli (ST 36), Fenglong (ST 40) and Taichong (LR 3). In acupoint combination, Baihui (GV 20), Neiguan (PC 6), Shenmen (HT 7) and Sanyinjiao (SP 6) were the most common, and the combination of the distal and nearby points was predominant. Using k-core for acupoint optimization, 29 core acupoints were screened and they were mostly located on the governor vessel and the head and neck, with the highest use frequency. 82.76% of acupoints were specific acupoints and the influential points were dominant. Using community structure partition, these acupoints were classified into two groups, i.e. deficiency syndrome and excess syndrome. CONCLUSION: The selection of local acupoints is the first choice in acupuncture treatment for AD. The combination of distal and nearby points is the most common and the special points are the core. In clinical practice, the great consideration is provided on mind regulation, integration of disease and symptoms, the mutual treatment of the primary and the secondary as well as the deficiency and the excess. (Medline Ovid 21/09/2022) 43","RAYYAN-INCLUSION: {""Yucheng""=>""Excluded"", ""Tom""=>""Excluded"", ""Myo""=>""Excluded"", ""Isaac""=>""Excluded""} | RAYYAN-EXCLUSION-REASONS: Intervention (no intervention evaluated)",https://dx.doi.org/10.13703/j.0255-2930.2019.05.025,"*Acupuncture Points;Alzheimer Disease/th [Therapy];*Alzheimer Disease;Databases, Factual;Humans;*Publications;Acupuncture Points;Alzheimer Disease",,
rayyan-883472443,Effect of Baduanjin exercise on cognitive function in patients with post-stroke cognitive impairment: a randomized controlled trial,2020,8,,Clinical Rehabilitation,1477-0873,34,8,1028-1039,"Zheng, G. and Zheng, Y. and Xiong, Z. and Ye, B.",https://ovidsp.ovid.com/ovidweb.cgi?T=JS&CSC=Y&NEWS=N&PAGE=fulltext&D=med17&AN=32517490http://pmt-eu.hosted.exlibrisgroup.com/openurl/44LSE/44LSE_services_page?sid=OVID:medline&id=pmid:32517490&id=doi:10.1177%2F0269215520930256&issn=0269-2155&isbn=&volume=34&issue=8&spage=1028&pages=1028-1039&date=2020&title=Clinical+Rehabilitation&atitle=Effect+of+Baduanjin+exercise+on+cognitive+function+in+patients+with+post-stroke+cognitive+impairment%3A+a+randomized+controlled+trial.&aulast=Zheng,,,,"OBJECTIVE: To investigate the effectiveness and safety of Baduanjin training on the cognitive function in stroke survivors with cognitive impairment. DESIGN: A randomized, two-arm parallel controlled trial with allocation concealment and assessors blinding. SETTING: Community centre of Fuzhou city, China. SUBJECTS: A total of 48 participants were recruited and randomly allocated into the Baduanjin exercise intervention or control group. INTERVENTIONS: The control group maintained original medication and rehabilitation treatment. The Baduanjin training group received 24-week Baduanjin training with a frequency of three days a week and 40 minutes a day based on original medication and rehabilitation treatment. MAIN OUTCOME MEASURES: The primary outcome was global cognitive function. Secondary outcome measures included the specific domains of cognition (i.e. memory, processing speed, execution, attention and visuospatial ability) and activities daily living. RESULTS: In total, 41 (Baduanjin n = 22, control n = 19) participants completed 24-week treatment and data collection. Mean differences between groups at 24-week treatment were statistically significant for global cognitive function (MoCA: 2.54 (0.91 to 4.16)), execution (TMT-A: -42.4 (-75.0 to -9.8); TMT-B: -71.3 (-130.6 to -12.1)), memory (immediate recall: 2.11 (0.49 to 3.73); short-term delayed recognition: 2.47 (0.58 to 4.35) and long-term delayed recognition: 1.68(0.18 to 3.17)), attention (response time of alertness: -245.5 (-387 to -104)) and activities of daily living (modified Barthel Index). CONCLUSION: Regular Baduanjin training is associated with less loss of cognitive function in patients after stroke. (Medline Ovid 21/09/2022) 356","RAYYAN-INCLUSION: {""Yucheng""=>""Included"", ""Tom""=>""Included"", ""Myo""=>""Included"", ""Isaac""=>""Included""}",https://dx.doi.org/10.1177/0269215520930256,Activities of Daily Living;Aged;China;Cognition;Cognitive Dysfunction/di [Diagnosis];Cognitive Dysfunction/et [Etiology];*Cognitive Dysfunction/rh [Rehabilitation];*Exercise Therapy;Female;Humans;Male;Middle Aged;*Qigong;*Stroke/px [Psychology];*Stroke Rehabilitation;Stroke,,
rayyan-883472444,Curcumin intervention for cognitive function in different types of people: A systematic review and meta-analysis,2019,3,,Phytotherapy Research,1099-1573,33,3,524-533,"Zhu, L. N. and Mei, X. and Zhang, Z. G. and Xie, Y. P. and Lang, F.",https://ovidsp.ovid.com/ovidweb.cgi?T=JS&CSC=Y&NEWS=N&PAGE=fulltext&D=med16&AN=30575152http://pmt-eu.hosted.exlibrisgroup.com/openurl/44LSE/44LSE_services_page?sid=OVID:medline&id=pmid:30575152&id=doi:10.1002%2Fptr.6257&issn=0951-418X&isbn=&volume=33&issue=3&spage=524&pages=524-533&date=2019&title=Phytotherapy+Research&atitle=Curcumin+intervention+for+cognitive+function+in+different+types+of+people%3A+A+systematic+review+and+meta-analysis.&aulast=Zhu,,,,"Curcumin is a polyphenolic natural compound with diverse and attractive biological activities, which may prevent or ameliorate pathological processes underlying age-related cognitive decline, dementia, or mood disorders. However, clinical trials and animal studies have yielded conflicting conclusions regarding its effectiveness for cognition in different individuals. The aim of this review is to meta-analytically assess the effectiveness of curcumin for cognitive function in different types of people. A preliminary search on PubMed, Embase, Web of Science, ClinicalTrials.gov, Cochrane Library, Chinese National Knowledge Infrastructure, and Wanfang Data and China Biology Medicine disc was performed to identify randomized controlled trials investigating the effect of curcumin on cognition. Six clinical trials with a total of 289 subjects met inclusion criteria for this review. We used a random-effects model to calculate the pooled standardized difference of means (SMD). For older adults who received curcumin, scores on measures of cognitive function (SMD = 0.33, 95% confidence interval [CI] [0.05, 0.62]; p = 0.02), occurrence of adverse events (odds ratio [OR] = 5.59, 95% CI [0.96, 36.80]; p = 0.05), and measures of depression (SMD = -0.29, 95% CI [0.64, 0.05]; p = 0.09) indicated significant memory improvement. In patients with Alzheimer's disease (AD), scores in measures of cognition status (SMD = -0.90, 95% CI [1.48, -0.32]; p = 0.002) indicated that there was a trend for treated subjects to do worse than placebo-treated subjects on the Mini-Mental State Examination. The occurrence of adverse events (OR = 0.87, 95% CI [0.10, 7.51]; p = 0.90) was similar to those who received placebo. Due to insufficient data, it was impossible to provide a narrative account of only the outcomes for schizophrenia. Curcumin appears to be more effective in improving cognitive function in the elderly than in improving symptoms of AD and schizophrenia. Curcumin is also safe and tolerated among these individuals. Because of the small number of studies available, a funnel plot or sensitivity analysis was not possible. Further high-quality trials with larger sample sizes or bioavailability-improved curcumin formulations may be considered for reliable assessment. Copyright © 2018 John Wiley & Sons, Ltd. (Medline Ovid 21/09/2022) 276","RAYYAN-INCLUSION: {""Yucheng""=>""Excluded"", ""Tom""=>""Excluded"", ""Myo""=>""Excluded"", ""Isaac""=>""Excluded""} | RAYYAN-EXCLUSION-REASONS: Publication type (systematic review and meta-analysis)",https://dx.doi.org/10.1002/ptr.6257,"Aged;Aged, 80 and over;Alzheimer Disease/ep [Epidemiology];Alzheimer Disease/pc [Prevention & Control];Alzheimer Disease/px [Psychology];China;*Cognition/de [Drug Effects];*Cognition Disorders/dt [Drug Therapy];Cognition Disorders/ep [Epidemiology];Cognition Disorders/pp [Physiopathology];Cognition Disorders/px [Psychology];Curcumin/pd [Pharmacology];*Curcumin/tu [Therapeutic Use];Depression/dt [Drug Therapy];Depression/ep [Epidemiology];Depression/px [Psychology];Humans;IT942ZTH98 (Curcumin);Cognition",,
rayyan-883472445,"Xbox 360 Kinect cognitive games improve slowness, complexity of EEG, and cognitive functions in subjects with mild cognitive impairment: A randomized control trial",2019,,,Games for Health,2161-783X,8,2,144-152,"Amjad, Imran and Toor, Hamza and Niazi, Imran Khan and Pervaiz, Sanna and Jochumsen, Mads and Shafique, Muhammad and Haavik, Heidi and Ahmed, Touqeer",http://ovidsp.ovid.com/ovidweb.cgi?T=JS&PAGE=reference&D=psyc16&NEWS=N&AN=2019-20392-008,English,,,"Objectives: Physical activity and cognitive training are effective to enhance cognition in older patients with mild cognitive impairment (MCI). Xbox 360 Kinect cognitive games are a combination of physical activity and cognitive training. The objective of this study was to determine the short- and long-term effects of Xbox 360 Kinect cognitive games on slowness and complexity of electroencephalography (EEG) and cognitive functions in older subjects with MCI. Materials and Methods: A clinical trial was conducted on 44 MCI subjects. Both males and females were randomized into experimental group (participated in Xbox 360 Kinect cognitive games) and control group (range of motion exercises only and no Xbox 360 Kinect cognitive games). Subjects were assessed before and after one session of game intervention for short-term effects and after 6 weeks for long-term effects. The outcome measures were the mini-mental state examination (MMSE), Montreal cognitive assessment scale (MoCA), trail making test (TMT) A and B, and slowness and complexity of EEG. Results: After one session of game intervention, delta (0.704 +/- 0.025; P = 0.013), theta (0.128 +/- 0.009; P = 0.00127) waves, and complexity of EEG (0.642 +/- 0.042; P = 0.008) significantly improved, in eyes closed state. Whereas after 6 weeks intervention of games, delta (0.673 +/- 0.029; P = 0.013), theta (0.129 +/- 0.013; P = 0.002), beta2 waves (0.044 +/- 0.009; P = 0.046), complexity of EEG (0.051 +/- 0.042; P = 0.016), MMSE (26.25 +/- 0.347 vs. 23.722 +/- 0.731; P = 0.003),MoCA (25.65 +/- 0.310 vs. 22.00 +/- 0.504; P = 0.0001), TMT-A (1.429 +/- 0.234 vs. 2.225 +/- 0.259; P = 0.028), and TMT-B (2.393 +/- 0.201 vs. 3.780 +/- 0.195; P = 0.0001) improved significantly. These changes were not observed in the control group. Conclusion: Xbox 360 Kinect games showed beneficial effects after short- and long-term intervention on MCI subjects. These games can serve as potential therapeutic candidates for MCI. (PsycInfo Database Record (c) 2021 APA, all rights reserved) (PsycINFO Ovid 21/09/2022) 3119","RAYYAN-INCLUSION: {""Johannes""=>""Included"", ""Jon""=>""Included"", ""Anukriti""=>""Included"", ""Nathan""=>""Included""}",https://dx.doi.org/10.1089/g4h.2018.0029,*Cognitive Ability;*Computer Games;*Electroencephalography;*Mild Cognitive Impairment;Electroencephalography;Cognition,,
rayyan-883472446,The effectiveness of reality orientation therapy in the treatment of Parkinson disease dementia,2019,,,American Journal of Alzheimer's Disease and Other Dementias,1533-3175,34,2,124-130,"Camargo, Carlos Henrique Ferreira and Ladeira, Marcelo Araujo and Serpa, Rafael Arthur and Jobbins, Vinicius Aguiar and Filho, Carlos Rory Pucci and Welling, Leonardo Christiaan and Teive, Helio Afonso Ghizoni",http://ovidsp.ovid.com/ovidweb.cgi?T=JS&PAGE=reference&D=psyc16&NEWS=N&AN=2019-07884-007,English,,,"Patients with Parkinson disease dementia (PDD) have deficits resulting mainly from frontostriatal dysfunction. The aim of this study was to assess the effectiveness of reality orientation therapy (ROT) combined with drug therapy (acetylcholinesterase inhibitors) in PDD treatment and compare it with that of drug therapy alone. Patients (n = 12) with a diagnosis of PDD were divided into 2 groups: group A-drug therapy and ROT; group B-drug therapy alone. Reality orientation therapy was applied weekly for 6 months, and patients were assessed during the same period. Significant improvements in frontostriatal deficits were observed in the group that received the combined therapy, as shown mainly by the scores in verbal fluency in the Consortium to Establish a Registry for Alzheimer's Disease (CERAD) battery (P = .02) and in attention in Scales for outcomes of Parkinson's Disease-Cognition (P = .021) and Clock Drawing Test (P = .037). Patients who received only medication had worse results in constructional praxis recall in the CERAD battery (P = .037). Our results indicate that ROT may help in the treatment of frontostriatal cognitive deficits and can potentially be used to complement drug therapy. (PsycInfo Database Record (c) 2021 APA, all rights reserved) (PsycINFO Ovid 21/09/2022) 3135","RAYYAN-INCLUSION: {""Johannes""=>""Excluded"", ""Jon""=>""Excluded"", ""Anukriti""=>""Excluded"", ""Nathan""=>""Excluded""} | RAYYAN-EXCLUSION-REASONS: Study design (not randomised)",https://dx.doi.org/10.1177/1533317518802461,*Dementia;*Drug Therapy;*Parkinson's Disease;*Cognitive Stimulation Therapy;Acetylcholinesterase;Dementia;Parkinson Disease,,
rayyan-883472447,Cerebrolysin for vascular dementia,2019,10,11,Cochrane Database of Systematic Reviews,1469-493X,11,11,11,"Cui, S. and Chen, N. and Yang, M. and Guo, J. and Zhou, M. and Zhu, C. and He, L.",https://ovidsp.ovid.com/ovidweb.cgi?T=JS&CSC=Y&NEWS=N&PAGE=fulltext&D=med16&AN=31710397http://pmt-eu.hosted.exlibrisgroup.com/openurl/44LSE/44LSE_services_page?sid=OVID:medline&id=pmid:31710397&id=doi:10.1002%2F14651858.CD008900.pub3&issn=1361-6137&isbn=&volume=2019&issue=11&spage=&pages=&date=2019&title=Cochrane+Database+of+Systematic+Reviews&atitle=Cerebrolysin+for+vascular+dementia.&aulast=Cui,,,,"BACKGROUND: Although vascular dementia is the second most common cause of dementia globally, evidence-based treatments are still lacking. Cerebrolysin is a porcine brain-derived preparation that is said to have neurotrophic and neuroprotective activity. In many parts of the world Cerebrolysin, given as a series of daily intravenous infusions, is used as a potential intervention for vascular dementia. A previous Cochrane Review on Cerebrolysin in vascular dementia yielded inconsistent results. We wished to update the review to add new studies from the international literature and employ contemporary methods for appraising the strength of the evidence. This is the first update of a review first published in 2013. OBJECTIVES: Primary: to assess the effect of Cerebrolysin on cognitive function, global function, and all-cause mortality in people living with vascular dementia. Secondary: to assess the adverse effects of Cerebrolysin and to assess the effect of Cerebrolysin on quality of life and caregiver burden. SEARCH METHODS: We searched ALOIS, MEDLINE, Embase, PsycINFO, CINAHL, ISI Web of Knowledge, LILACS, the Cochrane Library, ClinicalTrials.gov, and the WHO ICTRP on 16 June 2017, 9 May 2018, and 9 May 2019. We expanded the search by adding four Chinese databases, searched from 1 January 2012 to 19 May 2019. We checked bibliographies of relevant papers identified and contacted pharmaceutical companies, trial authors, and experts in the field to identify any additional published or unpublished data. SELECTION CRITERIA: We included all randomised controlled trials of Cerebrolysin used in people living with vascular dementia. We applied no language restriction. DATA COLLECTION AND ANALYSIS: Two review authors independently selected trials for inclusion and evaluated their methodological quality. Data were extracted and analysed using mean differences (MDs) or standardised mean differences (SMDs) with 95% confidence intervals (95% CI) for continuous outcomes. We reported dichotomous outcomes as risk ratio (RR) with 95% CI. We assessed the strength of the available evidence using the GRADE approach. MAIN RESULTS: We identified six randomised controlled trials with a total of 597 participants that were eligible for inclusion in the 2013 review. No new studies were eligible for inclusion in this update. Participants in the included studies, where dementia severity was reported, had mild to moderate severity of vascular dementia (four trials). The included studies tested varying doses and duration of Cerebrolysin treatment. Follow-up ranged from 15 days to three years. Five of included studies were conducted in China (three studies), Russia (one study), and Romania (one study), while relevant information of other study was unclear. Where details of funding were available, all studies were supported by the pharmaceutical industry (three studies). Cognitive function was measured using the Mini-Mental State Examination (MMSE) or Alzheimer's Disease Assessment Scale Cognitive Subpart, extended version (ADAS-cog+). Combining the MMSE and ADAS-cog+ data (three studies, 420 people), there was a beneficial effect of Cerebrolysin (SMD 0.36, 95% CI 0.13 to 0.58; very low-quality evidence). Global function was measured by Clinician's Interview-Based Impression of Change plus Caregiver Input (CIBIC+) or Investigator's Clinical Global Impression (CGI). We assessed response rates on these measures (the proportion of participants with a CIBIC+ score of < 3; or at least moderate improvement of the CGI rating at the last visit). There was a beneficial effect of Cerebrolysin (two studies, 379 participants, RR 2.69, 95% CI 1.82 to 3.98; very low-quality evidence). Only one trial described mortality and reported no deaths. Four studies reported adverse events; data from two studies (379 people) were in a format that permitted meta-analysis, and there was no difference in rates of adverse effects (RR 0.91, 95% CI 0.29 to 2.85; very low-quality evidence). No studies reported on quality of life or caregiver burden. AUTHORS' CONCLUSIONS: Courses of ntravenous Cerebrolysin improved cognition and general function in people living with vascular dementia, with no suggestion of adverse effects. However, these data are not definitive. Our analyses were limited by heterogeneity, and the included papers had high risk of bias. If there are benefits of Cerebrolysin, the effects may be too small to be clinically meaningful. There have been no new studies of Cerebrolysin in vascular dementia since the last Cochrane Review. Cerebrolysin continues to be used and promoted as a treatment for vascular dementia, but the supporting evidence base is weak. Adequately powered, methodologically robust trials are needed to properly assess the effects of Cerebrolysin in vascular dementia. Copyright © 2019 The Cochrane Collaboration. Published by John Wiley & Sons, Ltd. (Medline Ovid 21/09/2022) 147","RAYYAN-INCLUSION: {""Johannes""=>""Excluded"", ""Jon""=>""Excluded"", ""Anukriti""=>""Excluded"", ""Nathan""=>""Excluded""} | RAYYAN-EXCLUSION-REASONS: Publication type (systematic review and meta-analysis)",https://dx.doi.org/10.1002/14651858.CD008900.pub3,"Amino Acids/ae [Adverse Effects];*Amino Acids/tu [Therapeutic Use];Cognition/de [Drug Effects];Cost of Illness;*Dementia, Vascular/dt [Drug Therapy];Dementia, Vascular/px [Psychology];Humans;*Nootropic Agents/tu [Therapeutic Use];Quality of Life;Randomized Controlled Trials as Topic;0 (Amino Acids);0 (Nootropic Agents);37KZM6S21G (cerebrolysin);Dementia, Vascular;Dementia",,
rayyan-883472448,Non-conventional compounds with potential therapeutic effects against Alzheimer's disease,2019,10,5,Expert Review of Neurotherapeutics,1744-8360,19,5,375-395,"de Castro, A. A. and Soares, F. V. and Pereira, A. F. and Polisel, D. A. and Caetano, M. S. and Leal, D. H. S. and da Cunha, E. F. F. and Nepovimova, E. and Kuca, K. and Ramalho, T. C.",https://ovidsp.ovid.com/ovidweb.cgi?T=JS&CSC=Y&NEWS=N&PAGE=fulltext&D=med16&AN=30999771http://pmt-eu.hosted.exlibrisgroup.com/openurl/44LSE/44LSE_services_page?sid=OVID:medline&id=pmid:30999771&id=doi:10.1080%2F14737175.2019.1608823&issn=1473-7175&isbn=&volume=19&issue=5&spage=375&pages=375-395&date=2019&title=Expert+Review+of+Neurotherapeutics&atitle=Non-conventional+compounds+with+potential+therapeutic+effects+against+Alzheimer%27s+disease.&aulast=de+Castro,,,,"INTRODUCTION: Alzheimer's disease (AD) is the most common cause of dementia. Clinical progress in this pathogenesis field has drawn the attention of researchers, stimulating the investigation of novel treatment methods. Current therapies that deal with cholinesterase inhibitors and/or NMDA antagonists have shown a modest symptomatic potential, increasing the need for research into more efficient therapeutics. The goal of this review is to summarize the advances in, and the potential of, non-conventional therapies in AD treatment. Areas covered: In this review, the authors describe the current status of unusual therapies in AD treatment, evaluating the modern scientific contexts in which these therapies have been developed. The authors also highlight the usage of methylene blue, natural products, organophosphorus compounds, and Chinese medicine, along with the employment of nanotechnology. Expert opinion: The potential therapies discussed in this review will play increasingly important roles in the prevention and treatment of AD, improving disease management and quality of life for AD patients. Given the annual increasing number of people with dementia, it is crucial to invest in the search for novel therapeutics. In addition, more sophisticated diagnosis techniques are also essential, to allow for an early diagnosis and treatment. (Medline Ovid 21/09/2022) 799","RAYYAN-INCLUSION: {""Johannes""=>""Excluded"", ""Jon""=>""Excluded"", ""Anukriti""=>""Excluded"", ""Nathan""=>""Excluded""} | RAYYAN-EXCLUSION-REASONS: Publication type (systematic review and meta-analysis)",https://dx.doi.org/10.1080/14737175.2019.1608823,"*Alzheimer Disease/dt [Drug Therapy];*Enzyme Inhibitors/tu [Therapeutic Use];Humans;*Medicine, Chinese Traditional;*Methylene Blue/tu [Therapeutic Use];*Nanotechnology;*Organophosphorus Compounds/tu [Therapeutic Use];0 (Enzyme Inhibitors);0 (Organophosphorus Compounds);T42P99266K (Methylene Blue);Alzheimer Disease",,
rayyan-883472449,"Progressive task-oriented circuit training for cognition, physical functioning and societal participation in individuals with dementia",2020,10,,Physiotherapy Research International,1471-2865,25,4,e1866,"Gbiri, C. A. O. and Amusa, B. F.",https://ovidsp.ovid.com/ovidweb.cgi?T=JS&CSC=Y&NEWS=N&PAGE=fulltext&D=med18&AN=32776698http://pmt-eu.hosted.exlibrisgroup.com/openurl/44LSE/44LSE_services_page?sid=OVID:medline&id=pmid:32776698&id=doi:10.1002%2Fpri.1866&issn=1358-2267&isbn=&volume=25&issue=4&spage=e1866&pages=e1866&date=2020&title=Physiotherapy+Research+International&atitle=Progressive+task-oriented+circuit+training+for+cognition%2C+physical+functioning+and+societal+participation+in+individuals+with+dementia.&aulast=Gbiri,,,,"BACKGROUND AND OBJECTIVES: Dementia is commonly associated with cognitive deficit, functional decline and societal participation restriction across multiple domains of functioning. The decline impacts not only on the individual, but also on their informal caregivers, healthcare and the social system. This clinical random controlled study investigated the efficacy of 12-week Progressive Task-oriented circuit training on cognition, physical functioning and societal participation of individuals with dementia. METHODS: This study involved 31 individuals living with dementia recruited from a tertiary health institution in Lagos Nigeria. They were randomized into two groups: Progressive Task-oriented circuit training (involved in 12-week circuit training, two times a week for 70 min per session consisting of six workstations) and Control group (training with conventional treatment and home programmes). They were assessed at baseline, mid-intervention and post-intervention using Mini-Mental State Examination (MMSE), Alzheimer's Disease Assessment Scale-Cognition (ADAS-Cog), Bristol ADLs, Community integration Questionnaire, 6-min walk test. Data analysed using the independent-samples t tests, paired t tests, Friedman two-way analysis of variance and Mann-Whitney U test (p <= .05). RESULTS: Participants were aged 69.61 +/- 3.44 years. There was significant improvement from baseline to post-intervention in cognition (30.77 +/- 1.02 vs. 28.77 +/- 3.30), physical functioning (28.19 +/- 3.90 vs. 25.84 +/- 6.26) and societal participation (3.64 +/- 0.73 vs. 5.59 +/- 2.76). However, the progressive Task-oriented circuit training had more significant improvement than the control group within the group in cognition (p = .000), physical functioning (p = .000), and societal participation (p = .000). There was no statistical difference within the Control group with cognition (p = .097), Physical functioning (p = 1.000). Meanwhile there was statistically significant effect between both groups on cognition, physical functioning and societal participation post-intervention (p < .005). CONCLUSION: Although both Task-oriented Circuit Training and conventional treatment with home exercise programmes are efficacious, Progressive Task-oriented Circuit Training is more efficacious in enhancing and developing therapeutic strategies to train cognition, improve functional performance and societal participation in the rehabilitation of individuals with dementia. Copyright © 2020 John Wiley & Sons Ltd. (Medline Ovid 21/09/2022) 893","RAYYAN-INCLUSION: {""Johannes""=>""Included"", ""Jon""=>""Included"", ""Anukriti""=>""Included"", ""Nathan""=>""Included""}",https://dx.doi.org/10.1002/pri.1866,*Activities of Daily Living;Aged;Caregivers;*Circuit-Based Exercise/mt [Methods];Cognition;Cognition Disorders/et [Etiology];*Cognition Disorders/rh [Rehabilitation];Dementia/co [Complications];Dementia/px [Psychology];*Dementia/rh [Rehabilitation];*Exercise Therapy/mt [Methods];Female;Geriatric Assessment;Humans;Male;Middle Aged;Nigeria;Surveys and Questionnaires;Dementia,,
rayyan-883472450,Cognitive interventions for mild cognitive impairment and dementia: An overview of systematic reviews,2019,12,,Complementary Therapies in Medicine,1873-6963,47,,102199,"He, W. and Wang, M. and Jiang, L. and Li, M. and Han, X.",https://ovidsp.ovid.com/ovidweb.cgi?T=JS&CSC=Y&NEWS=N&PAGE=fulltext&D=med16&AN=31780033http://pmt-eu.hosted.exlibrisgroup.com/openurl/44LSE/44LSE_services_page?sid=OVID:medline&id=pmid:31780033&id=doi:10.1016%2Fj.ctim.2019.102199&issn=0965-2299&isbn=&volume=47&issue=&spage=102199&pages=102199&date=2019&title=Complementary+Therapies+in+Medicine&atitle=Cognitive+interventions+for+mild+cognitive+impairment+and+dementia%3A+An+overview+of+systematic+reviews.&aulast=He,,,,"PURPOSE: Conducting an overview of systematic reviews (SRs)/Meta analyses (MAs) to assess the effectiveness of cognitive interventions on participants with mild cognitive impairment (MCI) or dementia and evaluate the methodological quality of SRs/MAs. METHODS: PubMed, EMBASE, Cochrane library, Web of science, China National Knowledge Infrastructure (CNKI) and Chinese Biomedical Databases (CBM) were systematically searched from inception to January 1, 2019 to identify SRs/MAs. Three reviewers independently screened the articles, extracted data and assessed the quality of the included studies according to the Assessing the Methodological Quality of Systematic Reviews 2 (AMSTAR-2), the Grading of Recommendations Assessment Development and Evaluation (GRADE) was used to evaluate the quality of evidence. RESULTS: A total of 22 reviews were included. New meta-analyses (36 RCTs) showed that cognitive interventions were more effective than routine therapies for the alleviation of MCI and dementia symptoms (SMD: 0.62; 95%CI: 0.47, 0.78; I2=53.9%). The results of AMSTAR-2 showed that the methodological quality of most included studies was critically low, and two reviews were low quality. The lowest score was item 10, none of reviews reported on the sources of funding for the included studies. Followed by the ""provide a list of excluded studies and justify the exclusions"" item with only one (4.5%) reviews conforming to this item. Results of GRADE manifested that moderate quality evidence was provided in 11 reviews (39.3%), 12 (42.9%) were low quality and 5 (17.8%) were very low. CONCLUSION: The present SRs/MAs indicated that persons with MCI or dementia could benefit from cognitive interventions. Future trial designs should focus on measuring changes in individual specific cognitive functions. More high-quality evidence is needed to further determine the effectiveness of cognitive interventions. Copyright © 2019 Elsevier Ltd. All rights reserved. (Medline Ovid 21/09/2022) 210","RAYYAN-INCLUSION: {""Johannes""=>""Excluded"", ""Jon""=>""Excluded"", ""Anukriti""=>""Excluded"", ""Nathan""=>""Excluded""} | RAYYAN-EXCLUSION-REASONS: Publication type (systematic review and meta-analysis)",https://dx.doi.org/10.1016/j.ctim.2019.102199,*Cognitive Behavioral Therapy/mt [Methods];*Cognitive Dysfunction/th [Therapy];*Dementia/th [Therapy];Humans;Meta-Analysis as Topic;Systematic Reviews as Topic;Dementia;Cognition,,
rayyan-883472451,Effect of problem-oriented coping strategies training on perceived stress in the family caregivers of the elderly with Alzheimer,2020,,,HAYAT,1735-2215,26,4,384-395,"Heidari, Shahin and Mirzaei, Tayebeh and Heydarinezad Chatrodi, Maryam and Heidarzadeh, Azam",https://search.ebscohost.com/login.aspx?direct=true&db=rzh&AN=149505292&site=ehost-live,,,,"Background & Aim: The caregivers of Alzheimer's patients frequently experience more psychological illness, depression, stress, and discomfort than their peers who do not care for Alzheimer's patients or care for physically ill patients. The aim of this study was to determine the effect of problem-oriented coping strategies training on perceived stress in the family caregivers of the elderly with Alzheimer. Methods & Materials: The present study was a randomized field trial. The study population consisted of the family caregivers of the elderly with Alzheimer's disease living in Kerman in 2017. The samples were 72 people who were randomly assigned into the control or intervention groups. The caregivers in the intervention group received eight 45- minute sessions about the problem-focused coping strategies based on the specified content, once a week. Data were collected using a 14-item version of the Cohen’s Perceived Stress Scale before and two weeks after the intervention, and were analyzed using independent t-test, paired t-test and chi-square tests through the SPSS software version 18. Results: Due to the significant difference in the perceived stress score between the intervention and control groups in the pre-intervention stage (P=0.030), and the lack of significant difference between the two groups after the intervention (P=0.06), in order to determine the effect of the intervention, the mean of changes between the two groups were compared and a significant difference was observed in the intervention group compared to the control group (P=0.02). Conclusion: Considering the positive effect of the problem-focused coping strategy training on reducing perceived stress in the caregivers of the elderly with Alzheimer, designing and implementing interventions with an educational approach can promote the health of caregivers and in turn improve the quality of care for Alzheimer's patients. (CINAHL 21/09/2022) 3247","RAYYAN-INCLUSION: {""Andra""=>""Excluded"", ""Huseyin""=>""Excluded"", ""Johannes""=>""Included"", ""Jon""=>""Included"", ""Anukriti""=>""Included"", ""Nathan""=>""Included""} | RAYYAN-EXCLUSION-REASONS: foreign language",,Caregivers;Psychosocial Factors;Coping;Education;Alzheimer's Disease;Caregiver Burden;Evaluation;Human;Randomized Controlled Trials;Iran;Random Assignment;T-Tests;Paired T-Tests;Chi Square Test;Data Analysis Software;Descriptive Statistics;Scales,,
rayyan-883472452,Several issues analysis on the treatment of Alzheimer's disease with rivastigmine transdermal patch,2020,1,7,Chung-Hua i Hsueh Tsa Chih [Chinese Medical Journal],0376-2491,100,1,9-14,"Jia, J. P. and Chen, S. D. and Guo, Q. H. and Ji, Y. and Luo, B. Y. and Ning, Y. P. and Peng, D. T. and Wang, Y. P. and Wei, W. W. and Xiao, J. and Xiao, S. F. and Xiao, W. Z. and Yuan, Q. and Zhang, J. J. and Zhang, W. and Xu, R. L. and Yang, Y. H.",https://ovidsp.ovid.com/ovidweb.cgi?T=JS&CSC=Y&NEWS=N&PAGE=fulltext&D=med17&AN=31914552http://pmt-eu.hosted.exlibrisgroup.com/openurl/44LSE/44LSE_services_page?sid=OVID:medline&id=pmid:31914552&id=doi:10.3760%2Fcma.j.issn.0376-2491.2020.01.004&issn=0376-2491&isbn=&volume=100&issue=1&spage=9&pages=9-14&date=2020&title=Chung-Hua+i+Hsueh+Tsa+Chih+%5BChinese+Medical+Journal%5D&atitle=%5BSeveral+issues+analysis+on+the+treatment+of+Alzheimer%27s+disease+with+rivastigmine+transdermal+patch%5D.&aulast=Jia,,,,(Medline Ovid 21/09/2022) 1003,"RAYYAN-INCLUSION: {""Andra""=>""Excluded"", ""Huseyin""=>""Excluded"", ""Johannes""=>""Included"", ""Jon""=>""Included"", ""Anukriti""=>""Included"", ""Nathan""=>""Included""} | RAYYAN-EXCLUSION-REASONS: foreign language",https://dx.doi.org/10.3760/cma.j.issn.0376-2491.2020.01.004,Alzheimer Disease/dt [Drug Therapy];*Alzheimer Disease;Humans;*Rivastigmine/tu [Therapeutic Use];Transdermal Patch;Treatment Outcome;PKI06M3IW0 (Rivastigmine);Alzheimer Disease,,
rayyan-883472453,The effects of mindfulness and health education programs on the emotional state and cognitive function of elderly individuals with mild cognitive impairment: A randomized controlled trial,2019,10,,Journal of Clinical Neuroscience,1532-2653,68,,211-217,"Klainin-Yobas, P. and Kowitlawakul, Y. and Lopez, V. and Tang, C. T. and Hoek, K. E. and Gan, G. L. and Lei, F. and Rawtaer, I. and Mahendran, R.",https://ovidsp.ovid.com/ovidweb.cgi?T=JS&CSC=Y&NEWS=N&PAGE=fulltext&D=med16&AN=31303397http://pmt-eu.hosted.exlibrisgroup.com/openurl/44LSE/44LSE_services_page?sid=OVID:medline&id=pmid:31303397&id=doi:10.1016%2Fj.jocn.2019.05.031&issn=0967-5868&isbn=&volume=68&issue=&spage=211&pages=211-217&date=2019&title=Journal+of+Clinical+Neuroscience&atitle=The+effects+of+mindfulness+and+health+education+programs+on+the+emotional+state+and+cognitive+function+of+elderly+individuals+with+mild+cognitive+impairment%3A+A+randomized+controlled+trial.&aulast=Klainin-Yobas,,,,"This study aimed to determine the efficacy of mindfulness practice on emotional state and cognitive function of community-living elderly with mild cognitive impairment. A randomized controlled trial was conducted with the experimental group undergoing a Mindfulness Awareness Program (MAP) and an active control group undergoing a Health Education Program (HEP) over a nine month period. Sessions were conducted weekly for the first three months and monthly for the remaining six months. Self-reported questionnaires in English and Chinese were administered through face-to-face interviews to collect data at baseline, three months and nine months. Descriptive statistics and analysis of covariance (ANCOVA) were used to analyse data. Fifty-five elderly participants aged sixty and above, were randomized to MAP (N=28) and HEP (N=27) programs. Participants in both intervention arms experienced decreases in depressive and anxiety symptoms over the nine-month period. A significant improvement occurred in the HEP group in depression scores at three months and anxiety scores at both three and nine months. There were no statistically significant changes on cognitive function in both groups over the nine-month period. Both the MAP and HEP can benefit the emotional states of community-living elderly with mild cognitive impairment. Our study supports the usefulness of group-based HEP as a low cost intervention for promoting active aging and psychological health in a community setting. Copyright © 2019 Elsevier Ltd. All rights reserved. (Medline Ovid 21/09/2022) 454","RAYYAN-INCLUSION: {""Johannes""=>""Excluded"", ""Jon""=>""Excluded"", ""Anukriti""=>""Excluded"", ""Nathan""=>""Excluded""} | RAYYAN-EXCLUSION-REASONS: Setting (not low- and middle-income country) | USER-NOTES: {""Nathan""=>[""Is Singapor a LMCI?""]}",https://dx.doi.org/10.1016/j.jocn.2019.05.031,Aged;Cognition/ph [Physiology];*Cognitive Dysfunction/px [Psychology];*Cognitive Dysfunction/th [Therapy];*Emotions;Female;Humans;Male;Middle Aged;*Mindfulness/mt [Methods];*Patient Education as Topic/mt [Methods];Health Education;Health Educators;Cognition,,
rayyan-883472454,Benefit of thai hermit exercise on MCI patients': A randomized controlled trial,2020,,,Indian Journal of Public Health Research and Development,0976-0245 0976-5506,11,1,1017-1023,"Kongart, C. and Likitjaroen, Y. and Taneepanichskul, S.",http://medicopublication.com/index.php/ijphrd http://ovidsp.ovid.com/ovidweb.cgi?T=JS&PAGE=reference&D=emed21&NEWS=N&AN=2004111142,English,,,"Background: Mild Cognitive Impairment (MCI) is a recurrent brain disorder with the memory. It is caused by the degeneration of the brain cells that is different from an individual's age and that develops to dementia. One way to help reduce stress is by exercising. Thai hermit exerciseis a wisdom in Thai exercise, which improves psychological status for this condition. Method(s): This study was evaluated for a period of 10 weeks in regards to the Thai hermit exercise on psychological status among patients with MCI. 84 participants were recruited and randomized into intervention (n=42) control (n=42). The intervention group practiced Thai hermit exercise for 10 weeks. Psychological effect was evaluated by measuring the psychological status which was futher determined by the psychological status indicator questionaire. The control group received standard treatment. Both study groups were assessed by the test at the baseline then at 6th week, 8th week and 10th week of the study. Result(s): At baseline there were no significantly difference statistically between the two groups (p<0.05). After the intervention there were statistically significantly improvement of psychological status (p<0.05). Conclusion(s): The results strongly suggested the capability of Thai hermit exercise to be a psychological effect for patients with MCI.Copyright © 2020, Indian Journal of Public Health Research and Development. All rights reserved. (Embase Ovid 21/09/2022) 1254","RAYYAN-INCLUSION: {""Johannes""=>""Included"", ""Jon""=>""Included"", ""Anukriti""=>""Included"", ""Nathan""=>""Included""}",https://dx.doi.org/10.37506/v11/i1/2020/ijphrd/193970,adult;aged;article;blurred vision;body position;cognition;cognitive function test;controlled oral word association test;controlled study;*exercise;female;headache;human;laziness;major clinical study;male;middle aged;*mild cognitive impairment/th [Therapy];multicenter study;outcome assessment;psychological aspect;questionnaire;randomized controlled trial;traditional medicine;trail making test;Digit Span Test;*thai hermit exercise,,
rayyan-883472455,The Long-Term Effects of Acupuncture on Hippocampal Functional Connectivity in aMCI with Hippocampal Atrophy: A Randomized Longitudinal fMRI Study,2020,,,Neural Plasticity,2090-5904 1687-5443,2020,,6389368,"Li, H. and Wang, Z. and Yu, H. and Pang, R. and Ni, H. and Li, C. S. R. and Li, K. and Canevelli, M.",http://www.hindawi.com/journals/np/ http://ovidsp.ovid.com/ovidweb.cgi?T=JS&PAGE=reference&D=emed21&NEWS=N&AN=2005360098,English,,,"Background. Acupuncture has been used to treat amnestic mild cognitive impairment (aMCI) for many years in China. However, the long-term effects of continuous acupuncture treatment remained unclear. Objective. We aimed to explore the long-term effects of continuous acupuncture treatment on hippocampal functional connectivity (FC) in aMCI. Methods. Fifty healthy control (HC) participants and 28 aMCI patients were recruited for resting-state functional magnetic resonance imaging (fMRI) at baseline. The 28 aMCI patients were then divided into the aMCI acupuncture group, which received acupuncture treatment for 6 months, and the aMCI control group, which received no intervention. All aMCI patients completed the second resting-state fMRI scanning after 6 months of acupuncture treatment. Analysis based on the region of interest and two-way analysis of covariance were both used to explore the long-term effects of acupuncture on cognition change and hippocampal FC in aMCI. Results. Compared to HC, aMCI showed decreased right hippocampal FC with the right inferior/middle temporal gyrus (ITG/MTG), left amygdala, and the right fusiform and increased FC with bilateral caudates at baseline. After acupuncture treatment, the right hippocampal FC with right ITG/MTG enhanced significantly in the aMCI acupuncture group, but continued to decrease in the aMCI control group. Whole brain FC analysis showed enhanced right hippocampal FC with the right ITG and the left MTG in the aMCI acupuncture group relative to the aMCI control group. Furthermore, FC strength of the right hippocampus with right ITG at baseline was negatively correlated with the changes in memory scores of aMCI acupuncture patients. Conclusion. Acupuncture treatment could alleviate the progression of cognitive decline and could enhance hippocampal FC with ITG and MTG in aMCI that may be associated with resilience to resistant against neurodegeneration. The findings provided a better understanding of the long-term effects of acupuncture treatment and confirmed the therapeutic role of acupuncture in aMCI.Copyright © 2020 Hui Li et al. (Embase Ovid 21/09/2022) 1578","RAYYAN-INCLUSION: {""Johannes""=>""Included"", ""Jon""=>""Included"", ""Anukriti""=>""Included"", ""Nathan""=>""Included""}",https://dx.doi.org/10.1155/2020/6389368,*acupuncture;amygdala;article;*brain atrophy/th [Therapy];clinical article;controlled study;*functional connectivity;functional magnetic resonance imaging;functional neuroimaging;fusiform gyrus;*hippocampus;human;inferior temporal gyrus;longitudinal study;middle temporal gyrus;*mild cognitive impairment/th [Therapy];randomized controlled trial;right hippocampus;single blind procedure;*therapy effect;Magnetic Resonance Imaging;Atrophy,,
rayyan-883472456,Effect of nutritional support based on clinical nursing pathway on nutritional status and quality of life among elderly inpatients with Alzheimer disease,2019,,,Chinese Journal of Clinical Nutrition,1674-635X,27,5,287-292,"Liu, C. and Du, H. and Li, W. and Liu, X. and Yu, K.",http://www.cjcn.cn/zhlcyycn/ch/index.aspx http://ovidsp.ovid.com/ovidweb.cgi?T=JS&PAGE=reference&D=emed20&NEWS=N&AN=2005422893,Chinese,,,"Objective: To explore the effect of nutritional support based on clinical nursing pathway on nutritional status and quality of life among elderly inpatients with Alzheimer disease (AD). Method(s): A total of 101 elderly inpatients with AD who met the criteria of the protocol were consecutively enrolled and randomly divided to study group receiving nutritional support based on clinical nursing pathway for two months (n=51) and control group receiving routine nutritional management for 2 months (n=50). Nutritional risk and quality of life were measured by nutritional risk screening 2002 (NRS 2002) and Quality of Life-Alzheimer's Disease Scale (QOL-AD) respectively before and after nutritional support. Result(s): Baseline data were comparable between the two groups (all P>0.05). After 2-month nutritional support, compared to the control, the incidence of nutritional risk (36.0% vs 17.6%, P=0.037) and undernutrition (26.0% vs 9.8%, P=0.033) decreased significantly in study group. The score of quality of life in study group were significant higher than that of control group (35.73+/-5.85 vs 30.76+/-6.14, P=0.023). Conclusion(s): The nutritional support based on clinical nursing pathway is helpful to improve the nutritional status and quality of life in elderly hospitalized patients with AD.Copyright © 2019 by the Chinese Medical Association. (Embase Ovid 21/09/2022) 1866","RAYYAN-INCLUSION: {""Andra""=>""Excluded"", ""Johannes""=>""Excluded"", ""Jon""=>""Excluded"", ""Anukriti""=>""Excluded"", ""Nathan""=>""Excluded""} | RAYYAN-EXCLUSION-REASONS: foreign language",https://dx.doi.org/10.3760/cma.j.issn.1674-635X.2019.05.005,age;article;body composition;body fat;*body weight loss;*cancer patient;*colorectal cancer;controlled study;dietary intake;human;major clinical study;muscle mass;*nutritional support;observational study;operative blood loss;*peroperative complication;*risk factor;Quality of Life;Alzheimer Disease;Nutritional Status;Nutritional Support,,
rayyan-883472457,Intravenous immunoglobulins for Alzheimer's disease and mild cognitive impairment due to Alzheimer's disease: A systematic review with meta-analysis,2019,10,6,Expert Review of Neurotherapeutics,1744-8360,19,6,475-480,"Liu, J. and Wang, L. N.",https://ovidsp.ovid.com/ovidweb.cgi?T=JS&CSC=Y&NEWS=N&PAGE=fulltext&D=med16&AN=31092051http://pmt-eu.hosted.exlibrisgroup.com/openurl/44LSE/44LSE_services_page?sid=OVID:medline&id=pmid:31092051&id=doi:10.1080%2F14737175.2019.1620106&issn=1473-7175&isbn=&volume=19&issue=6&spage=475&pages=475-480&date=2019&title=Expert+Review+of+Neurotherapeutics&atitle=Intravenous+immunoglobulins+for+Alzheimer%27s+disease+and+mild+cognitive+impairment+due+to+Alzheimer%27s+disease%3A+A+systematic+review+with+meta-analysis.&aulast=Liu,,,,"Introduction: Alzheimer's disease (AD) is the most common phenotype of dementia. Mild cognitive impairment (MCI) due to AD is believed as a prodromal stage of AD. Intravenous immunoglobulin (IVIG) is a classical immunotherapy and potentially reduces AD-type pathology by anti-Abeta, anti-tau, anti-inflammatory effects, and non-antibody-mediated effects. Areas covered: The authors aimed to determine the efficacy and safety of IVIG for AD and MCI due to AD patients. The electronic databases including PubMed, EMBASE, CINAHL, Cochrane Library, and China National Knowledge Infrastructure were searched until March 2019. The results were pooled via a random-effects model. There were five eligible studies with 772 randomized patients with AD and MCI due to AD, which compared IVIG with placebo. Expert opinion: No significant differences were found in the scores of mini-mental state examination and Alzheimer's disease assessment scale-cognitive subscale and number of patients with adverse events. IVIG is well tolerated in the patients with AD and MCI due to AD, even in long-term therapy for 18 months. Insufficient evidences support IVIG in the treatment of patients with AD and MCI due to AD to improve cognition or disease modification. Well-designed randomized controlled trials with large sample sizes are required in the future. (Medline Ovid 21/09/2022) 674","RAYYAN-INCLUSION: {""Johannes""=>""Excluded"", ""Jon""=>""Excluded"", ""Anukriti""=>""Excluded"", ""Nathan""=>""Excluded""} | RAYYAN-EXCLUSION-REASONS: Publication type (systematic review and meta-analysis)",https://dx.doi.org/10.1080/14737175.2019.1620106,"*Alzheimer Disease/dt [Drug Therapy];*Cognitive Dysfunction/dt [Drug Therapy];Humans;*Immunoglobulins, Intravenous/pd [Pharmacology];*Immunologic Factors/pd [Pharmacology];0 (Immunoglobulins, Intravenous);0 (Immunologic Factors);Immunoglobulin D;Immunoglobulin M;Immunoglobulin A;Immunoglobulin E;Alzheimer Disease;Immunoglobulins;Immunoglobulin Variable Region;Immunoglobulins, Intravenous;Immunoglobulin G",,
rayyan-883472458,A cluster-randomized crossover trial of Montessori activities delivered by family carers to nursing home residents with behavioral and psychological symptoms of dementia,2020,10,3,International Psychogeriatrics,1741-203X,32,3,347-358,"Mbakile-Mahlanza, L. and van der Ploeg, E. S. and Busija, L. and Camp, C. and Walker, H. and O'Connor, D. W.",https://ovidsp.ovid.com/ovidweb.cgi?T=JS&CSC=Y&NEWS=N&PAGE=fulltext&D=med17&AN=31762434http://pmt-eu.hosted.exlibrisgroup.com/openurl/44LSE/44LSE_services_page?sid=OVID:medline&id=pmid:31762434&id=doi:10.1017%2FS1041610219001819&issn=1041-6102&isbn=&volume=32&issue=3&spage=347&pages=347-358&date=2020&title=International+Psychogeriatrics&atitle=A+cluster-randomized+crossover+trial+of+Montessori+activities+delivered+by+family+carers+to+nursing+home+residents+with+behavioral+and+psychological+symptoms+of+dementia.&aulast=Mbakile-Mahlanza,,,,"OBJECTIVES: One-on-one structured Montessori-based activities conducted with people with dementia can improve agitation and enhance engagement. These activities may however not always be implemented by nursing home staff. Family members may present an untapped resource for enabling these activities. This study aimed to evaluate the impact of the Montessori activities implemented by family members on visitation experiences with people who have dementia. DESIGN: Cluster-randomized crossover design. SETTING: General and psychogeriatric nursing homes in the state of Victoria, Australia. PARTICIPANTS: Forty participants (20 residents and 20 carers) were recruited. INTERVENTION: During visits, family members interacted with their relative either through engaging in Montessori-based activities or reading a newspaper (the control condition) for four 30-minute sessions over 2 weeks. MEASUREMENTS: Residents' predominant affect and engagement were rated for each 30-second interval using the Philadelphia Geriatric Center Affect Rating Scale and the Menorah Park Engagement Scale. The Pearlin Mastery Scale was used to rate carers satisfaction with visits. The 15-item Mutuality Scale measured the carers quality of their relationship with the resident. Carers' mood and overall quality of life were measured using the Center for Epidemiological Studies Depression Scale and Carer-QoL questionnaires, respectively. RESULTS: Linear regressions within the generalized estimating equations approach assessed residents' and carers' outcomes. Relative to the control condition, the Montessori condition resulted in more positive engagement (b = 13.0, 95%CI 6.3-19.7, p < 0.001) and affect (b = 0.4, 95%CI 0.2-0.6, p < 0.001) for the residents and higher satisfaction with visits for carers (b = 1.7, 95%CI 0.45-3.00, p = 0.008). No correction was applied to p-values for multiple comparisons. CONCLUSION: This study strengthens the evidence base for the use of the Montessori programs in increasing well-being in nursing home residents. The findings also provide evidence that family members are an additional valuable resource in implementing structured activities such as the Montessori program with residents. (Medline Ovid 21/09/2022) 188","RAYYAN-INCLUSION: {""Johannes""=>""Excluded"", ""Jon""=>""Excluded"", ""Anukriti""=>""Excluded"", ""Nathan""=>""Excluded""} | RAYYAN-EXCLUSION-REASONS: Setting (not low- and middle-income country) | USER-NOTES: {""Anukriti""=>[""Cluster randomised design differs from RCT because the unit of study is not the individual but an entire group. ""]}",https://dx.doi.org/10.1017/S1041610219001819,"Aged;*Behavior Control/mt [Methods];Behavioral Symptoms/px [Psychology];*Behavioral Symptoms/th [Therapy];Botswana;Caregivers/px [Psychology];Cross-Over Studies;Dementia/px [Psychology];*Dementia/th [Therapy];*Family/px [Psychology];Female;Homes for the Aged;Humans;Male;Nursing Homes;Outcome and Process Assessment, Health Care;Psychomotor Agitation/co [Complications];Psychomotor Agitation/px [Psychology];*Psychomotor Agitation/th [Therapy];Quality of Life;Surveys and Questionnaires;Dementia;Nurses, Community Health",,
rayyan-883472459,Effects of Butyphthalide Combined with Idebenone on Inflammatory Cytokines and Vascular Endothelial Functions of Patients with Vascular Dementia,2020,1,,"Jcpsp, Journal of the College of Physicians & Surgeons - Pakistan",1681-7168,30,1,23-27,"Qi, F. X. and Hu, Y. and Kang, L. J. and Li, P. and Gao, T. C. and Zhang, X.",https://ovidsp.ovid.com/ovidweb.cgi?T=JS&CSC=Y&NEWS=N&PAGE=fulltext&D=med17&AN=31931927http://pmt-eu.hosted.exlibrisgroup.com/openurl/44LSE/44LSE_services_page?sid=OVID:medline&id=pmid:31931927&id=doi:10.29271%2Fjcpsp.2020.01.23&issn=1022-386X&isbn=&volume=30&issue=1&spage=23&pages=23-27&date=2020&title=Jcpsp%2C+Journal+of+the+College+of+Physicians+%26+Surgeons+-+Pakistan&atitle=Effects+of+Butyphthalide+Combined+with+Idebenone+on+Inflammatory+Cytokines+and+Vascular+Endothelial+Functions+of+Patients+with+Vascular+Dementia.&aulast=Qi,,,,"OBJECTIVE: To determinate the clinical effect of butyphthalide combined with idebenone in the treatment of vascular dementia (VD) and the influence on inflammatory cytokines and vascular endothelial functions. STUDY DESIGN: Clinical comparative study. PLACE AND DURATION OF STUDY: Department of Neurology, Baoding First Central Hospital, from June 2017 to June 2018. METHODOLOGY: Eighty-eight VD patients were divided into observation group (44 cases) and control group (44 cases) at random. Idebenone was given to the control group, and butyphthalide combined with idebenone was given to the observation group for 12 weeks. C-reactive protein (CRP), tumor necrosis factor alpha (TNF-alpha), interleukin-6 (IL-6) and interleukin-1beta (IL-1beta) were detected before and after the treatment to evaluate the level of serum inflammatory factors. Peripheral blood endothelial microparticles (EMPs), endothelin (ET-1), and vascular endothelial growth factor (VEGF) were detected to evaluate vascular endothelial functions. Mini-mental state examination (MMSE), clinical dementia scale (CDR), and ability of daily life (ADL), were used to evaluate cognitive function, dementia degree, and self-care ability in daily life. The occurrences of adverse reactions were recorded. RESULTS: Before the treatment, the comparison differences in the indexes of both groups had no statistical significance (p>0.05). After the treatment, the scores of CD62E+, VEGF, and MMSE of observation group rose obviously, compared with those before the treatment, and were significantly higher than those of control group (p <0.05). After the treatment, the scores of IL-6, CRP, TNF-alpha, IL-1beta, CD31+, CDl44+, ET-1, CDR and ADL of observation group significantly lowered, compared with those before the treatment, and were significantly lower than those of control group (p <0.05). The differences in the adverse reactions of both groups had no statistical significance (p >0.05). CONCLUSION: Butyphthalide combined with idebenone can effectively reduce serum inflammatory factor level of VD patients, regulate vascular endothelial functions, relieve dementia degree, and improve cognitive function and daily activity ability. (Medline Ovid 21/09/2022) 430","RAYYAN-INCLUSION: {""Johannes""=>""Included"", ""Jon""=>""Included"", ""Anukriti""=>""Included"", ""Nathan""=>""Included""}",https://dx.doi.org/10.29271/jcpsp.2020.01.23,"Activities of Daily Living;Aged;*Antioxidants/ad [Administration & Dosage];*Benzofurans/ad [Administration & Dosage];C-Reactive Protein/me [Metabolism];Cytokines/bl [Blood];Dementia, Vascular/bl [Blood];*Dementia, Vascular/dt [Drug Therapy];Dementia, Vascular/px [Psychology];Drug Therapy, Combination;Endothelin-1/bl [Blood];Female;Humans;Male;Middle Aged;*Neuroprotective Agents/ad [Administration & Dosage];Ubiquinone/ad [Administration & Dosage];*Ubiquinone/aa [Analogs & Derivatives];Vascular Endothelial Growth Factor A/bl [Blood];0 (Antioxidants);0 (Benzofurans);0 (Cytokines);0 (Endothelin-1);0 (Neuroprotective Agents);0 (Vascular Endothelial Growth Factor A);1339-63-5 (Ubiquinone);822Q956KGM (3-n-butylphthalide);9007-41-4 (C-Reactive Protein);HB6PN45W4J (idebenone);Dementia, Vascular;Cytokines;Dementia",,
rayyan-883472460,Clinical study on Yinxingye Capsules combined with mecobalamin in treatment of cerebrovascular cognitive impairment,2019,,,Drugs and Clinic,1674-5515,34,10,2946-2950,"Qu, Jun",http://www.tiprpress.com/xdywlc/ch/index.aspx,Chinese,,,"Objective: To investigate the clinical efficacy and safety of Yinxingye Capsules combined with mecobalamin in treatment of cerebrovascular cognitive impairment. Methods: Patients (100 cases) with cerebrovascular cognitive impairment in Ninth People's Hospital of Nanning from September 2017 to October 2018 were randomly divided into control (50 cases) and treatment (50 cases) groups. Patients in the control group were po administered with Mecobalamin Tablets, 0.5 mg/time, three times daily. Patients in the treatment group were po administered with Yinxingye Capsules on the basis of the control group, 2 grains/time, three times daily. Patients in two groups were treated for 4 months. After treatment, the clinical efficacy was evaluated, and the MOCA scores, MMSE scores, ADAS-cog scores, serum levels of Hcy and hs-CRP, and whole blood high shear viscosity, whole blood low shear viscosity, and plasma viscosity in two groups before and after treatment were compared. Results: After treatment, the clinical efficacy in the control group was 76.0%, which was significantly lower than 90.0% in the treatment group, and there were differences between two groups (P<0.05). After treatment, the MOCA and MMSE scores in two groups were significantly increased (P<0.05), but ADAS-cog scores were significantly decreased (P<0.05), and the cognitive function in the treatment group was significantly better than that in the control group (P<0.05). After treatment, the serum levels of Hcy and hs-CRP in two groups were significantly decreased (P<0.05), and the Hcy and hs-CRP levels in the treatment group were significantly lower than those in the control group (P<0.05). After treatment, the whole blood high shear viscosity, whole blood low shear viscosity, and plasma viscosity in two groups were significantly decreased (P<0.05), and these indexes in the treatment group were significantly lower than those in the control group (P<0.05). Conclusion: Yinxingye Capsules combined with mecobalamin can significantly improve the cognitive function and hemorheology of patients with cerebrovascular cognitive impairment, and reduce serum Hcy and hs-CRP levels. (Global Health Ovid 21/09/2022) 2716","RAYYAN-INCLUSION: {""Andra""=>""Excluded"", ""Huseyin""=>""Excluded"", ""Johannes""=>""Included"", ""Jon""=>""Included"", ""Anukriti""=>""Included"", ""Nathan""=>""Included""} | RAYYAN-EXCLUSION-REASONS: foreign language",,blood;cerebrovascular disorders;clinical aspects;herb-drug interactions;herbal drugs;human diseases;medicinal properties;pharmacology;randomized controlled trials;traditional Chinese medicines;viscosity;Cognition;Capsules,,
rayyan-883472461,Effects of Process-Based Cognitive Training on Memory in the Healthy Elderly and Patients with Mild Cognitive Impairment: A Randomized Controlled Trial,2020,8,,Psychiatry Investigation,1738-3684,17,8,751-761,"Shin, M. and Lee, A. and Cho, A. Y. and Son, M. and Kim, Y. H.",https://ovidsp.ovid.com/ovidweb.cgi?T=JS&CSC=Y&NEWS=N&PAGE=fulltext&D=pmnm5&AN=32777923http://pmt-eu.hosted.exlibrisgroup.com/openurl/44LSE/44LSE_services_page?sid=OVID:medline&id=pmid:32777923&id=doi:10.30773%2Fpi.2019.0225&issn=1738-3684&isbn=&volume=17&issue=8&spage=751&pages=751-761&date=2020&title=Psychiatry+Investigation&atitle=Effects+of+Process-Based+Cognitive+Training+on+Memory+in+the+Healthy+Elderly+and+Patients+with+Mild+Cognitive+Impairment%3A+A+Randomized+Controlled+Trial.&aulast=Shin,,,,"OBJECTIVE: This study investigated the effects of process-based cognitive training that targets working memory and cognitive control on memory improvement in healthy elderly individuals and patients with mild cognitive impairment (MCI). METHODS: Forty healthy subjects and 40 patients with MCI were randomly assigned to either the intervention or control group. The intervention group received 12 sessions of designated cognitive training. The control group did not receive cognitive training. A memory test was administered pre-intervention, post-intervention, and 4 weeks after the intervention. Additional comprehensive neuropsychological tests were also administered including a depression scale questionnaire. RESULTS: Performance in attention and working memory, which are directly related to the training domains, and global cognitive function were improved in the intervention group after training. In memory tests, interference by irrelevant stimuli was reduced and recognition memory was improved after the intervention. Furthermore, cognitive training ameliorated depressive symptoms. These training effects were not dependent on MCI status. CONCLUSION: Process-based cognitive training that targets working memory and cognitive control effectively improves memory processes including retrograde interference and recognition, as well as depressive symptoms associated with aging in healthy elderly individuals and patients with MCI. (Medline Ovid 21/09/2022) 466","RAYYAN-INCLUSION: {""Johannes""=>""Excluded"", ""Jon""=>""Excluded"", ""Anukriti""=>""Excluded"", ""Nathan""=>""Excluded""} | RAYYAN-EXCLUSION-REASONS: Setting (not low- and middle-income country)",https://dx.doi.org/10.30773/pi.2019.0225,Cognition,,
rayyan-883472462,Clinical efficacy and safety of nicergoline combined with oxiracetam in the treatment of vascular cognitive impairment,2020,1,,Pakistan Journal of Pharmaceutical Sciences,1011-601X,33,1,417-422,"Wang, B. and Zhong, L. and Qiao, P. and Ma, Z.",https://ovidsp.ovid.com/ovidweb.cgi?T=JS&CSC=Y&NEWS=N&PAGE=fulltext&D=med17&AN=32173636http://pmt-eu.hosted.exlibrisgroup.com/openurl/44LSE/44LSE_services_page?sid=OVID:medline&id=pmid:32173636&id=doi:&issn=1011-601X&isbn=&volume=33&issue=1&spage=417&pages=417-422&date=2020&title=Pakistan+Journal+of+Pharmaceutical+Sciences&atitle=Clinical+efficacy+and+safety+of+nicergoline+combined+with+oxiracetam+in+the+treatment+of+vascular+cognitive+impairment.&aulast=Wang,,,,"As a alpha1-adrenergic receptor antagonist, nicergoline can induce vasodilation and increase arterial blood flow. Its clinical application can effectively prevent and treat cognitive impairment and reduce cognitive decline and comprehensively improve patients' daily living ability and social function. The clinical efficacy of nicergoline combined with oxiracetam in the treatment of vascular cognitive impairment after stroke was analyzed. 120 patients with cognitive impairment after stroke were randomly divided into nicergoline group and Experience group. They were treated with nicergoline and nicergoline combined with oxiracetam respectively. Both groups were treated for one month. Montreal Cognitive Assessment Scale (MoCA) was used to evaluate the cognitive function of the two groups before and after treatment, and the clinical efficacy was compared. The results showed that the average score of MoCA in the combined group was (5.97+/-2.06), higher than that in the nicergoline group (3.53+/-1.44). The change of MoCA score was the most significant. There was significant difference between the nicergoline group and the combined group (t=4.21, P<0.01). The combined group had the highest effective rate and the total effective rate was 93.3%. Conclusion : Nicergoline and oxiracetam are effective drugs in the treatment of vascular cognitive impairment (VCI). The combined use of nicergoline and oxiracetam is better than that of nicergoline alone. The combined use of nicergoline and oxiracetam can significantly improve the severity of symptoms and quality of life in patients with vascular cognitive impairment after stroke. The clinical effect is definite. (Medline Ovid 21/09/2022) 174","RAYYAN-INCLUSION: {""Johannes""=>""Included"", ""Jon""=>""Included"", ""Anukriti""=>""Included"", ""Nathan""=>""Included""}",,"Adult;Aged;Aged, 80 and over;*Cognitive Dysfunction/dt [Drug Therapy];Drug Therapy, Combination;Female;Humans;Male;Middle Aged;*Nicergoline/ad [Administration & Dosage];Nicergoline/ae [Adverse Effects];*Pyrrolidines/ad [Administration & Dosage];Pyrrolidines/ae [Adverse Effects];*Stroke/co [Complications];Treatment Outcome;0 (Pyrrolidines);JCV8365FWN (Nicergoline);P7U817352G (oxiracetam);Cognition",,
rayyan-883472463,Effects of mindfulness-based interventions on dementia patients: A meta-analysis,2020,,,Western Journal of Nursing Research,0193-9459,42,12,1163-1173,"Wang, Feng Ling and Tang, Qian Yun and Zhang, Lu Lu and Yang, Jing Jing and Li, Yu and Peng, Hua and Wang, Shu Hong",http://ovidsp.ovid.com/ovidweb.cgi?T=JS&PAGE=reference&D=psyc17&NEWS=N&AN=2020-81897-018,English,,,"This study aims to systematically evaluate the efficacy of mindfulness-based intervention (MBI) in improving mental health and quality of life for people with dementia. Comprehensive literature search was performed using the PubMed, EMBASE, Web of Science, Cochrane Library, and CINAHL databases from their inception till June 26, 2019. In total, nine articles met the eligibility criteria and were included. The results of the meta-analysis showed a statistically significant decrease in depressive symptoms (SMD = -0.39, 95% CI: - 0.62 to - 0.15), in people with dementia who were treated with MBI. However, there were no significant improvements in anxiety, stress, or quality of life. These findings suggest that MBI is a promising alternative to conventional interventions in the treatment of depression among dementia patients and warrant further study. (PsycInfo Database Record (c) 2021 APA, all rights reserved) (PsycINFO Ovid 21/09/2022) 2876","RAYYAN-INCLUSION: {""Johannes""=>""Excluded"", ""Jon""=>""Excluded"", ""Anukriti""=>""Excluded"", ""Nathan""=>""Excluded""} | RAYYAN-EXCLUSION-REASONS: Publication type (systematic review and meta-analysis)",https://dx.doi.org/10.1177/0193945920916750,*Dementia;*Major Depression;*Treatment Effectiveness Evaluation;*Mindfulness-Based Interventions;Psychiatric Symptoms;Dementia,,
rayyan-883472464,Systematic evaluation and Meta-analysis of efficacy and safety of Tianzhi Granules in treatment of vascular cognitive impairment,2020,10,,Zhongguo Zhong Yao Za Zhi/Zhongguo Zhongyao Zazhi/China Journal of Chinese Materia Medica,1001-5302,45,19,4766-4775,"Wen-Yue, H. U. and Zhen-Yun, H. and Hua-Ping, M. A. and Jing-Feng, L. and Ze, C.",https://ovidsp.ovid.com/ovidweb.cgi?T=JS&CSC=Y&NEWS=N&PAGE=fulltext&D=med18&AN=33164444http://pmt-eu.hosted.exlibrisgroup.com/openurl/44LSE/44LSE_services_page?sid=OVID:medline&id=pmid:33164444&id=doi:10.19540%2Fj.cnki.cjcmm.20200309.501&issn=1001-5302&isbn=&volume=45&issue=19&spage=4766&pages=4766-4775&date=2020&title=Zhongguo+Zhong+Yao+Za+Zhi%2FZhongguo+Zhongyao+Zazhi%2FChina+Journal+of+Chinese+Materia+Medica&atitle=%5BSystematic+evaluation+and+Meta-analysis+of+efficacy+and+safety+of+Tianzhi+Granules+in+treatment+of+vascular+cognitive+impairment%5D.&aulast=Wen-Yue,,,,"Tianzhi Granules has effects in calming liver wind, nourishing liver and kidney and activating blood. At present, it is used for treatment of vascular cognitive impairment. However, its efficacy and safety remained to be verified. Therefore, this study aims to systematically analyze the efficacy and safety of Tianzhi Granules in the treatment of vascular cognitive impairment. CNKI, VIP, WanFang, SinoMed, PubMed and Cochrane Library, ClinicalTrials.gov were retrieved to screen out relevant randomized controlled trials about the effect of Tianzhi Granules on vascular cognitive impairment according to the inclusion criteria. Two researchers independently used the risk of bias assessment tool for quality assessment, and extracted and checked the data. Cochrane systematic evaluation software RevMan 5.3 was used for data analysis. Twenty-seven articles involving 2 741 subjects were included. The intervention measure was Tianzhi Granules alone, and the control measure was Western medicine alone or blank control. According to the results, Tianzhi Granules was better than blank control and brain metabolism promoter in clinical efficacy rate and improvement of MMSE score. And it was better than blank control and nimodipine in the improvement of event-related potential(ERP) P300. Within 3 months, Tianzhi Granules had better effects than Western medicine group and blank group, with a low incidence of adverse events. Tianzhi Granules can be recommended for clinical use. However, due to the low quality of the include literatures, these potential benefits need to be confirmed in future standardized clinical trials with a large sample size. (Medline Ovid 21/09/2022) 1042","RAYYAN-INCLUSION: {""Johannes""=>""Excluded"", ""Jon""=>""Excluded"", ""Anukriti""=>""Excluded"", ""Nathan""=>""Excluded""} | RAYYAN-EXCLUSION-REASONS: Publication type (systematic review and meta-analysis)",https://dx.doi.org/10.19540/j.cnki.cjcmm.20200309.501,"Cognitive Dysfunction/dt [Drug Therapy];*Cognitive Dysfunction;Drugs, Chinese Herbal/ae [Adverse Effects];*Drugs, Chinese Herbal;Humans;Treatment Outcome;0 (Drugs, Chinese Herbal)",,
rayyan-883472465,Effects of ginkgolide injection on cognitive function and serum sod and GSH in patients with ischemic vascular cognitive impairment,2020,,,Drug Evaluation Research,1674-6376,43,9,1840-1843,"Yan, Yi and Ma, Li",https://www.tiprpress.com/ywpjyj/article/abstract/20200930,Chinese,,,"Objective: To investigate the effects of Ginkgolide Injection on cognitive function and serum SOD and GSH in patients with ischemic vascular cognitive impairment. Methods: Patients (40 ceses) with ischemic vascular cognitive impairment in the Central Hospital Affiliated to Shenyang Medical College from January 2018 to January 2019 were devided into control and observation group by random number method, and each group had 20 ceses. Patients in the control group were received routine treatment. Patients in the observation group were iv administered with Ginkgolide Injection on the basis of control group, 10 mL was diluted with 0.9% normal saline 250 mL, once daily. Both groups were treated continuously for 14 d. The cognitive function, living ability, and serum antioxidant levels in two groups were observed before and after treatment. Results: After treatment, the cognitive ability of patients in two groups was significantly improved, and the difference before and after treatment in the same group was statistically significant (P<0.05). After treatment, the improvement of cognitive ability in the observation group was significantly better than that in the control group, and the difference between the two groups was statistically significant (P<0.05). After treatment, the living ability in two groups was significantly improved, and the difference before and after treatment in the same group was statistically significant (P<0.05). And the improvement of living ability in the observation group was significantly better than that in the control group, and the difference between the two groups was statistically significant (P<0.05). After treatment, the serum levels of SOD and GSH in the observation group were significantly increased, the differences before and after treatment in the same group were statistically significant (P<0.05). After treatment, compared with the control group, the serum SOD and GSH levels in the observation group were significantly increased, and the differences between two groups were statistically significant (P<0.05). Conclusion: Patients with ischemic vascular cognitive impairment adding Ginkgolide Injection on the basis of conventional treatment can not only improve the state of intelligence in a short time, but also significantly improve the ability of daily living, the mechanism may be related to the effect of antioxidant stress of ginkgolide on nerve damage repair. (Global Health Ovid 21/09/2022) 2446","RAYYAN-INCLUSION: {""Andra""=>""Excluded"", ""Huseyin""=>""Excluded"", ""Johannes""=>""Included"", ""Jon""=>""Included"", ""Anukriti""=>""Included"", ""Nathan""=>""Included""} | RAYYAN-EXCLUSION-REASONS: foreign language",http://dx.doi.org/10.7501/j.issn.1674-6376.2020.09.030,antioxidants;damage;effects;herbal drugs;injection;ischaemia;lactones;patients;pharmacology;phytochemicals;serum;Cognition,,
rayyan-883472466,Meta analysis of intervention effect of music therapy on dementia patients,2019,,,Chinese Nursing Research,1009-6493,33,8,1275-1282,"Y and , Ying and Weng, Yanling and Song, Yulei and Bo, Yamei",https://search.ebscohost.com/login.aspx?direct=true&db=rzh&AN=136459219&site=ehost-live,,,,"Objective:To evaluate the effect of music therapy on patients with dementia. Methods:A randomized controlled trial on the effect of music therapy on dementia patients was searched in Chinese and English databases, and Meta-analysis was performed using RevMan 5.3 software. Results:A total of 13 articles were included, involving 580 patients. Meta-analysis showed that the improvement of anxiety symptoms in the intervention group was better than that in the control group after the intervention, the difference was statistically significant[SMD=-0.50, 95%CI(-0.93,-0.08), P=0.02]. The improvement of depressive symptoms in the intervention group was better than that of the control group during the follow-up period, the difference was statistically significant[SMD=-0.74, 95%CI(-1.23,-0.25), P=0.003]. And it had no obvious effect on behavioral problems, cognitive function and quality of life improvement. Conclusion:Music therapy can improve the anxiety and depressive symptoms of dementia patients. And had no obvious effect on behavioral problems, cognitive function and quality of life improvement. It also needs large-sample, high-quality randomized controlled study to verify. [目的]评价音乐疗法对痴呆症病人的干预效果。[方法]检索中英文数据库中有关音乐疗法对痴呆症病人干预效果的随机对照试验研究,利用RevMan 5.3软件进行Meta分析。[结果]共纳入13篇文献,涉及580例病人。Meta分析结果显示,干预结束后干预组焦虑症状改善情况也优于对照组,差异有统计学意义[SMD=-0.50,95%CI(-0.93,-0.08),P=0.02];随访期干预组抑郁症状改善情况优于对照组,差异有统计学意义[SMD=-0.74,95%CI(-1.23,-0.25),P=0.003];对行为问题、认知功能和生活质量改善效果不明显。[结论]音乐疗法能改善痴呆症病人的焦虑、抑郁症状,对行为问题、认知功能和生活质量改善效果不明显,还需大样本、高质量随机对照研究进行验证。 (CINAHL 21/09/2022) 3498","RAYYAN-INCLUSION: {""Johannes""=>""Excluded"", ""Jon""=>""Excluded"", ""Anukriti""=>""Excluded"", ""Nathan""=>""Excluded""} | RAYYAN-EXCLUSION-REASONS: Publication type (systematic review and meta-analysis)",10.12102/j.issn.1009-6493.2019.08.001,Anxiety;Therapy;Depression;Music Therapy;Dementia Patients;Psychosocial Factors;Treatment Outcomes;Human;Meta Analysis;Descriptive Statistics;Confidence Intervals;Behavioral Changes;Cognition;Quality of Life;Dementia;Music,,
rayyan-883472467,"Multicomponent intervention combining a cognitive stimulation group and tai chi to reduce cognitive decline among community-dwelling older adults with probable dementia: A multi-center, randomized controlled trial",2020,8,,Dementia,1741-2684,19,6,2073-2089,"Young, D. K.",https://ovidsp.ovid.com/ovidweb.cgi?T=JS&CSC=Y&NEWS=N&PAGE=fulltext&D=med17&AN=30486656http://pmt-eu.hosted.exlibrisgroup.com/openurl/44LSE/44LSE_services_page?sid=OVID:medline&id=pmid:30486656&id=doi:10.1177%2F1471301218814637&issn=1471-3012&isbn=&volume=19&issue=6&spage=2073&pages=2073-2089&date=2020&title=Dementia&atitle=Multicomponent+intervention+combining+a+cognitive+stimulation+group+and+tai+chi+to+reduce+cognitive+decline+among+community-dwelling+older+adults+with+probable+dementia%3A+A+multi-center%2C+randomized+controlled+trial.&aulast=Young,,,,"OBJECTIVE: This research study aims to evaluate the effectiveness of a multicomponent intervention that combines a cognitive stimulation group and tai chi to reduce cognitive decline among community-dwelling Chinese older adults with probable dementia. METHODS: A multi-center, randomized controlled trial design was adopted in this study. In addition to treat as usual, the treatment group (n = 41) participated in a structured cognitive stimulation group followed by tai chi twice a week, with a total of 14 sessions held during the study period. The control group (n = 39) received treat as usual. Mattis Dementia Rating Scale and Mini-Mental State Examination were used for assessing the cognitive abilities of participants in the pre- and post-treatment periods. RESULTS: A 2 x 2 repeated measures analysis of covariance demonstrated that the treatment group was more effective than the control group on improving Dementia Rating Scale score (F = 7.45, p < .01) with a moderate effect size (partial eta square = .09) and Mini-Mental State Examination score (F = 9.96, p < .01) with a moderate to large effect size (partial eta square = .12) after controlling for age, gender, educational level, marital status, and number of physical illnesses. CONCLUSION: The present study demonstrates the effectiveness of the multicomponent intervention on improving cognitive ability among community-dwelling older adults with probable dementia, suggesting that the multicomponent intervention can facilitate early identification, assessment, and treatment for community-dwelling older adults with probable dementia. (Medline Ovid 21/09/2022) 761","RAYYAN-INCLUSION: {""Johannes""=>""Excluded"", ""Jon""=>""Excluded"", ""Anukriti""=>""Excluded"", ""Nathan""=>""Excluded""} | RAYYAN-EXCLUSION-REASONS: Setting (not low- and middle-income country) | USER-NOTES: {""Anukriti""=>[""Met the criteria for mild stage dementia but never received a diagnosis""]}",https://dx.doi.org/10.1177/1471301218814637,Aged;Cognition;Cognitive Dysfunction/th [Therapy];*Cognitive Dysfunction;Dementia/th [Therapy];*Dementia;Humans;Independent Living;*Tai Ji;Treatment Outcome;Probability;Dementia,,
rayyan-883472468,Effect of computerized cognitive rehabilitation on improvement of mild cognitive impairment and working memory capacity,2020,,,Journal of Psychology,1680-8436,23,4,371-387,"Zare, Hossein and Sharifi, Ali Akbar and Hashamdar, Sara",,Farsi (Iranian),,,"The purpose of this study was to investigate the effect of computerized cognitive rehabilitation therapies (CCRT) on improvement of mild cognitive impairment (MCI) and working memory capacity (WM) in elderly women. This study was a quasi experimental design with a pretest-posttest design with a control group with a one month follow-up. Subjects included 16 elderly women 65 years and older with mild cognitive impairment and low capacity of working memory at the Mehrpouyan elderly home in Behbahan city in 2018-2019. They were selected with an available sampling method and randomly placed in the experimental and control groups. Each group included 8 persons. To evaluate the Main Mental Status Examination (MMSE) (Fulestine et, al., 1975) and the Working Memory Capacity Test (Daneman & Carpenter, 1980). The experimental group was trained for 8 session with a memory rehabilitation software and the control group did not receive any training. Data was analyzed with mixed analysis of variance. The scores from the MMSE and the Working Memory Capacity of the experimental group increased dramatically. As a result, computerized cognitive rehabilitation had a significant effect on the improvement of cognitive impairment and the capacity of working memory in elderly women. (PsycInfo Database Record (c) 2021 APA, all rights reserved) (PsycINFO Ovid 21/09/2022) 3183","RAYYAN-INCLUSION: {""Andra""=>""Excluded"", ""Huseyin""=>""Excluded"", ""Johannes""=>""Included"", ""Jon""=>""Included"", ""Anukriti""=>""Included"", ""Nathan""=>""Included""} | RAYYAN-EXCLUSION-REASONS: foreign language",,"computerized cognitive rehabilitation therapies, CCRT, mild cognitive impairment, MCI, working memory capacity, elderly women;*Cognitive Impairment;*Cognitive Rehabilitation;*Cognitive Therapy;*Short Term Memory;*Computer Assisted Therapy;Geriatric Patients;Human Females;Mild Cognitive Impairment;Cognitive Therapy [3311];Human Female Adulthood (18 yrs & older) Aged (65 yrs & older);Iran;Memory, Short-Term;Cognition",,
rayyan-883472469,Long-term efficacy of Chinese medicine Bushen Capsule on cognition and brain activity in patients with amnestic mild cognitive impairment,2019,10,8,Pharmacological Research,1096-1186,146,,104319,"Zhang, J. and Yang, C. and Wei, D. and Li, H. and Leung, E. L. and Deng, Q. and Liu, Z. and Fan, X. X. and Zhang, Z.",https://ovidsp.ovid.com/ovidweb.cgi?T=JS&CSC=Y&NEWS=N&PAGE=fulltext&D=med16&AN=31220560http://pmt-eu.hosted.exlibrisgroup.com/openurl/44LSE/44LSE_services_page?sid=OVID:medline&id=pmid:31220560&id=doi:10.1016%2Fj.phrs.2019.104319&issn=1043-6618&isbn=&volume=146&issue=&spage=104319&pages=104319&date=2019&title=Pharmacological+Research&atitle=Long-term+efficacy+of+Chinese+medicine+Bushen+Capsule+on+cognition+and+brain+activity+in+patients+with+amnestic+mild+cognitive+impairment.&aulast=Zhang,,,,"Mild cognitive impairment (MCI), regarded as the prodromal stage before the clinical phase of Alzheimer's disease (AD), has been considered for early intervention. Unfortunately, many trials in this stage with drugs with single-target turned out to be little or no effect. Multi-targeting in nature based on the theory of Traditional Chinese Medicine (TCM) offers another prospect for intervention. Together with advanced functional magnetic resonance imaging (fMRI) technique for more sensitive and objective evaluation, we investigated the long-term therapeutic effects of a TCM compound on cognition and task-related neuronal activity. Sixty amnestic MCI (aMCI) participants from randomly divided into drug (30 with Bushen capsules (BSC)) and placebo (30 with placebo capsules) groups for this 2-years trial. Neuropsychological and N-back task-fMRI data were acquired at baseline and two follow-ups to assess, via linear mixed effect models, the changes of cognitive ability and brain activation over treatments. The drug group, compared with placebo group, exhibited improvement or stabilization in memory measures over time. Analyses of fMRI revealed that the placebo group exhibited higher activation magnitude and spatial extents at left superior parietal lobule; importantly, the greater activation identified in placebo group was related to more decline in the digit span. BSC showed long-term ameliorative effects on cognitive performances in aMCI patients, which might result from the regulation of abnormal brain activities. Our study provided evidence for the potential of TCM in early prevention of AD, as well as the feasibility of neuroimaging biomarkers in clinical trials. Copyright © 2019 Elsevier Ltd. All rights reserved. (Medline Ovid 21/09/2022) 708","RAYYAN-INCLUSION: {""Johannes""=>""Included"", ""Jon""=>""Included"", ""Anukriti""=>""Included"", ""Nathan""=>""Included""}",https://dx.doi.org/10.1016/j.phrs.2019.104319,"Aged;Aged, 80 and over;Alzheimer Disease/dt [Drug Therapy];Alzheimer Disease/me [Metabolism];*Brain/de [Drug Effects];Brain/me [Metabolism];*Capsules/tu [Therapeutic Use];*Cognition/de [Drug Effects];*Cognitive Dysfunction/dt [Drug Therapy];Cognitive Dysfunction/me [Metabolism];Double-Blind Method;*Drugs, Chinese Herbal/tu [Therapeutic Use];Female;Humans;Magnetic Resonance Imaging/mt [Methods];Male;Medicine, Chinese Traditional/mt [Methods];Memory/de [Drug Effects];Middle Aged;Oxygen/me [Metabolism];0 (Capsules);0 (Drugs, Chinese Herbal);S88TT14065 (Oxygen);Brain;Cognition",,
rayyan-883472470,Acupuncture for Improving Cognitive Impairment After Stroke: A Meta-Analysis of Randomized Controlled Trials,2020,,,Frontiers in Psychology,1664-1078,11,,549265,"Zhou, L. and Wang, Y. and Qiao, J. and Wang, Q. M. and Luo, X.",https://ovidsp.ovid.com/ovidweb.cgi?T=JS&CSC=Y&NEWS=N&PAGE=fulltext&D=pmnm5&AN=33424671http://pmt-eu.hosted.exlibrisgroup.com/openurl/44LSE/44LSE_services_page?sid=OVID:medline&id=pmid:33424671&id=doi:10.3389%2Ffpsyg.2020.549265&issn=1664-1078&isbn=&volume=11&issue=&spage=549265&pages=549265&date=2020&title=Frontiers+in+Psychology&atitle=Acupuncture+for+Improving+Cognitive+Impairment+After+Stroke%3A+A+Meta-Analysis+of+Randomized+Controlled+Trials.&aulast=Zhou,,,,"Objective: This meta-analysis evaluated the efficacy of acupuncture in improving cognitive impairment of post-stroke patients. Design: Randomized controlled trials (RCTs) investigating the effects of acupuncture compared with no treatment or sham acupuncture on post-stroke cognitive impairment (PSCI) before December 2019 were identified from databases (PubMed, EMBASE, Ovid library, Cochrane Library, Chinese National Knowledge Infrastructure, VIP Chinese Periodical Database, Wanfang Database, and SinoMed). The literature searching and data extracting were independently performed by two investigators. Study quality was assessed using the Cochrane Handbook for Systematic Reviews of Interventions. Meta-analyses were performed for the eligible RCTs with Revman 5.3 software. Results: Thirty-seven RCTs (2,869 patients) were included in this meta-analysis. Merged Random-effects estimates of the gain of MMSE (Mini-Mental State Examination) or MoCA (Montreal Cognitive Assessment) were calculated for the comparison of acupuncture with no acupuncture or sham acupuncture. Following 2-8 weeks of intervention with acupuncture, pooled results demonstrated significant effects of acupuncture in improving PSCI assessed by MMSE (MD [95% CI] = 2.88 [2.09, 3.66], p < 0.00001) or MoCA (MD [95% CI] = 2.66 [1.95, 3.37], p < 0.00001). Conclusion: The results suggest that acupuncture was effective in improving PSCI and supported the needs of more rigorous design with large-scale randomized clinical trials to determine its therapeutic benefits. Copyright © 2020 Zhou, Wang, Qiao, Wang and Luo. (Medline Ovid 21/09/2022) 12","RAYYAN-INCLUSION: {""Johannes""=>""Excluded"", ""Jon""=>""Excluded"", ""Anukriti""=>""Excluded"", ""Nathan""=>""Excluded""} | RAYYAN-EXCLUSION-REASONS: Population (not people with dementia or mild cognitive impairment or their carers)",https://dx.doi.org/10.3389/fpsyg.2020.549265,Cognition;Stroke,,
rayyan-883472471,KIOM-SAR 2020 International Research Conference,2020,,,Integrative Medicine Research,2213-4220 2213-4239,9,,100573,Anonymous,http://ovidsp.ovid.com/ovidweb.cgi?T=JS&PAGE=reference&D=emed21&NEWS=N&AN=2007697759,English,,,"The proceedings contains 140 papers. The topics discussed include: Electroacupuncture plus on-demand gastrocaine for refractory functional dyspepsia: pragmatic randomized trial;Acupuncture for voice problems: anti-inflammatory or stress reduction effect?;Open label placebo: pill and needle;Visualization of Pericardium Meridian with a Medical Fluorescent Dye;Resting state functional brain connectivity predicts clinical improvements in chronic low back pain following acupuncture;Impact of sham acupuncture information disclosure in participant information leaflets on participant blinding and trial outcomes: a randomised controlled trial;An interaction between somatosensory associated and cognitive/affective components of acupuncture treatment in the brain;Electro-acupuncture alters functional brain connectivity between primary somatosensory cortex and autonomic and pain processing regions in Carpal Tunnel Syndrome;Blinded acupuncture studies are possible in the intensive care unit setting;Cognitive domain improved by electro-acupuncture: result from a randomized controlled trial of patients with mild cognitive impairment;Quality of reporting sham acupuncture needles in randomized controlled trials;Development and validation of a prediction model for response to acupuncture in treating back pain using machine-learning: results from 2 independent clinical trials;Acupuncture and related therapies for treating irritable bowel syndrome: overview of systematic reviews and network meta-analysis;Hierarchical micro/nano-porous acupuncture needles offering enhanced therapeutic properties;Acupuncture & Topiramat in treatment of migraine;Laser - quantum acupuncture and therapy;Colorectal cancer survivors' willingness to participate in a hypothetical clinical trial of Korean medicine: a cross-sectional study;The descriptive study of patients visited korean medicine clinic in Jincheon athletes' village;A randomized, placebo-controlled trial evaluating changes in peripheral neuropathy and quality of life by using low-frequency electrostimulation on breast cancer patients treated with chemotherapy;Self-administered acupressure for insomnia disorder: a protocol of randomized controlled trial;Breech to vertex (Embase Ovid 21/09/2022) 1209","RAYYAN-INCLUSION: {""Anwesha""=>""Excluded"", ""Marvin""=>""Excluded"", ""Vishnupriya""=>""Excluded"", ""Ryan""=>""Excluded""} | RAYYAN-EXCLUSION-REASONS: Setting (not low- and middle-income country) | USER-NOTES: {""Anwesha""=>[""Seems like abstract, not full article""]}",https://dx.doi.org/10.1016/j.imr.2020.100573,acupressure;acupuncture needle;adult;athlete;breast cancer;cancer patient;cancer survival;cancer survivor;carpal tunnel syndrome;chemotherapy;clinical trial;colorectal cancer;conference review;controlled study;cross-sectional study;drug therapy;dyspepsia;electroacupuncture;female;functional connectivity;genetic susceptibility;human;insomnia;intensive care unit;irritable colon;Korean medicine;laser;low back pain;machine learning;meta analysis;migraine;mild cognitive impairment;network meta-analysis;pericardium meridian;peripheral neuropathy;physiological stress;pill;prediction;primary somatosensory cortex;quality of life;randomized controlled trial (topic);single blind procedure;systematic review;validation process;voice;adenosine phosphate;fluorescent dye;nanochain;placebo;topiramate,,
rayyan-883472472,Efficacy and safety of butylphthalide soft capsule in the treatment of vascular dementia: A meta-analysis,2020,,,Chinese Journal of Evidence-Based Medicine,1672-2531,20,4,444-452,"Cao, T. and Teng, Y. and Yao, X. and Shi, J. and Ni, J. and Tian, J.",http://www.cjebm.com/article/10.7507/1672-2531.201907060 http://ovidsp.ovid.com/ovidweb.cgi?T=JS&PAGE=reference&D=emed21&NEWS=N&AN=2006036898,Chinese,,,"Objectives To systematically evaluate the efficacy and safety of butylphthalide soft capsule in the treatment of vascular dementia (VaD). Methods Databases including CNKI, WanFang Data, VIP, CBM, PubMed, EMbase, The Cochrane Library were electronically searched to collect randomized controlled trials of butylphthalide soft capsule in the treatment of vascular dementia published from September 2002 to July 2018. Two reviewers independently screened literature, extracted data and assessed risk of bias of included studies. Then, meta-analysis was performed using RevMan 5.3 software. Results A total of 15 studies involving 1 149 patients were included. The butylphthalide soft capsule treatment group included 578 patients and the control group included 571 patients. The results of meta-analysis showed that compared with the control group (donepezil hydrochloride tablets or memantine hydrochloride tablets or EGb761 or negative control), the butylphthalide soft capsule treatment group improved the MMSE score of patients with VaD (MD=3.52, 95%CI 2.59 to 4.46, P<0.01), CDR score (MD=-0.72, 95%CI -0.80 to -0.65, P<0.01), and treatment efficiency (RR=1.31, 95%CI 1.20 to 1.43, P<0.01). However, there was no statistical difference in the number of adverse reactions between the treatment and control groups. Conclusions Butylphthalide soft capsule can be used in the treatment of patients with mild to moderate VaD. It can improve the cognitive function, raking of clinical dementia, and increase the effect rate of treatment. It can also work in conjunction with other drugs that improve cognitive function and no increase in adverse reactions has been found. However, due to the low quality of the included studies and small sample size, the actual efficacy strength is uncertain and the above conclusions are still required to be verified by more high-quality randomized controlled trials.Copyright © 2020 West China University of Medical Science. All rights reserved. (Embase Ovid 21/09/2022) 1542","RAYYAN-INCLUSION: {""Anwesha""=>""Excluded"", ""Marvin""=>""Excluded"", ""Vishnupriya""=>""Excluded"", ""Ryan""=>""Excluded""} | RAYYAN-EXCLUSION-REASONS: Publication type (systematic review and meta-analysis) | USER-NOTES: {""Anwesha""=>[""Chinese language""]}",https://dx.doi.org/10.7507/1672-2531.201907060,"article;cognition;*drug efficacy;*drug safety;human;meta analysis;*multiinfarct dementia/dt [Drug Therapy];randomized controlled trial (topic);*butylphthalide;memantine/dt [Drug Therapy];Dementia, Vascular;Capsules",,
rayyan-883472473,The efficacy of donepezil on cognitive function in postoperative brain tumor patients,2019,,,Neuro-Oncology,1523-5866,21,,iii33-iii34,"Diansari, Y. and Harun, Y. and Marisdina, S. and Felistia, Y.",http://ovidsp.ovid.com/ovidweb.cgi?T=JS&PAGE=reference&D=emed20&NEWS=N&AN=631167845,English,,,"BACKGROUND: Cognitive impairment is frequently found in brain tumor patients. More than 90% of patients with brain tumor have at least one cognitive domain disturbance. Decline in cognitive function could happen before due to the tumor or after the treatment because of surgery, radiotherapy or chemotherapy. Until now there is no available standard treatment for patients with cognitive impairment due to brain tumor. Moreover, Donepezil is an acetylcholinesterase inhibitor known to be useful for improving cognitive function in patients with dementia. This clinical study aims to determine the cognitive effects of donepezil therapy in patients with brain tumors following surgery. MATERIAL AND METHODS: This is a pilot study with total of 20 adult brain tumor patients were double blinded randomly assigned to receive a single daily dose (5mg for 12 weeks) of donepezil or placebo. The inclusion criteria were patients with primary brain tumor who had undergone surgery with cognitive impairment at the initial evaluation and age range 18 to 65 years old. Patients with previous cognitive problem, other diseases that can cause cognitive decline e.g. stroke and history of taking donepezil, memantine, methylphenidate, ginkgo biloba, and modafinil were excluded. A cognitive test using Mini Mental State Examination (MMSE) and Montreal Cognitive Assessment Indonesia Version (MoCAINA) assessing memory, attention, language, visuospatial, verbal fluency, and executive functions were administered before random assignment and at 4, 8 and 12 weeks. A cognitive composite score (primary outcome) and individual cognitive domains were evaluated. Furthermore, side effects and adverse events were also recorded. RESULT(S): Of this mostly middleage (30-60 years old), female, meningioma as primary brain tumor with frontal and temporal lobe are the most frequent locations. After 12 weeks of treatment, the composite scores did differ significantly between groups (MMSE P=0.027, MoCA-INA P=0.024). Furthermore, the significant differences favouring donepezil were observed for orientation and recall domains using MMSE with p value 0.017 and 0.006 respectively. Visuospatial (P=0.034) and delayed recall domains (P=0.004) were significant through MoCA-INA evaluation. In addition, Mean MMSE score for pre-donepezil administration was 14.60 +/- 4.47 and after 3 months was 20.40 +/- 4.24 (P=0.000). Mean MoCA-INA score for pre-donepezil administration was 9.30 +/- 3.65 and after 3 months was 15.30 +/- 4.24 (P=0.000). However, there was no differences in the placebo group (MMSE P= 0.066, MoCA-INA P=0.313). CONCLUSION(S): Three months treatment with donepezil significantly improve the cognitive functions among post-operative brain tumor patients with no reported side effect. Moreover, further research is needed for longer duration of follow-up and possibility of increased doses. (Embase Ovid 21/09/2022) 2193","RAYYAN-INCLUSION: {""Anwesha""=>""Excluded"", ""Marvin""=>""Excluded"", ""Vishnupriya""=>""Excluded"", ""Ryan""=>""Excluded""} | RAYYAN-EXCLUSION-REASONS: Population (not people with dementia or mild cognitive impairment or their carers)",https://dx.doi.org/10.1093/neuonc/noz126.115,adult;aged;anamnesis;*attention;*brain tumor;cerebrovascular accident;clinical article;cognitive defect;conference abstract;controlled study;double blind procedure;drug therapy;executive function;female;follow up;Ginkgo biloba;human;Indonesia;language;memory;meningioma;Mini Mental State Examination;Montreal cognitive assessment;nonhuman;outcome assessment;pilot study;randomized controlled trial;side effect;surgery;temporal lobe;therapy effect;*donepezil;donepezil plus memantine;methylphenidate;modafinil;placebo;Brain;Brain Neoplasms,,
rayyan-883472474,Managing Cancer and Living Meaningfully (CALM) Intervention on Chemotherapy-Related Cognitive Impairment in Breast Cancer Survivors,2020,1,,Integrative Cancer Therapies,1552-695X,19,,1534735420938450,"Ding, K. and Zhang, X. and Zhao, J. and Zuo, H. and Bi, Z. and Cheng, H.",https://ovidsp.ovid.com/ovidweb.cgi?T=JS&CSC=Y&NEWS=N&PAGE=fulltext&D=med18&AN=32683997http://pmt-eu.hosted.exlibrisgroup.com/openurl/44LSE/44LSE_services_page?sid=OVID:medline&id=pmid:32683997&id=doi:10.1177%2F1534735420938450&issn=1534-7354&isbn=&volume=19&issue=&spage=1534735420938450&pages=1534735420938450&date=2020&title=Integrative+Cancer+Therapies&atitle=Managing+Cancer+and+Living+Meaningfully+%28CALM%29+Intervention+on+Chemotherapy-Related+Cognitive+Impairment+in+Breast+Cancer+Survivors.&aulast=Ding,,,,"Objective: To evaluate the effectiveness and feasibility of Managing Cancer and Living Meaningfully (CALM), which is used to reduce chemotherapy-related cognitive impairment (CRCI), relieve psychological distress, and improve quality of life (QOL) in Chinese breast cancer survivors (BCs). Methods: Seventy-four BCs were enrolled in this study. All patients were randomly assigned to either the CALM group or the care as usual (CAU) group. All patients were evaluated by the Functional Assessment of Cancer Therapy-Cognitive Function (FACT-Cog), Distress Thermometer (DT), and the Functional Assessment of Cancer Therapy-Breast (FACT-B) before and after CALM or CAU application to BCs with CRCI. We compared the differences in all these scores between the CALM group and the control group and analyzed the correlation between cognitive function and QOL. Results: Compared with the CAU group, the performance of the CALM group on the FACT-Cog, DT, and FACT-B showed significant differences before and after CALM (t = -18.909, -5.180, -32.421, P = .000, .000, .000, respectively). Finally, there was a positive correlation between cognitive function and QOL in breast cancer patients before (r = 0.579, P = .000) and after (r = 0.797, P = .000) treatment. Conclusions: The present results indicated that CALM has salutary effects on the improvement of cognitive impairment and QOL and relieves psychological distress in breast cancer patients, which may be due to a positive correlation between psychological distress and cognitive function or QOL. (Medline Ovid 21/09/2022) 723","RAYYAN-INCLUSION: {""Anwesha""=>""Excluded"", ""Marvin""=>""Excluded"", ""Vishnupriya""=>""Excluded"", ""Ryan""=>""Excluded""} | RAYYAN-EXCLUSION-REASONS: Population (not people with dementia or mild cognitive impairment or their carers)",https://dx.doi.org/10.1177/1534735420938450,Breast Neoplasms/dt [Drug Therapy];*Breast Neoplasms;*Cancer Survivors;*Chemotherapy-Related Cognitive Impairment;Female;Humans;Quality of Life;Survivors;Breast Neoplasms,,
rayyan-883472475,Effects of Music Therapy on the Care Burden of In-Home Caregivers and Physiological Parameters of Their In-Home Dementia Patients: A Randomized Controlled Trial,2019,,,Complementary Medical Research,2504-2106,26,1,22-30,"Gok Ugur, H. and Orak, O. S. and Yaman Aktas, Y. and Enginyurt, O. and Saglambilen, O.",https://ovidsp.ovid.com/ovidweb.cgi?T=JS&CSC=Y&NEWS=N&PAGE=fulltext&D=med16&AN=30497077http://pmt-eu.hosted.exlibrisgroup.com/openurl/44LSE/44LSE_services_page?sid=OVID:medline&id=pmid:30497077&id=doi:10.1159%2F000490348&issn=2504-2092&isbn=&volume=26&issue=1&spage=22&pages=22-30&date=2019&title=Complementary+Medical+Research&atitle=%5BEffects+of+Music+Therapy+on+the+Care+Burden+of+In-Home+Caregivers+and+Physiological+Parameters+of+Their+In-Home+Dementia+Patients%3A+A+Randomized+Controlled+Trial%5D.&aulast=Gok+Ugur,,,,"OBJECTIVES: This study was conducted to explore the effects of classical Turkish music therapy on both the caregiver burden and physiological parameters of patients with dementia. METHODS: The study was a randomized controlled trial. It was conducted with dementia patients (n = 75) and their caregivers who were registered at in-home care services of the General Secretariat of the Association of Public Hospitals in Ordu. The study sample consisted of 30 control and 30 music group patients and their caregivers who satisfied the inclusion criteria for the study conducted between April 2015 and April 2016. The primary outcome of the study was to measure the care burden of in-home caregivers, and the secondary outcome was to measure physiological parameters, including systolic and diastolic blood pressure, heart rate, and respiration rate in patients with dementia. RESULTS: The mean scores of the post-test caregiver burden in the music group were found to be significantly lower than those of the control group (t = -4.478, p = 0.001). The differences in the post-test systolic and diastolic blood pressures between the patient groups were found to be statistically significant (t = -4.603, p = 0.001; t = -2.656, p = 0.010). CONCLUSIONS: Classical Turkish music intervention in in-home dementia patients decreased the care burden of caregivers and the patients' blood pressures were brought under control. In parallel with these results, it is recommended that more studies to reveal the effects of classical Turkish music on care burden should be conducted. Copyright © 2018 S. Karger AG, Basel. (Medline Ovid 21/09/2022) 459","RAYYAN-INCLUSION: {""Anwesha""=>""Included"", ""Marvin""=>""Included"", ""Vishnupriya""=>""Included"", ""Ryan""=>""Included""}",https://dx.doi.org/10.1159/000490348,"Adult;Aged;Aged, 80 and over;Blood Pressure;Caregivers/px [Psychology];*Caregivers/sn [Statistics & Numerical Data];*Dementia/th [Therapy];Female;Heart Rate;Humans;Male;Middle Aged;*Music Therapy/sn [Statistics & Numerical Data];Quality of Life;Respiratory Rate;Treatment Outcome;Turkey;Dementia;Music Therapy",,
rayyan-883472476,"A PILOT CLUSTER RCT TO TEST THE PRELIMINARY EFFICACY OF AN ALZHEIMER'S FAMILY CAREGIVER INTERVENTION IN HANOI, VIETNAM",2019,,,Alzheimer's and Dementia,1552-5260 1552-5279,15,7,P924,"Hinton, L. and Nguyen, H. and Pham, T. and Trong, H. N. and Harvey, D. J. and Thanh, B. N. and Thi Thanh, B. N. and Ngoc, A. N. and Hong, C. N. and Thi Hoai, T. N. and Le, T. N. and Nguyen, T. Phuong A. and Nguyen, T. Bich N. and Tiet, Q. and Nguyen, T. A. and Quy, P. N.",http://ovidsp.ovid.com/ovidweb.cgi?T=JS&PAGE=reference&D=emed20&NEWS=N&AN=2003374783,English,,,"Background: Vietnam and other low and lower middle income countries are experiencing a dramatic growth in the number of persons with dementia yet very little is known about interventions and programs to support family caregivers in these countries. Method(s): Clusters, defined as geographic areas served by commune health stations, were randomly assigned to either the intervention (REACH VN) or an enhanced control condition. To be eligible, caregivers needed to be family members identified as providing the most day-to-day care, age >= 18, have a score of >= 6 on the 4-item version of the Zarit Burden Inventory (ZBI), and be caring for an older adult previously diagnosed with dementia. Caregivers in clusters randomized to the intervention arm received 4-6 in-home or phone sessions over 2-3 months based on the manualized REACH VN protocol. Caregivers in the enhanced control condition received a single educational session. Primary outcomes included the 4-item ZBI and the 4-item Patient Health Questionnaire (PHQ-4) which were assessed at enrollment and three months later by research assistants masked to allocation. Result(s): Of the 10 communes randomized, one was dropped because of low caregiver enrollment. Based on analysis of the 51 caregivers who completed the study, there were no differences in ZBI (p=0.9) or PHQ-4 (p=0.9) between the REACH VN and enhanced control groups at baseline. Using analysis of covariance to evaluate the intervention effect, with the month three assessment as the outcome and the baseline assessment as a covariate, we found that the REACH VN intervention group had an average ZBI score 1.2 SD lower (p=0.02) and a PHQ-4 score 0.7 SD (p=0.03) lower than the enhanced control group. Conclusion(s): In the first test of a family caregiver intervention in Vietnam, a relatively brief culturally adapted family caregiver intervention (REACH-VN) was found to have good preliminary efficacy compared with an enhanced control condition.Copyright © 2019 (Embase Ovid 21/09/2022) 2297","RAYYAN-INCLUSION: {""Andra""=>""Excluded"", ""Huseyin""=>""Excluded"", ""Anwesha""=>""Maybe"", ""Marvin""=>""Maybe"", ""Vishnupriya""=>""Maybe"", ""Ryan""=>""Maybe""} | RAYYAN-EXCLUSION-REASONS: Publication type (conference abstract) | USER-NOTES: {""Anwesha""=>[""Seems like abstract, not full journal article""], ""Marvin""=>[""Request full text""]}",https://dx.doi.org/10.1016/j.jalz.2019.06.4705,aged;*Alzheimer disease;analysis of covariance;care behavior;*caregiver;clinical assessment;*comparative effectiveness;controlled study;day care;female;human;male;outcome assessment;patient health questionnaire;randomized controlled trial;*Viet Nam;*early growth response factor 3;endogenous compound;conference abstract;Vietnam,,
rayyan-883472477,Managing behavioral and psychological symptoms in Chinese elderly with dementia via group-based music intervention: A cluster randomized controlled trial,2019,10,,Dementia,1741-2684,18,7,2785-2798,"Ho, R. T. and Fong, T. C. and Sing, C. Y. and Lee, P. H. and Leung, A. B. and Chung, K. S. and Kwok, J. K.",https://ovidsp.ovid.com/ovidweb.cgi?T=JS&CSC=Y&NEWS=N&PAGE=fulltext&D=med16&AN=29468887http://pmt-eu.hosted.exlibrisgroup.com/openurl/44LSE/44LSE_services_page?sid=OVID:medline&id=pmid:29468887&id=doi:10.1177%2F1471301218760023&issn=1471-3012&isbn=&volume=18&issue=7-8&spage=2785&pages=2785-2798&date=2019&title=Dementia&atitle=Managing+behavioral+and+psychological+symptoms+in+Chinese+elderly+with+dementia+via+group-based+music+intervention%3A+A+cluster+randomized+controlled+trial.&aulast=Ho,,,,(Medline Ovid 21/09/2022) 722,"RAYYAN-INCLUSION: {""Anwesha""=>""Included"", ""Marvin""=>""Included"", ""Vishnupriya""=>""Included"", ""Ryan""=>""Included""}",https://dx.doi.org/10.1177/1471301218760023,"Aged, 80 and over;Brief Psychiatric Rating Scale;*Dementia/th [Therapy];Female;Hong Kong;Humans;Male;*Mood Disorders/px [Psychology];*Music Therapy;*Psychomotor Agitation/px [Psychology];Residential Facilities;Time Factors;Dementia",,
rayyan-883472478,Comparative efficacy and safety of cognitive enhancers for treating vascular cognitive impairment: systematic review and Bayesian network meta-analysis,2019,5,,Neural Regeneration Research,1673-5374,14,5,805-816,"Jin, B. R. and Liu, H. Y.",https://ovidsp.ovid.com/ovidweb.cgi?T=JS&CSC=Y&NEWS=N&PAGE=fulltext&D=pmnm&AN=30688266http://pmt-eu.hosted.exlibrisgroup.com/openurl/44LSE/44LSE_services_page?sid=OVID:medline&id=pmid:30688266&id=doi:10.4103%2F1673-5374.249228&issn=1673-5374&isbn=&volume=14&issue=5&spage=805&pages=805-816&date=2019&title=Neural+Regeneration+Research&atitle=Comparative+efficacy+and+safety+of+cognitive+enhancers+for+treating+vascular+cognitive+impairment%3A+systematic+review+and+Bayesian+network+meta-analysis.&aulast=Jin,,,,"OBJECTIVE: To assess and compare the clinical efficacy and safety of cognitive enhancers (donepezil, galantamine, rivastigmine, and memantine) on cognition, behavior, function, and global status in patients with vascular cognitive impairment. DATA SOURCES: The initial literature search was performed with PubMed, EMBASE, the Cochrane Methodology Register, the Cochrane Central Register of Controlled Trials, and Cumulative Index to Nursing & Allied Health (CINAHL) from inception to January 2018 for studies regarding donepezil, galantamine, rivastigmine, and memantine for treatment of vascular cognitive impairment. DATA SELECTION: Randomized controlled trials on donepezil, galantamine, rivastigmine, and memantine as monotherapy in the treatment of vascular cognitive impairment were included. A Bayesian network meta-analysis was conducted. OUTCOME MEASURES: Efficacy was assessed by changes in scores of the Alzheimer's Disease Assessment Scale, cognitive subscale, Mini-Mental State Examination, Neuropsychiatric Inventory scores and Clinician's Interview-Based Impression of Change Scale Plus Caregiver's Input, Activities of Daily Living, the Clinical Dementia Rating scale. Safety was evaluated by mortality, total adverse events (TAEs), serious adverse events (SAEs), nausea, vomiting. diarrhea, or cerebrovascular accidents (CVAs). RESULTS: After screening 1717 citations, 12 randomized controlled trials were included. Donepezil and rivastigmine (mean difference (e) = -0.77, 95% confidence interval (CI): 0.25-1.32; MD = 1.05, 95% CI: 0.18-1.79) were significantly more effective than placebo in reducing Mini-Mental State Examination scores. Donepezil, galantamine, and memantine (MD = -1.30, 95% CI: -2.27 to -0.42; MD = -1.67, 95% CI: -3.36 to -0.06; MD = -2.27, 95% CI: -3.91 to -0.53) showed superior benefits on the Alzheimer's Disease Assessment Scale-cognitive scores compared with placebo. Memantine (MD = 2.71, 95% CI: 1.05-7.29) improved global status (Clinician's Interview-Based Impression of Change Scale Plus Caregiver's Input) more than the placebo. Safety results revealed that donepezil 10 mg (odds ratio (OR) = 3.04, 95% CI: 1.86-5.41) contributed to higer risk of adverse events than placebo. Galantamine (OR = 5.64, 95% CI: 1.31-26.71) increased the risk of nausea. Rivastigmine (OR = 16.80, 95% CI: 1.78-319.26) increased the risk of vomiting. No agents displayed a significant risk of serious adverse events, mortality, cerebrovascular accidents, or diarrhea. CONCLUSION: We found significant efficacy of donepezil, galantamine, and memantine on cognition. Memantine can provide significant efficacy in global status. They are all safe and well tolerated. (Medline Ovid 21/09/2022) 229","RAYYAN-INCLUSION: {""Anwesha""=>""Excluded"", ""Marvin""=>""Excluded"", ""Vishnupriya""=>""Excluded"", ""Ryan""=>""Excluded""} | RAYYAN-EXCLUSION-REASONS: Publication type (systematic review and meta-analysis)",https://dx.doi.org/10.4103/1673-5374.249228,Nootropic Agents;Cognition,,
rayyan-883472479,The effects of digital cognitive behavioral therapy for insomnia on cognitive function: a randomized controlled trial,2020,,,Sleep,1550-9109,43,9,14,"Kyle, S. D. and Hurry, M. E. D. and Emsley, R. and Marsden, A. and Omlin, X. and Juss, A. and Spiegelhalder, K. and Bisdounis, L. and Luik, A. I. and Espie, C. A. and Sexton, C. E.",https://ovidsp.ovid.com/ovidweb.cgi?T=JS&CSC=Y&NEWS=N&PAGE=fulltext&D=med17&AN=32128593http://pmt-eu.hosted.exlibrisgroup.com/openurl/44LSE/44LSE_services_page?sid=OVID:medline&id=pmid:32128593&id=doi:10.1093%2Fsleep%2Fzsaa034&issn=0161-8105&isbn=&volume=43&issue=9&spage=&pages=&date=2020&title=Sleep&atitle=The+effects+of+digital+cognitive+behavioral+therapy+for+insomnia+on+cognitive+function%3A+a+randomized+controlled+trial.&aulast=Kyle,,,,"STUDY OBJECTIVES: We sought to examine the impact of digital cognitive behavioral therapy (dCBT) for insomnia on both self-reported cognitive impairment and objective cognitive performance. METHODS: The Defining the Impact of Sleep improvement on Cognitive Outcomes (DISCO) trial was an online, two-arm, single-blind, randomized clinical trial of dCBT versus wait-list control. Participants were aged 25 years and older, met DSM-5 diagnostic criteria for insomnia disorder, and reported difficulties with concentration or memory. Assessments were carried out online at baseline, and 10 and 24 weeks post-randomization. The primary outcome measure was self-reported cognitive impairment, assessed with the British Columbia Cognitive Complaints Inventory (BC-CCI). Secondary outcomes included tests of cognitive performance, insomnia symptoms, cognitive failures, fatigue, sleepiness, depression, and anxiety. RESULTS: Four hundred and ten participants with insomnia were recruited and assigned to dCBT (N = 205) or wait-list control (N = 205). At 10 weeks post-randomization the estimated adjusted mean difference for the BC-CCI was -3.03 (95% CI: -3.60, -2.47; p < 0.0001, d = -0.86), indicating that participants in the dCBT group reported less cognitive impairment than the control group. These effects were maintained at 24 weeks (d = -0.96) and were mediated, in part, via reductions in insomnia severity and increased sleep efficiency. Treatment effects in favor of dCBT, at both 10 and 24 weeks, were found for insomnia severity, sleep efficiency, cognitive failures, fatigue, sleepiness, depression, and anxiety. We found no between-group differences in objective tests of cognitive performance. CONCLUSIONS: Our study shows that dCBT robustly decreases self-reported cognitive impairment at post-treatment and these effects are maintained at 6 months. Copyright © Sleep Research Society 2020. Published by Oxford University Press on behalf of the Sleep Research Society. All rights reserved. For permissions, please e-mail journals.permissions@oup.com. (Medline Ovid 21/09/2022) 440","RAYYAN-INCLUSION: {""Anwesha""=>""Excluded"", ""Marvin""=>""Excluded"", ""Vishnupriya""=>""Excluded"", ""Ryan""=>""Excluded""} | RAYYAN-EXCLUSION-REASONS: Setting (not low- and middle-income country)",https://dx.doi.org/10.1093/sleep/zsaa034,Adult;Cognition;*Cognitive Behavioral Therapy;Humans;Single-Blind Method;Sleep Initiation and Maintenance Disorders/th [Therapy];*Sleep Initiation and Maintenance Disorders;Treatment Outcome;Behavior Therapy;Cognitive Therapy;Sleep Initiation and Maintenance Disorders,,
rayyan-883472480,The Comparative Efficacy of Multiple Interventions for Mild Cognitive Impairment in Alzheimer's Disease: A Bayesian Network Meta-Analysis,2020,,,Frontiers in aging neuroscience,1663-4365,12,,121,"Lai, X. and Wen, H. and Li, Y. and Lu, L. and Tang, C.",https://ovidsp.ovid.com/ovidweb.cgi?T=JS&CSC=Y&NEWS=N&PAGE=fulltext&D=pmnm5&AN=32581760http://pmt-eu.hosted.exlibrisgroup.com/openurl/44LSE/44LSE_services_page?sid=OVID:medline&id=pmid:32581760&id=doi:10.3389%2Ffnagi.2020.00121&issn=1663-4365&isbn=&volume=12&issue=&spage=121&pages=121&date=2020&title=Frontiers+in+aging+neuroscience&atitle=The+Comparative+Efficacy+of+Multiple+Interventions+for+Mild+Cognitive+Impairment+in+Alzheimer%27s+Disease%3A+A+Bayesian+Network+Meta-Analysis.&aulast=Lai,,,,"Background: Mild cognitive impairment (MCI) is the early phase of Alzheimer's disease (AD). The aim of early intervention for MCI is to decrease the rate of conversion from MCI to AD. However, the efficacy of multiple interventions in MCI, and the optimal methods of delivery, remain controversial. We aimed to compare and rank the treatment methods for MCI in AD, in order to find an optimal intervention for MCI and a way to prevent or delay the occurrence of AD. Methods: Pair-wise and network meta-analysis were conducted to integrate the treatment effectiveness through direct and indirect evidence. Four English databases and three Chinese databases were searched for international registers of eligible published, single or double blind, randomized controlled trials up to September 31st 2019. We included nine comparative interventions: pharmacological therapies which incorporated cholinesterase inhibitors (ChEI), ginkgo, nimodipine, and Chinese medicine; non-pharmacological therapies comprising of acupuncture, music therapy, exercise therapy, and nutrition therapy; and a placebo group. The primary outcome was the Mini-Mental State Examination (MMSE) score. The secondary outcome was the AD Assessment Scale-cognitive subscale (ADAS-cog). Results: Twenty-eight trials were eligible, including 6,863 participants. In the direct meta-analysis, as for the Mini-Mental State Examination scale, the ChEIs (MD: -0.38; 95% CI: -0.74, -0.01), Chinese medicine (MD: -0.31; 95% CI: -0.75, 0.13), exercise therapy (MD: -0.50; 95% CI: -0.65, -0.35), music therapy (MD: -1.71; 95% CI: -4.49, 1.07), were statistically more efficient than placebo. For AD Assessment Scalecognitive subscale outcome, ChEIs (MD: 1.20; 95% CI: 0.73, 1.68), Acupuncture (MD: 1.36; 95% CI: 1.28, 1.44), Chinese medicine (MD: 0.61; 95% CI: 0.49, 0.73) and exercise (MD: 0.61; 95% CI: 0.49, 0.73) were better than placebo. In the network meta-analysis, the MMSE outcome ranked music therapy (59%) as the best and Acupuncture (26%) as second. Nutrition and Ginkgo treatment had the lowest rank among all interventions. For ADAS-cog outcome, acupuncture (52) ranked the best. Conclusion: Among the nine treatments studied, music therapy appears to be the best treatment for MCI, followed by acupuncture. Our study provides new insights into potential clinical treatments for MCI due to AD, and may aid the development of guidelines for MCI in AD. Copyright © 2020 Lai, Wen, Li, Lu and Tang. (Medline Ovid 21/09/2022) 230","RAYYAN-INCLUSION: {""Anwesha""=>""Excluded"", ""Marvin""=>""Excluded"", ""Vishnupriya""=>""Excluded"", ""Ryan""=>""Excluded""} | RAYYAN-EXCLUSION-REASONS: Publication type (systematic review and meta-analysis)",https://dx.doi.org/10.3389/fnagi.2020.00121,Alzheimer Disease;Cognition,,
rayyan-883472481,Potential effect of herbal antidepressants on cognitive deficit: Pharmacological activity and possible molecular mechanism,2020,7,15,Journal of Ethnopharmacology,1872-7573,257,,112830,"Li, J. M. and Zhao, Y. and Sun, Y. and Kong, L. D.",https://ovidsp.ovid.com/ovidweb.cgi?T=JS&CSC=Y&NEWS=N&PAGE=fulltext&D=med17&AN=32259666http://pmt-eu.hosted.exlibrisgroup.com/openurl/44LSE/44LSE_services_page?sid=OVID:medline&id=pmid:32259666&id=doi:10.1016%2Fj.jep.2020.112830&issn=0378-8741&isbn=&volume=257&issue=&spage=112830&pages=112830&date=2020&title=Journal+of+Ethnopharmacology&atitle=Potential+effect+of+herbal+antidepressants+on+cognitive+deficit%3A+Pharmacological+activity+and+possible+molecular+mechanism.&aulast=Li,,,,"ETHNOPHARMACOLOGICAL RELEVANCE: Cognitive symptom is a ""core"" symptom of major depressive disorder (MDD) patients with clear deficit in memory, social and occupational function, and may persist during the remitting phase. Therefore, the remission of cognitive symptom has been considered as one of the main objectives in the treatment of MDD. Herbal antidepressants have been used to treat MDD, and there has been great advances in the understanding of the ability of these herbs to improve cognitive deficit linked to brain injury and various diseases including depression, Alzheimer disease, diabetes and age-related disorders. This systematic review summarizes the evidence from preclinical studies and clinical trials of herbal antidepressants with positive effects on cognitive deficit. The potential mechanisms by which herbal antidepressants prevent cognitive deficit are also reviewed. This review will facilitate further research and applications. MATERIALS AND METHODS: We conducted an open-ended, English restricted search of MEDLINE (PubMed), Web of Science and Scopus for all available articles published or online before 31 December 2019, using terms pertaining to medical herb/phytomedicine/phytochemical/Chinese medicine and depression/major depressive disorder/antidepressant and/or cognitive impairment/cognitive deficit/cognitive dysfunction. RESULTS: 7 prescriptions, more than 30 individual herbs and 50 phytochemicals from China, Japan, Korea and India with positive effects on the depressive state and cognitive deficit are reviewed herein. The evidence from preclinical studies and clinical trials proves that these herbal antidepressants exhibit positive effects on one or more aspects of cognitive defect including spatial, episodic, aversive, and short- and long-term memory. The action mode of the improvement of cognitive deficit by these herbal antidepressants is mediated mainly through two pathways. One pathway is to promote hippocampal neurogenesis through activating brain derived neurotrophic factor-tropomyosin-related kinase B signaling. The other pathway is to prevent neuronal apoptosis through the inhibition of neuro-inflammation and neuro-oxidation. CONCLUSION: These herbal antidepressants, having potential therapy for cognitive deficit, may prevent pathological processes of neurodegenerative diseases. Furthermore, these herbal medicines should provide a treasure trove, which will accelerate the development of new antidepressants that can effectively improve cognitive symptom in MDD. Studies on their molecular mechanisms may provide more potential targets and therapeutic approaches for new drug discovery. Copyright © 2020 Elsevier B.V. All rights reserved. (Medline Ovid 21/09/2022) 865","RAYYAN-INCLUSION: {""Anwesha""=>""Excluded"", ""Marvin""=>""Excluded"", ""Vishnupriya""=>""Excluded"", ""Ryan""=>""Excluded""} | RAYYAN-EXCLUSION-REASONS: Publication type (systematic review and meta-analysis)",https://dx.doi.org/10.1016/j.jep.2020.112830,"Antidepressive Agents;China;*Cognition Disorders/dt [Drug Therapy];*Depressive Disorder, Major/dt [Drug Therapy];Hippocampus/de [Drug Effects];Humans;India;Japan;*Plant Extracts/tu [Therapeutic Use];Plants, Medicinal;Republic of Korea;0 (Antidepressive Agents);0 (Plant Extracts);Herbal Medicine;Cognition",,
rayyan-883472482,Effect of electronic moxibustion on memory function in patients with amnestic mild cognitive impairment,2020,4,12,Zhongguo Zhenjiu,0255-2930,40,4,352-356,"Liu, Q. Q. and Chen, S. J. and Shen, G. M. and Jia, X. Y. and Qiao, X. D. and Wu, G. L.",https://ovidsp.ovid.com/ovidweb.cgi?T=JS&CSC=Y&NEWS=N&PAGE=fulltext&D=med17&AN=32275360http://pmt-eu.hosted.exlibrisgroup.com/openurl/44LSE/44LSE_services_page?sid=OVID:medline&id=pmid:32275360&id=doi:10.13703%2Fj.0255-2930.20190608-k0002&issn=0255-2930&isbn=&volume=40&issue=4&spage=352&pages=352-6&date=2020&title=Zhongguo+Zhenjiu&atitle=%5BEffect+of+electronic+moxibustion+on+memory+function+in+patients+with+amnestic+mild+cognitive+impairment%5D.&aulast=Liu,,,,"OBJECTIVE: To observe the effect of electronic moxibustion on memory function in the patients with amnestic mild cognitive impairment (aMCI). METHODS: A total of 59 aMCI patients were randomized into an electronic moxibustion group (30 cases) and a placebo moxibustion group (29 cases). In the electronic moxibustion group, the electronic moxibustion was applied to Baihui (GV 20), Dazhui (GV 14), Mingmen (GV 4) and Taixi (KI 3), 45 in temperature, 20 min each time. The treatment was given once a day, 5 times a week. The treatment for 4 weeks was as one course and 2 courses were required totally. In the placebo moxibustion group, the moxa-free patch was used, 38 in temperature. The acupoint selection and the treatment frequency were same as the electronic moxibustion group. Before and after treatment, Rivermead behavior memory test (RBMT) was adopted to evaluate the global memory function of the patients in the two groups and the N-back task test was adopted to evaluate working memory function separately. Additionally, the mini-mental state examination (MMSE) and its immediate memory, Montreal cognitive assessment (MoCA) and its delay recall were adopted to evaluate the global cognitive function and memory function. RESULTS: In the electronic moxibustion group, after treatment, RBMT score, N-back accuracy rates, MMSE and MoCA scores and the scores of immediate memory and delay recall were improved significantly as compared with those before treatment (P<0.01). In the placebo moxibustion group, the accuracy rates of 1-back and 2-back task and the scores of immediate memory and delay recall were improved obviously as compared with those before treatment (P<0.05, P<0.01). After treatment, the improvements of RBMT score, the accuracy rates of N-back task and MMSE and MoCA scores in the electronic moxibustion group were higher than those in the placebo moxibustion group (P<0.05). CONCLUSION: Electronic moxibustion improves memory function in the patients with amnestic mild cognitive impairment. (Medline Ovid 21/09/2022) 370","RAYYAN-INCLUSION: {""Anwesha""=>""Included"", ""Marvin""=>""Included"", ""Vishnupriya""=>""Included"", ""Ryan""=>""Included""}",https://dx.doi.org/10.13703/j.0255-2930.20190608-k0002,Acupuncture Points;*Amnesia/th [Therapy];*Cognitive Dysfunction/th [Therapy];Humans;*Memory;Mental Status and Dementia Tests;*Moxibustion/mt [Methods];Memory,,
rayyan-883472483,Effect of erythropoietin on cognitive function in Parkinson's disease,2019,,,Movement Disorders Clinical Practice,2330-1619,6,,S62,"Liu, S. and Pedroso, I. and Padron, A. and Fern and ez, E. C. and Amaro, D. and Jahanshahi, M. and Bringas, M. L.",http://ovidsp.ovid.com/ovidweb.cgi?T=JS&PAGE=reference&D=emed20&NEWS=N&AN=627649201,English,,,"Objective: The aim of our study was to assess the effect of erythro-poietin EPO on cognitive function in Parkinson's disease (PD). Background(s): Cognitive impairment, particularly executive dysfunction is a feature of PD from the early stages (Dirnberger & Jahanshahi, 2013). While the motor symptoms of PD are well controlled initially by dopaminergic medication (Lees et al, 2009) and later with deep brain stimulation (Deuschl et al, 2006), currently no treatment for cognitive deficits in PD are available. EPO has been studied for its potential neuro-protective properties in neurologic disorders. In a review of 180 studies (Sargin et al. 2010) the beneficial action of EPO, including on cognition, has been demonstrated. Here we are testing the effect of NeuroEPO, a new formulation of EPO with low content of sialic acid. Method(s): This study is a phase I-II trial developed in collaboration between three institutions: International Center for Neurological Restoration, Center for Molecular Immunology, Cuba, and Clinical Hospital of Chengdu Brain Sciences, China. 15 PD patients (8 females, H&Y stages I-II, mean age 56.4 (SD 7.8) duration 5.4 (SD 3.2) years) received a weekly 1mL dose of intranasal neuroEPO for 5 weeks. Patients were assessed on tests of cognitive function before and 6 months after treatment. The assessment included measures of global cognitive functioning (Mini Mental State Examination, Dementia Rating Scale), episodic verbal memory (Rey Auditory Verbal Learning test) visuospatial ability and non-verbal memory (Rey Complex Figure, copy and delayed recall/reproduction), executive function (Delis-Kaplan verbal fluency, trail-making and Stroop, Frontal Assessment Battery). Mood (Hospital Anxiety & Depression Scale) was also assessed. Result(s): After Bonferroni correction for multiple comparisons, compared to baseline performance, at 6 months follow-up the patients showed significant improvement on the Dementia Rating Scale total score, the Rey Auditory Verbal Learning recognition test, recall of the Rey Complex Figure, he Frontal Assessment Battery, the category switching verbal fluency and the speed of the control colour naming task on the Stroop. Conclusion(s): These results are suggestive of improvement of aspects of cognitive function particularly verbal recognition memory, non-verbal memory and executive function following treatment of PD with erythropoietin. These results require further confirmation in a double-blind randomized placebo controlled study. (Embase Ovid 21/09/2022) 2362","RAYYAN-INCLUSION: {""Anwesha""=>""Excluded"", ""Marvin""=>""Excluded"", ""Vishnupriya""=>""Excluded"", ""Ryan""=>""Excluded""} | RAYYAN-EXCLUSION-REASONS: Population (not people with dementia or mild cognitive impairment or their carers) | USER-NOTES: {""Anwesha""=>[""Seems like an abstract, not a full article""]}",https://dx.doi.org/10.1002/mdc3.12744,adult;anxiety;brain depth stimulation;China;clinical article;clinical assessment;cognitive defect;controlled study;Cuba;double blind procedure;drug formulation;*executive function;female;follow up;human;immunology;low drug dose;male;middle aged;Mini Mental State Examination;molecular recognition;mood;motor dysfunction;*Parkinson disease;phase 1 clinical trial;*protein function;randomized controlled trial;rating scale;reproduction;Rey auditory verbal learning test;velocity;verbal memory;word recognition;endogenous compound;*erythropoietin;placebo;sialic acid;conference abstract;Parkinson Disease;Erythropoietin;Cognition,,
rayyan-883472484,The impact of antiretroviral therapy on neurocognitive outcomes among people living with hiv in low- and middle-income countries (lmics): A systematic review,2020,8,,AIDS and Behavior,1090-7165 1573-3254,,,No Pagination Specified,"Michael, Henry Ukachukwu and Naidoo, Sasha and Mensah, Kofi Boamah and Ramlall, Suvira and Oosthuizen, Frasia",https://ovidsp.ovid.com/ovidweb.cgi?T=JS&CSC=Y&NEWS=N&PAGE=fulltext&D=psyc17&AN=2020-64426-001 http://pmt-eu.hosted.exlibrisgroup.com/openurl/44LSE/44LSE_services_page?sid=OVID:psycdb&id=pmid:&id=doi:10.1007%2Fs10461-020-03008-8&issn=1090-7165&isbn=&volume=25&issue=2&spage=No&pages=No+Pagination+Specified&date=2020&title=AIDS+and+Behavior&atitle=The+impact+of+antiretroviral+therapy+on+neurocognitive+outcomes+among+people+living+with+hiv+in+low-+and+middle-income+countries+%28lmics%29%3A+A+systematic+review.&aulast=Michael,,,,"AbstractLow and middle-income countries (LMICs) are the epicenter of the HIV epidemic. The scale-up of antiretroviral therapy (ART) has reduced mortality, but HIV-associated neurocognitive impairment (HANI) remains prevalent, which impacts functional performance, medication adherence, and quality of life. We aimed to evaluate the effect of ART on neurocognitive outcomes among people living with HIV/AIDS in LMICs and to identify determinants of these outcomes. We searched electronic databases and reference lists for studies published between 1996 and 2019. Two reviewers screened the primary studies for inclusion and performed the critical appraisal. Results were synthesized using the 'Synthesis without meta-analysis' approach through simple vote counting. We identified 31 studies conducted across four regions (Africa, Asia, South America, and Eastern Europe). Nine studies were cross-sectional, 15 were prospective, and seven were randomized controlled trials. The majority of the articles showed improved neurocognitive performance with ART use but found no association with treatment duration, regimen, central penetrating effectiveness, and conventional biomarkers. Despite the lack of appropriate norms and not accounting for practice effect in most studies, the evidence suggests ART is useful in the treatment of HIV-associated neurocognitive impairment (HANI) but limited in addressing legacy effects, and peripheral, and central viral reservoirs. Improved early ART treatment programs, viral reservoir eradication strategies, and identification of novel biomarkers will be critical in efforts to minimize HIV-associated neurocognitive impairment. PROSPERO registration: CRD42020152908. (PsycInfo Database Record (c) 2021 APA, all rights reserved) (PsycINFO Ovid 21/09/2022) 3178","RAYYAN-INCLUSION: {""Anwesha""=>""Excluded"", ""Marvin""=>""Excluded"", ""Vishnupriya""=>""Excluded"", ""Ryan""=>""Excluded""} | RAYYAN-EXCLUSION-REASONS: Publication type (systematic review and meta-analysis)",https://dx.doi.org/10.1007/s10461-020-03008-8,"HIV/AIDS, Neurocognitive disorders, Low- and middle-income settings, Antiretroviral therapy, Neuropsychology;Psychological & Physical Disorders [3200]",,
rayyan-883472485,"Evaluation of donepezil and rivastigmine administration on the cognitive deficits induced by electroconvulsive therapy: A randomized, double-blind clinical trial",2019,,,Family Medicine and Primary Care Review,1734-3402,21,3,243-248,"Nazarinasab, M. and Behrouzian, F. and Hajatzadeh, M.","https://www.termedia.pl/Journal/-95/pdf-37865-10?filename=07%20FM&PCR%203%2019%20-%20O7%20-%20Nazarinasab,%20Hajatzadeh%20-%20Evaluation.pdf http://ovidsp.ovid.com/ovidweb.cgi?T=JS&PAGE=reference&D=emed20&NEWS=N&AN=2003249222",English,,,"Summary Background. Although several medical interventions have been used to reduce the cognitive side effects of electroconvulsive therapy (ECT), no specific drug has been yet identified to solve this problem. Objectives. Because donepezil and rivastigmine are used to reduce the cognitive deficits in Alzheimer's patients, this study evaluated the effectiveness of these drugs on cognitive function in patients treated with ECT. Material and methods. This randomized, double-blind clinical trial was performed on 60 patients with various mental disorders who were undergoing ECT as non-hospitalized patients or in the psychiatric ward of Golestan Hospital in Ahvaz, Iran. The subjects were divided into 3 groups of patients, receiving either donepezil, rivastigmine or a placebo. The Mini-Mental State Examination scores (MMSE) of the patients were evaluated before the initial ECT session, after the middle ECT session and after the final ECT session; the collected data were then analyzed using SPSS software version 22. Results. The patients consisted of 25 females and 35 males at a mean age of 32.65 +/- 8.81 years. The mean total number of ECT sessions was 7.41 +/- 1.86 (p = 0.357). The mean of MMSE scores before the initial ECT session was 26.41 +/- 1.35 in all patients, without a significant difference between the groups (p = 0.387). The mean of MMSE scores after the middle ECT session was 26.70 +/- 1.41 for the donepezil group, 26.25 +/- 1.29 for the rivastigmine group and 24.75 +/- 2.07 for the placebo group; the MMSE scores of the placebo group were significantly lower (p = 0.003). Also, the mean of MMSE scores after the final ECT session was 26.75 +/- 1.29 for the donepezil group, 26.40 +/- 1.31 for the rivastigmine group and 24.50 +/- 1.84 for the placebo group, which shows significantly lower scores in the placebo group (p < 0.001). The correlation between age and MMSE score after the ECT sessions was negatively correlated in the donepezil group. Conclusions. The mean of MMSE scores in the placebo group was significantly lower than the donepezil and rivastigmine groups in the middle of the ECT and after the final ECT sessions.Copyright © by Wydawnictwo Continuo. (Embase Ovid 21/09/2022) 1853","RAYYAN-INCLUSION: {""Anwesha""=>""Excluded"", ""Marvin""=>""Excluded"", ""Vishnupriya""=>""Excluded"", ""Ryan""=>""Excluded""} | RAYYAN-EXCLUSION-REASONS: Population (not people with dementia or mild cognitive impairment or their carers)",https://dx.doi.org/10.5114/fmpcr.2019.88383,adult;Alzheimer disease;article;clinical article;clinical trial;cognition;*cognitive defect/dt [Drug Therapy];controlled study;double blind procedure;drug efficacy;DSM-IV-TR;*electroconvulsive therapy;female;human;male;mental disease;Mini Mental State Examination;psychiatric department;atropine/iv [Intravenous Drug Administration];*donepezil/cm [Drug Comparison];*donepezil/dt [Drug Therapy];*donepezil/po [Oral Drug Administration];lidocaine/iv [Intravenous Drug Administration];placebo;propofol/iv [Intravenous Drug Administration];*rivastigmine/dt [Drug Therapy];*rivastigmine/po [Oral Drug Administration];suxamethonium/iv [Intravenous Drug Administration];Electroconvulsive Therapy,,
rayyan-883472486,A randomized controlled trial investigating the effects of a Mediterranean-like diet in patients with multiple sclerosis-associated cognitive impairments and fatigue,2020,,,Current Journal of Neurology,2717-011X (electronic) 2717-011X,19,3,112-121,"Razeghi-Jahromi, S. and Doosti, R. and Ghorbani, Z. and Saeedi, R. and Abolhasani, M. and Akbari, N. and Cheraghi-Serkani, F. and Moghadasi, A. N. and Azimi, A. and Togha, M. and Sahraian, M. A.",https://cjn.tums.ac.ir/article_39912_8e9cc3d3ce006a9c1be469503ad71fc4.pdf http://ovidsp.ovid.com/ovidweb.cgi?T=JS&PAGE=reference&D=emexb&NEWS=N&AN=2013641136,English,,,"Background: Among multiple sclerosis (MS) related symptoms and complications, fatigue might impact roughly 90% of patients. Decline in cognitive function is one of the other complications that occur in the first years after disease onset. The Mediterranean diet is one of the well-known anti-inflammatory dietary approaches. Therefore, this study aimed to explore the effects of a modified Mediterranean-like diet on cognitive changes and fatigue levels in comparison with a conventional standard diet over a 1-year follow-up. Method(s): In the current single-blind randomized controlled trial, 34 MS patients in the Mediterraneanlike diet group and 38 patients in the standard healthy diet group were studied for 1 year. The dietary interventions were modified each month by an expert nutritionist. MS-associated fatigue level was evaluated using the Modified Fatigue Impact Scale (MFIS). Cognitive assessment was also performed using Minimal Assessment of Cognitive Function in MS (MACFIMS). Result(s): Intergroup comparisons demonstrated that after considering confounding variables in ANCOVA, fatigue scores appeared significantly lower in patients who were treated with the Mediterraneanlike diet than those in the standard healthy diet group [Mean 95% confidence interval (CI)}: 33.93 (32.97-34.89) and 37.98 (36.99-38.97), respectively; P < 0.001]. However, the intergroup analysis of cognitive status only showed a difference in the mean score of Brief Visuospatial Memory Test-Revised (BVMT-R) subtest of the MACFIMS. The BVMT-R was higher among standard healthy diet patients compared to the Mediterranean-like diet group after the intervention following adjustment for covariates [Mean (95% CI): 23.73 (21.88-25.57) and 20.56 (18.60-22.51), respectively; P = 0.020]. Conclusion(s): In conclusion, the results of this study highlighted the higher protective effects of the Mediterranean-like diet against MS-related fatigue than the standard healthy diet. However, no significant improvement was observed in the cognitive status of MS patients after a 1-year treatment with the Mediterranean-like diet. More randomized clinical trials with larger sample sizes are needed to elucidate the effects of dietary modifications on MS-associated symptoms and complications.Copyright © 2020 Iranian Neurological Association, and Tehran University of Medical Sciences. (Embase Ovid 21/09/2022) 1167","RAYYAN-INCLUSION: {""Anwesha""=>""Excluded"", ""Marvin""=>""Excluded"", ""Vishnupriya""=>""Excluded"", ""Ryan""=>""Excluded""} | RAYYAN-EXCLUSION-REASONS: Population (not people with dementia or mild cognitive impairment or their carers)",https://dx.doi.org/10.18502/cjn.v19i3.5424,accuracy;adult;anthropometric parameters;article;body mass;clinical assessment;cognition;*cognitive defect/dt [Drug Therapy];*cognitive defect/th [Therapy];comparative study;controlled study;demography;dietary compliance;disease association;disease exacerbation;evaluation and follow up;Expanded Disability Status Scale;*fatigue/dt [Drug Therapy];*fatigue/th [Therapy];female;food intake;human;immune system;intervention study;macronutrient intake;major clinical study;male;*Mediterranean diet;*multiple sclerosis/dt [Drug Therapy];*multiple sclerosis/th [Therapy];neurologic examination;neurologist;obesity;prevalence;psychologist;randomized controlled trial;single blind procedure;symbol digit modalities test;validation study;walk test;beta interferon/ct [Clinical Trial];beta interferon/dt [Drug Therapy];olive oil;21 item questionnaire;Brief Visuospatial Memory Test Revised;California Verbal Learning Test-2nd edition;column medical scale;controlled oral word association test;Delis-Kaplan executive function system;Judgment of Line Orientation Test;minimal assessment of cognitive function in multiple sclerosis;Modified Fatigue Impact Scale;paced auditory serial addition test;psychosocial function status;Multiple Sclerosis,,
rayyan-883472487,"Effects of boswellia serrata on improvement of memory impairment in patients with mild cognitive impairment: A double-blind, randomized, placebo-controlled study",2020,,,Journal of Kerman University of Medical Sciences,1023-9510 2008-2843,27,4,348-355,"Rezakhani, S. and Sedighi, B. and Pardakhty, A. and Shafiee, K.",http://jkmu.kmu.ac.ir/article_91021_561d4a115b3cde727361b6cbd0204ec9.pdf http://ovidsp.ovid.com/ovidweb.cgi?T=JS&PAGE=reference&D=emed21&NEWS=N&AN=2004898828,English,,,"Background: Mild cognitive impairment (MCI) is the stage between the expected cognitive decline of normal aging and the more serious decline of dementia. In the present study, the effect of Boswellia serrata (BS) on improvement of memory impairment in patients with MCI was investigated. Method(s): In this single-center randomized double-blind placebo-controlled clinical trial study, 118 patients with mild cognitive impairment (MCI) were included and randomly divided into two groups (case and control). Control group (n=59) received BS 300 mg/kg body weight twice a day and control group (n=59) received placebo for a period of three and six months. Montreal Cognitive Assessment (MoCA) test for detecting cognitive impairment was done at baseline, three and six months after the intervention. Result(s): A significant difference was reported in the MoCA mean score between the groups after three months (24.64 vs. 22.83) and six months of the intervention (25.22 vs. 22.7). Memory item had the greatest impact on the average final score (P<=0.0001). Conclusion(s): BS has a significant effect on the improvement of memory impairment in patients with MCI. Further studies are required with higher doses of BS and longer duration of treatment to assess the effects of BS on memory of patients with MCI.Copyright © 2020, Kerman University of Medical Sciences. All rights reserved. (Embase Ovid 21/09/2022) 1458","RAYYAN-INCLUSION: {""Anwesha""=>""Included"", ""Marvin""=>""Included"", ""Vishnupriya""=>""Included"", ""Ryan""=>""Included""}",,adult;aged;article;Beck Depression Inventory;*Boswellia serrata;controlled study;double blind procedure;dyspepsia;educational status;female;follow up;human;major clinical study;male;*memory disorder;middle aged;*mild cognitive impairment;Montreal cognitive assessment;nuclear magnetic resonance imaging;randomized controlled trial;*Boswellia serrata extract/pv [Special Situation for Pharmacovigilance];placebo,,
rayyan-883472488,Effects of a moderate-intensity aerobic exercise programme on the cognitive function and quality of life of community-dwelling elderly people with mild cognitive impairment: A randomised controlled trial,2019,5,,International Journal of Nursing Studies,1873-491X,93,,97-105,"Song, D. and Yu, D. S. F.",https://ovidsp.ovid.com/ovidweb.cgi?T=JS&CSC=Y&NEWS=N&PAGE=fulltext&D=med16&AN=30901716http://pmt-eu.hosted.exlibrisgroup.com/openurl/44LSE/44LSE_services_page?sid=OVID:medline&id=pmid:30901716&id=doi:10.1016%2Fj.ijnurstu.2019.02.019&issn=0020-7489&isbn=&volume=93&issue=&spage=97&pages=97-105&date=2019&title=International+Journal+of+Nursing+Studies&atitle=Effects+of+a+moderate-intensity+aerobic+exercise+programme+on+the+cognitive+function+and+quality+of+life+of+community-dwelling+elderly+people+with+mild+cognitive+impairment%3A+A+randomised+controlled+trial.&aulast=Song,,,,"BACKGROUND: Individuals with mild cognitive impairment have a heightened risk of developing dementia. Physical exercise, especially moderate-intensity aerobic exercise, is a promising lifestyle intervention to improve the cognitive function of this patient group. However, the mechanisms underlying the exercise-cognition relationship are not fully understood. Whether the cognitive benefits of physical exercise can improve the overall well-being of this group remains unknown. This study aims to address these research gaps in the under-researched Chinese population. OBJECTIVES: This study aimed to evaluate the effects of a moderate-intensity aerobic exercise programme on the cognitive function and health-related quality of life of Chinese elderly with mild cognitive impairment and to explore the mediating roles of depressive mood and sleep quality in the exercise-cognition relationship. DESIGN: A single-blinded randomised controlled trial. SETTINGS AND PARTICIPANTS: This study was conducted in two urban community healthcare centres in Hangzhou City, China. Elderly people aged over 60 years screened with mild cognitive impairment were included. METHODS: A total of 120 eligible participants were randomly assigned to receive either the group-based moderate-intensity aerobic exercise programme or the health education programme (as attention-placebo control). Montreal Cognitive Assessment, Quality of Life-Alzheimer's Disease, Geriatric Depression Scale and Pittsburgh Sleep Quality Index were administered at baseline before randomisation and immediately after the completion of the interventions. Analysis followed the intention-to-treat principle. Generalised estimating equation was used to compare the changes in the cognitive function and health-related quality of life over the pre-test and post-test periods between the groups. The mediating roles of depressive mood and sleep quality in the exercise-cognition relationship were examined with the PROCESS macro. RESULTS: Participants in the intervention group had a significantly greater improvement in terms of cognitive function (beta = 1.895; 95% confidential interval [CI] = 1.421, 2.368; p < 0.001) and health-related quality of life (beta= 0.605; 95% CI= 0.295, 0.914; p < 0.001) compared with the control group over the pre-test and post-test periods. The exercise-cognition relationship was significantly mediated by reduced depressive symptoms (indirect effect: beta= -0.705; 95% CI: -1.028, -0.382) and improved sleep quality (indirect effect: beta=-0.205; 95% CI: -0.122, 0.831). CONCLUSIONS: This study revealed the benefits and outlined the underlying mediating mechanism of an aerobic exercise programme to the cognitive function and health-related quality of life of Chinese elderly people with mild cognitive impairment. The findings provided insights into the development of public health initiatives to promote brain health amongst the elderly with mild cognitive impairment. Copyright © 2019 Elsevier Ltd. All rights reserved. (Medline Ovid 21/09/2022) 420","RAYYAN-INCLUSION: {""Anwesha""=>""Included"", ""Marvin""=>""Included"", ""Vishnupriya""=>""Included"", ""Ryan""=>""Included""} | USER-NOTES: {""Nathan""=>[""https://www.sciencedirect.com/science/article/pii/S0020748919300604?casa_token=CcGxjWcUuYYAAAAA:O_B8naPytkTNXPzUs1QNVUBEXEIaVS7n49Cs3F81C9-nUjNgQ5fn0pphYje7KDYPhTFQlj_1""]}",https://dx.doi.org/10.1016/j.ijnurstu.2019.02.019,"Aged;Aged, 80 and over;*Cognitive Dysfunction/pp [Physiopathology];*Exercise;Female;Humans;Male;*Quality of Life;Single-Blind Method;Quality of Life;Cognition",,
rayyan-883472489,Clinical effect and safety of moxibustion therapy in treatment of mild cognitive impairment: a multi-center randomized controlled trial,2020,10,25,Chen Tzu Yen Chiu Acupuncture Research,1000-0607,45,10,851-855,"Wang, H. Y. and Hu, Q. and Yu, H. Y. and Wang, L. and Zhang, H.",https://ovidsp.ovid.com/ovidweb.cgi?T=JS&CSC=Y&NEWS=N&PAGE=fulltext&D=med18&AN=33788454http://pmt-eu.hosted.exlibrisgroup.com/openurl/44LSE/44LSE_services_page?sid=OVID:medline&id=pmid:33788454&id=doi:10.13702%2Fj.1000-0607.191012&issn=1000-0607&isbn=&volume=45&issue=10&spage=851&pages=851-5&date=2020&title=Chen+Tzu+Yen+Chiu+Acupuncture+Research&atitle=%5BClinical+effect+and+safety+of+moxibustion+therapy+in+treatment+of+mild+cognitive+impairment%3A+a+multi-center+randomized+controlled+trial%5D.&aulast=Wang,,,,"OBJECTIVE: To investigate the clinical effect and safety of moxibustion therapy based on Sancai theory for reinforcing intelligence in the early intervention of mild cognitive impairment (MCI). METHODS: A total of 210 patients with MCI were divided into moxibustion group and medication group using a random number table, with 105 patients in each group. The patients in the moxibustion group were given moxibustion at Baihui (GV20), Shenque (CV8), and Yongquan (KI1) once every other day, 20 minutes each time, for a total of 8 weeks, and those in the medication group were given oral Nimodipine 30 mg once a day for 8 weeks. Mini-Mental State Examination (MMSE) score, score of meaningless graphics recognition of Clinical Memory Scale (CMS), and event-related potential P300 latency were evaluated before treatment, after 8 weeks of treatment, and at 12 weeks after treatment, and the safety of treatment was analyzed for both groups. RESULTS: Both groups had significant increases in MMSE score and the score of meaningless graphics recognition of CMS and a significant reduction in P300 latency after treatment and during follow-up (P<0.01,P<0.05). Compared with the medication group, the moxibustion group had a significant increase in MMSE score and a significant reduction in P300 latency after treatment (P<0.05). CONCLUSION: Moxibustion therapy based on Sancai theory for reinforcing intelligence can improve cognitive impairment in patients with MCI and is thus an effective intervention method for improving the cognitive function of patients with MCI. (Medline Ovid 21/09/2022) 173","RAYYAN-INCLUSION: {""Anwesha""=>""Included"", ""Marvin""=>""Included"", ""Vishnupriya""=>""Included"", ""Ryan""=>""Included""} | RAYYAN-LABELS: foreign language | USER-NOTES: {""Anwesha""=>[""Chinese language, English translation not available""]}",https://dx.doi.org/10.13702/j.1000-0607.191012,"Acupuncture Points;Cognitive Dysfunction/th [Therapy];*Cognitive Dysfunction;Drugs, Chinese Herbal;Humans;Memory;*Moxibustion;0 (Drugs, Chinese Herbal);0 (sancai)",,
rayyan-883472490,"THE EFFECTS OF DL-3-N-BUTYLPHTHALIDE IN PATIENTS WITH MILD TO MODERATE ALZHEIMER'S DISEASE ALREADY RECEIVING DONEPEZIL: A MULTICENTER, PROSPECTIVE COHORT STUDY",2019,,,Alzheimer's and Dementia,1552-5260 1552-5279,15,7,P255-P256,"Wang, J.",http://ovidsp.ovid.com/ovidweb.cgi?T=JS&PAGE=reference&D=emed20&NEWS=N&AN=2003374682,English,,,"Background: Alzheimer's disease (AD) is the commonest cause of dementia. Cholinesterase inhibitors, such as donepezil, are widely recommended to patients with mild to moderate AD. But the cognitive function of most of the patients using donepezil gradually aggravate. DL-3-n-butylphthalide (NBP) was effective for improving cognitive and global functioning in patients with subcortical vascular cognitive impairment without dementia over the 6-month treatment period. Our previous observation showed that MMSE score lowering slowly when using NBP treatment in patients with mild to moderate AD already receiving donepezil. Method(s): In this multicenter, prospective cohort study, we enrolled patients aged 50-85 years who had a diagnosis of mild to moderate Alzheimer's Disease at 6 hospitals in Xi'an, China. Patients were assigned to combination therapy group (NBP 200mg three times daily plus donepezil 5mg or 10mg daily) or monotherapy group(donepezil 5mg or 10mg daily) for 48 weeks according to different treatment which the patients had received. Primary outcome measures were the changes in Alzheimer's disease assessment scale-cognitive subscale (ADAS-cog)after 48 weeks. All patients were also evaluated other scales every 12 weeks, including CIBIC-plus, ADCS-ADL and NPI. All patients were monitored for adverse events (AEs). The efficacy comparison of combination therapy and monotherapy was analyzed using multiple linear regression and logistic regression analysis. Result(s): This study enrolled 35 patients who finished 48 weeks follow-up. There were 19 patients in monotherapy group and 16 patients in combination therapy group. The univariate analysis showed that the age, gender, years of education, the prevalence of hypertension, diabetes mellitus, APOEepsilon4 carrier and baseline MMSE score had no significant difference between the two groups(P>0.05). The multiple linear regression analysis showed that the endpoint to baseline change of ADAS-cog in combination therapy group was less than that in monotherapy group(beta=-3.965,P=0.021), while there were no difference of the endpoint to baseline change of MMSE(beta=0.619,P=0.497),ADCS-ADL(beta=1.675,P=0.541)and NPI(beta=-5.478,P=0.255)between the two groups. The multivariate Logistic regression analysis showed that the endpoint CIBIC-plus had no difference between the two groups OR=0.866 95% CI:[0.082,9.179],P=0.905. Conclusion(s): Over the 48-week treatment period, NBP combination with donepezil was effective for delaying cognitive decline in patients with mild to moderate AD.Copyright © 2019 (Embase Ovid 21/09/2022) 2300","RAYYAN-INCLUSION: {""Anwesha""=>""Excluded"", ""Marvin""=>""Excluded"", ""Vishnupriya""=>""Excluded"", ""Ryan""=>""Excluded""} | RAYYAN-EXCLUSION-REASONS: Study design (not randomised) | USER-NOTES: {""Anwesha""=>[""Seems like an abstract and not a full article""]}",https://dx.doi.org/10.1016/j.jalz.2019.06.085,adult;aged;*Alzheimer disease;Alzheimer Disease Assessment Scale;China;clinical article;*cohort analysis;comparative effectiveness;controlled study;diabetes mellitus;drug combination;drug therapy;education;female;follow up;gender;human;hypertension;male;middle aged;Mini Mental State Examination;monotherapy;multicenter study;outcome assessment;prevalence;*prospective study;univariate analysis;apolipoprotein E;*donepezil;endogenous compound;conference abstract;Cohort Studies;Alzheimer Disease,,
rayyan-883472491,"Clinical observation of shenma yizhi recipe in treating patients with QI deficiency, blood stasis and yang hyperactivity in mild to moderate vascular dementia",2020,,,Chinese Journal of Integrated Traditional and Western Medicine,1003-5370,40,5,554-559,"Wu, Qiong and Wei, Yun and Liu, JiangAng and Li, Hao",http://www.cjim.cn/zxyjhcn/zxyjhcn/ch/reader/view_abstract.aspx?file_no=2020020554&flag=1,Chinese,,,"Objective To observe the clinical efficacy of Shen Ma Yizhi Decoction in treating patients with Qi deficiency, blood stasis and Yang hyperactivity type with mild to moderate vascular dementia (VD). Methods Sixty-four patients with mild and moderate VD were selected and divided into experimental group and control group by random number table method, with 32 cases in each group, 4 cases dropped during the observation period, and 30 cases in each group completed the test. Both groups were given health education and general lifestyle intervention. On this basis, the test group took 5 g of Shenma Yizhi Granules each time, twice a day; the control group took ginkgo leaves 19.2 mg each time, three times a day. Taken for a total of 3 months. Observe the two groups of Simple Intelligence State Scale (MMSE), Montreal Cognitive Assessment Scale (MoCA), Daily Living Ability Scale (ADL), Clinical Neurological Impairment Scale (NIHSS), TCM Syndrome Score Scale and serum Acetylcholine (ACh), acetylcholinesterase (AChE), superoxide dismutase (SOD), malondialdehyde (MDA), interleukin-6 (IL-6), glutathione peroxidase (GSH- Px), tumor necrosis factor-a (TNF-a) level changes. Compared with the results before treatment, the test group and the control group had improved MMSE, MoCA, ADL, NIHSS, TCM Syndrome Score Scale scores (P<0.01), and MMSE, ADL, NIHSS, TCM Syndrome Score Scale scores improved The level test group is better than the control group (P<0.05). The levels of serum ACh, AChE, SOD, MDA, IL-6, and GSH-Px in the two groups were improved (P<0.05), and the improvement of serum ACh, AChE, TNF-a levels in the test group was better than the control group (P<0.05) . Conclusion Shenma Yizhi Decoction can treat mild and moderate VD, which can improve cognitive function, improve daily life, relieve symptoms of neurological deficit, and improve TCM syndromes of Qi deficiency, blood stasis and Yang hyperactivity. The clinical effect is better than that of Ginkgo biloba. (Global Health Ovid 21/09/2022) 2453","RAYYAN-INCLUSION: {""Anwesha""=>""Included"", ""Marvin""=>""Included"", ""Vishnupriya""=>""Included"", ""Ryan""=>""Included""} | RAYYAN-LABELS: foreign language | USER-NOTES: {""Anwesha""=>[""Chinese language""]}",http://dx.doi.org/10.7661/j.cjim.20200211.306,"acetylcholinesterase;blood;blood serum;deficiency;dementia;enzymes;glutathione;glutathione peroxidase;health;herbal drugs;human diseases;hyperactivity;interleukin 6;interleukins;leaves;malondialdehyde;mental disorders;necrosis;patients;peroxidase;peroxidases;superoxide dismutase;symptoms;traditional Chinese medicines;traditional medicines;Dementia, Vascular;Dementia",,
rayyan-883472492,Clinical study on Huangjing pills in the treatment of mild and moderate Alzheimer disease,2020,,,Chinese Journal of Information on Traditional Chinese Medicine,1005-5304,27,11,40-44,"Yang, JingYing and Xiao, YiSheng and Jiang, JieLin and Ouyang, HouGan and Ren, Yuxi and Gao, Meng and Hou, JiHua and Zuo, AiRen",http://xxzz.cintcm.com//oa/darticle.aspx?type=view&id=20201109,Chinese,,,"Objective: To observe the clinical efficacy of Huangjing Pills in the treatment of patients with mild and moderate Alzheimer disease (AD). Methods: Totally 97 patients with mild and moderate AD were divided into the control group and the study group according to random number table method, with 49 patients in the control group, and 48 patients in the study group. The control group was given routine treatment with donepezil hydrochloride tablets, 5 mg/d, orally. The study group was given Huangjing Pills, one pill each time, twice a day, orally. One month was a course of treatment, and then the medicine was stopped for 1 week. A total of 3 courses were treated. The clinical efficacy of both groups was observed. The scores of the Mini Mental State Examination Scale (MMSE), the modified Hasegawa Dementia Scale (HDS-R), and the Activity of Daily Living Scale (ADL) scores were compared between the two groups before and after treatment. Superoxide dismutase (SOD), glutathione peroxidase (GSH-Px), malondialdehyde (MDA), and interleukin-1beta (IL-1beta) levels were detected before and after treatment in the two groups. Adverse reactions in 2 groups were monitored. Results: The total effective rate was 91.7% (44/48) in the study group and 81.6% (40/49) in the control group, with statistical significance (P < 0.05). Compared with before treatment, the scores of MMSE, HDS-R and ADL in the two groups were significantly increased (P < 0.05); after treatment, the scores of MMSE, HDS-R and ADL in the study group were significantly higher than those in the control group (P < 0.05). Compared with before treatment, the serum SOD and GSH-Px activities in the study group were increased after treatment, and the serum MDA and IL-1beta levels were decreased (P < 0.05). After treatment, the SOD and GSH-Px activities in the study group were higher than those of the control group, and the levels of MDA and IL-1beta were lower than those of the control group (P < 0.05). The incidence of adverse reactions in the control group was 36.7% (18/49), and there were no adverse reactions in the study group. Conclusion: Huangjing Pills has good clinical efficacy on the treatment of AD. It can improve the symptoms of AD, improve the cognitive function and living ability, and reduce the level of oxidative stress of the body. (Global Health Ovid 21/09/2022) 2414","RAYYAN-INCLUSION: {""Anwesha""=>""Included"", ""Marvin""=>""Included"", ""Vishnupriya""=>""Included"", ""Ryan""=>""Included""} | RAYYAN-LABELS: foreign language | USER-NOTES: {""Anwesha""=>[""Chinese language""]}",http://dx.doi.org/10.19879/j.cnki.1005-5304.202004098,adverse effects;clinical aspects;dementia;enzymes;glutathione;glutathione peroxidase;human diseases;malondialdehyde;mental disorders;monitoring;oxidative stress;peroxidase;peroxidases;superoxide dismutase;symptoms;treatment;Alzheimer Disease,,
rayyan-883472493,Effectiveness of acupuncture for vascular cognitive impairment no dementia: a randomized controlled trial,2019,4,,Clinical Rehabilitation,1477-0873,33,4,642-652,"Yang, J. W. and Shi, G. X. and Zhang, S. and Tu, J. F. and Wang, L. Q. and Yan, C. Q. and Lin, L. L. and Liu, B. Z. and Wang, J. and Sun, S. F. and Yang, B. F. and Wu, L. Y. and Tan, C. and Chen, S. and Zhang, Z. J. and Fisher, M. and Liu, C. Z.",https://ovidsp.ovid.com/ovidweb.cgi?T=JS&CSC=Y&NEWS=N&PAGE=fulltext&D=med16&AN=30672317http://pmt-eu.hosted.exlibrisgroup.com/openurl/44LSE/44LSE_services_page?sid=OVID:medline&id=pmid:30672317&id=doi:10.1177%2F0269215518819050&issn=0269-2155&isbn=&volume=33&issue=4&spage=642&pages=642-652&date=2019&title=Clinical+Rehabilitation&atitle=Effectiveness+of+acupuncture+for+vascular+cognitive+impairment+no+dementia%3A+a+randomized+controlled+trial.&aulast=Yang,,,,"OBJECTIVE:: To evaluate the effectiveness of acupuncture in patients with vascular cognitive impairment no dementia (VCIND) in comparison with citicoline, an agent for cognitive disturbances associated with chronic cerebral disorders. DESIGN:: A randomized controlled multicenter trial. SETTING:: In three hospitals in Beijing, China. SUBJECTS:: A total of 216 patients with VCIND were recruited. INTERVENTIONS:: Patients with VCIND (mean age of 65.4 years) were randomized to receive acupuncture (two sessions per week) or oral citicoline (100 mg three times daily) over three months. MAIN MEASURES:: The primary outcome was the change from baseline to three months in cognitive symptom, measured by Alzheimer's disease Assessment Scale, cognitive subscale (ADAS-cog). Secondary outcomes included changes from baseline to six months in ADAS-cog, executive function measured by the Clock Drawing Test (CDT), and functional disability measured by the Ability of Daily Living (ADL) scale at three and six months. RESULTS:: At three months, the acupuncture group had a greater decrease in mean ADAS-cog score (-2.33 +/- 0.31) than the citicoline group (-1.38 +/- 0.34) with a mean difference of -0.95 (95% CI, -1.84 to -0.07, P = 0.035). The mean change from baseline to six months in ADAS-cog also significantly favored acupuncture treatments (acupuncture change -2.61 vs citicoline -1.25, difference: -1.36 points; 95% CI, -2.20 to -0.51; P = 0.002). There was no difference between the two groups on CDT and ADL scores at either time point. CONCLUSION:: Compared with citicoline, acupuncture has comparable and even superior efficacy with improved cognitive and daily living performance as a complementary and alternative medicine treatment for VCIND. (Medline Ovid 21/09/2022) 401","RAYYAN-INCLUSION: {""Anwesha""=>""Included"", ""Marvin""=>""Included"", ""Vishnupriya""=>""Included"", ""Ryan""=>""Included""}",https://dx.doi.org/10.1177/0269215518819050,*Acupuncture Therapy;Aged;China;*Cognitive Dysfunction/th [Therapy];Cytidine Diphosphate Choline/tu [Therapeutic Use];Disability Evaluation;Female;Humans;Middle Aged;Neuropsychological Tests;Nootropic Agents/tu [Therapeutic Use];0 (Nootropic Agents);536BQ2JVC7 (Cytidine Diphosphate Choline);Dementia;Cognition;Acupuncture,,
rayyan-883472494,The Role of Mutuality and Coping in a Nurse-Led Cognitive Behavioral Intervention on Depressive Symptoms Among Dementia Caregivers,2019,,,Research in Gerontological Nursing,1940-4921,12,1,44-55,"Yuqin, Pan and Ruyi, Chen and DongLiang, Yang",https://search.ebscohost.com/login.aspx?direct=true&db=rzh&AN=134178448&site=ehost-live,,,,"The current study explored whether mutuality and coping predicted and/or mediated the eff ect of a nurse-led cognitive behavioral intervention (NLCBI) on depressive symptoms of caregivers of persons with dementia. The intervention group (n = 56) received fi ve monthly in-home nurse-led cognitive behavioral sessions and consultation calls after each session. The control group (n = 56) received fi ve monthly short general conversations with the nurse interventionist. Questionnaires on study variables and demographics were collected at baseline, end of intervention, and 2-month follow up. Improved mutuality (β = -0.75, p = 0.049) and active coping (β = -2.06, p = 0.0001) and decreased passive coping (β = 1.43, p = 0.001) were found to predict the reduction of depressive symptoms among caregivers in the NLCBI. However, none of these variables mediated the interventional eff ect. Regular mental health nursing interventions are suggested to focus on enhancing mutuality and active coping and decreasing passive coping to maintain caregivers' mental health. (CINAHL 21/09/2022) 3541","RAYYAN-INCLUSION: {""Anwesha""=>""Included"", ""Marvin""=>""Included"", ""Vishnupriya""=>""Included"", ""Ryan""=>""Included""}",10.3928/19404921-20181212-01,Caregivers;Interpersonal Relations;Coping;Cognitive Therapy;Depression;Dementia Patients;Nurses;Nurse-Managed Centers;Conversation;Questionnaires;Nursing Interventions;Power Analysis;Random Assignment;Scales;Activities of Daily Living;Data Analysis Software;Descriptive Statistics;Mann-Whitney U Test;T-Tests;Chi Square Test;China;Female;Male;Middle Age;Aged;Research Dropouts;Sex Factors;Human;Randomized Controlled Trials;Dementia,,
rayyan-883472495,Efficacy of folic acid combined with ginkgo leaves in the treatment of elderly Alzheimer's disease with hyperhomocysteinemia,2020,,,Chinese Journal of Gerontology,1005-9202,40,9,1904-1907,"Zhang, LiJuan and Liu, QiaoLing and Meng, YunXia and Yang, Ping",https://oversea.cnki.net/kcms/detail/detail.aspx?dbcode=CJFD&filename=ZLXZ202009038&dbname=CJFDLAST2020,Chinese,,,"Objective: To combine folic acid and ginkgo leaves in the treatment of elderly Alzheimer's disease with hyperhomocysteinemia, and to analyze the therapeutic effect. Methods: 102 patients with Alzheimer's disease and hyperhomocysteinemia were divided into control group and observation group with 51 cases each according to the computer double-blind method. The control group was treated with ginkgo leaves, and the observation group was treated with folic acid combined with ginkgo leaves. After 3 months of treatment, the treatment effects and serum indexes of the two groups were compared [interleukin (IL)-6, tumor necrosis factor (TNF)-a, neuron-specific enolase (NSE), high-sensitivity C-reactive protein (hs) -CRP], plasma brain neurotransmitters [5-hydroxytryptamine (HT), dopamine (DA), norepinephrine (NE)], ability of daily living (ADL). Results: After 3 months of treatment, compared with the control group, the total effective rate of treatment in the observation group was significantly increased, the levels of TNF-a, hs-CRP, IL-6, and NSE were significantly reduced, and the levels of NE, 5-HT, DA, and ADL The scores were significantly increased (P<0.05). Conclusion: The combination of folic acid and Ginkgo biloba leaves for the treatment of elderly Alzheimer's disease with hyperhomocysteinemia can significantly improve inflammation, improve neurotransmitter levels, and increase ADL in patients with significant curative effect. (Global Health Ovid 21/09/2022) 2431","RAYYAN-INCLUSION: {""Anwesha""=>""Included"", ""Marvin""=>""Included"", ""Vishnupriya""=>""Included"", ""Ryan""=>""Included""} | RAYYAN-LABELS: foreign language | USER-NOTES: {""Anwesha""=>[""Chinese language""]}",,Alzheimer's disease;brain;clinical trials;computers;efficacy;elderly;folic acid;hyperhomocysteinaemia;inflammation;interleukin 6;interleukins;leaves;necrosis;neurotransmitters;serotonin;treatment;tumour necrosis factor;Alzheimer Disease;Hyperhomocysteinemia;Ginkgo biloba,,
rayyan-883472496,Acupuncture for improving cognitive impairment after stroke: A meta-analysis of randomized controlled trials,2020,,,PM and R,1934-1482,12,,S33,"Zhou, L. and Wang, Y. and Qiao, J. and Wang, Q. M. and Luo, X.",http://ovidsp.ovid.com/ovidweb.cgi?T=JS&PAGE=reference&D=emed21&NEWS=N&AN=634147636,English,,,"Objective: This meta-analysis evaluated the efficacy of acupuncture in improving cognitive impairment of post-stroke patients. Design(s): Randomized controlled trials (RCTs) investigating the effects of acupuncture compared with no treatment or sham acupuncture on poststroke cognitive impairment (PSCI) between January 2008 to December 2019 were identified from databases (PubMed, EMBASE, Ovid library, Cochrane Library, Chinese National Knowledge Infrastructure, VIP Chinese Periodical Database, Wanfang Database, SinoMed) . The literature searching and data extracting were independently performed by two investigators. Study quality was assessed using the Cochrane Handbook for Systematic Reviews of Interventions. Meta-analyses were performed for the eligible RCTs with Revman 5.3 software. Setting(s): Affiliated Hospital of Medical School. Participant(s): no participants. Intervention(s): no interventions. Main Outcome Measure(s): The gain of MMSE (Mini-Mental State Examination) or MoCA (Montreal Cognitive Assessment) Results: Thirty-six RCTs (2829 patients) were included in this meta-analysis. Merged Random-effects estimates of the gain of MMSE (Mini-Mental State Examination) or MoCA (Montreal Cognitive Assessment) were calculated for the comparison of acupuncture with no acupuncture or sham acupuncture. Following 3 to 8 weeks of intervention with acupuncture, pooled results demonstrated significant effects of acupuncture in improving PSCI assessed by MMSE (MD[95% CI] =2.82[2.02, 3.61], P< 0.00001) or MoCA (MD[95% CI] =2.66[1.95, 3.37], P< 0.00001). Conclusion(s): The results suggest that acupuncture was effective in improving PSCI and supported the needs of more rigorous design with large-scale randomized clinical trials to determine its therapeutic benefits. (Embase Ovid 21/09/2022) 1697","RAYYAN-INCLUSION: {""Anwesha""=>""Excluded"", ""Marvin""=>""Excluded"", ""Vishnupriya""=>""Excluded"", ""Ryan""=>""Excluded""} | RAYYAN-EXCLUSION-REASONS: Publication type (systematic review and meta-analysis)",https://dx.doi.org/10.1002/pmrj.12519,*acupuncture;adult;CNKI database;Cochrane Library;*cognitive defect;comparative effectiveness;conference abstract;Embase;female;human;information retrieval;male;medical school;Medline;meta analysis;Mini Mental State Examination;Montreal cognitive assessment;outcome assessment;randomized controlled trial (topic);software;*stroke patient;systematic review;WanFang Database;Cognition;Stroke,,
rayyan-883472497,Memory training combined with 3D visuospatial stimulus improves cognitive performance in the elderly: pilot study,2020,7,,Dementia & Neuropsychologia,1980-5764,14,3,290-299,"Assed, M. M. and Rocca, C. C. A. and Garcia, Y. M. and Khafif, T. C. and Belizario, G. O. and Toschi-Dias, E. and Serafim, A. P.",https://ovidsp.ovid.com/ovidweb.cgi?T=JS&CSC=Y&NEWS=N&PAGE=fulltext&D=pmnm&AN=32973982http://pmt-eu.hosted.exlibrisgroup.com/openurl/44LSE/44LSE_services_page?sid=OVID:medline&id=pmid:32973982&id=doi:10.1590%2F1980-57642020dn14-030010&issn=1980-5764&isbn=&volume=14&issue=3&spage=290&pages=290-299&date=2020&title=Dementia+%26+Neuropsychologia&atitle=Memory+training+combined+with+3D+visuospatial+stimulus+improves+cognitive+performance+in+the+elderly%3A+pilot+study.&aulast=Assed,,,,"Studies suggest that the engagement of aged participants in cognitive stimulation programs can reduce expected cognitive decline associated with age. OBJECTIVE: To evaluate the effects of memory training (MT) associated with three-dimensional multiple object tracking (3D-MOT) NeuroTracker (NT) in the elderly. METHODS: Forty-four participants (>60 years of age) were recruited and randomly distributed into two groups: experimental (EG; n=22) and comparative (CG; n=22). Both groups performed 12 one-hour MT sessions, twice a week, consisting of specific computerized stimuli associated with teaching of mnemonic strategies; 10 minutes of NT was part only of the EG's sessions. In pre- and post-training periods, both groups were evaluated using a sociodemographic questionnaire, neuropsychological assessment, as well as a specific measure offered by NT. RESULTS: Both groups benefited from the MT and reported more positive feelings regarding their memory and quality of life. However, the EG obtained better results in tests consistent with the strategies trained and which involved attentional resources, reaction time, visual processing speed, episodic, semantic, subjective and working memory as well as aspects of social cognition. CONCLUSIONS: This study showed that the combination of MT and 3D-MOT contributed for a better cognitive performance in the EG. Thus, the results of the present study encourage further research and the development of combined cognitive interventions for the elderly population with and without cognitive deficits. (Medline Ovid 21/09/2022) 730","RAYYAN-INCLUSION: {""Allyson""=>""Excluded"", ""Xinruo""=>""Excluded"", ""Yao""=>""Excluded"", ""Sree Mangala""=>""Excluded""} | RAYYAN-EXCLUSION-REASONS: Population (not people with dementia or mild cognitive impairment or their carers) | USER-NOTES: {""Allyson""=>[""Population is without cognitive complaints""]}",https://dx.doi.org/10.1590/1980-57642020dn14-030010,Pilot Projects;Cognition;Memory,,
rayyan-883472498,Effects of meditation and mind-body exercises on older adults' cognitive performance: A meta-analysis,2019,,,The Gerontologist,0016-9013,59,6,e782-e790,"Chan, John S. Y. and Deng, Kanfeng and Wu, Jiamin and Yan, Jin H.",http://ovidsp.ovid.com/ovidweb.cgi?T=JS&PAGE=reference&D=psyc16&NEWS=N&AN=2020-04353-033,English,,,"Background and Objectives: Meditation and mind-body exercises are suggested to delay decline or enhance cognitive capabilities in older adults. However, their effectiveness remains uncertain. This study assessed the effectiveness of meditation and mind-body exercises to improve cognition in elderly people aged 60 years or above. Moderator variables were also explored. Research Design and Methods: A databases search (MEDLINE, EMBASE, CINAHL, PsycINFO, Cochrane Library, Web of Science, CNKI, and Wangfang) was conducted from the first available date to January 10, 2018. Inclusion criteria include (a) human older adults aged 60 years or above, (b) meditation, Tai Chi, Qigong, or yoga intervention, (c) intervention should be structured, (d) inclusion of a control group, (e) at least one outcome measure of cognition was measured at baseline and post-training, and (f) peer-reviewed journal articles in English or Chinese. Results: Forty-one studies (N = 3,551) were included in the meta-analysis. In general, meditation and mind-body exercises improve cognition in the elderly people (SMD = 0.34, 95% CI: 0.19 to 0.48), but the cognition-enhancing effects depend on the type of exercise. In addition, cognitive performance is only improved when the length of intervention is longer than 12 weeks, exercise frequency is 3-7 times/week, or duration of an exercise session is 45-60 min/session. Discussion and Implications: This study suggests that meditation and mind-body exercises are effective to improve cognition of older adults aged 60 years or above, and exercise parameters should be considered for intervention planning. (PsycInfo Database Record (c) 2021 APA, all rights reserved) (PsycINFO Ovid 21/09/2022) 3019","RAYYAN-INCLUSION: {""Andra""=>""Excluded"", ""Allyson""=>""Excluded"", ""Xinruo""=>""Excluded"", ""Yao""=>""Excluded"", ""Sree Mangala""=>""Excluded""} | RAYYAN-EXCLUSION-REASONS: Publication type (systematic review and meta-analysis) | USER-NOTES: {""Allyson""=>[""May be duplicative if we include underlying studies. ""]}",https://dx.doi.org/10.1093/geront/gnz022,*Cognition;*Cognitive Ability;*Meditation;*Treatment Effectiveness Evaluation;*Mind Body Therapy;Aging;Cognition,,
rayyan-883472499,Psychometric properties of outcome measures in non-pharmacological interventions of persons with dementia in low-and middle-income countries: A systematic review,2020,12,,Psychogeriatrics,1346-3500 1479-8301,,,No Pagination Specified,"Du, Bharath and Lakshminarayanan, Monisha and Krishna, Murali and Vaitheswaran, Sridhar and Ch and ra, Mina and Kunnukattil Sivaraman, Shaji and Goswami, Satyapal Puri and Rangaswamy, Thara and Spector, Aimee and Stoner, Charlotte R.",https://ovidsp.ovid.com/ovidweb.cgi?T=JS&CSC=Y&NEWS=N&PAGE=fulltext&D=psyc17&AN=2020-99013-001 http://pmt-eu.hosted.exlibrisgroup.com/openurl/44LSE/44LSE_services_page?sid=OVID:psycdb&id=pmid:&id=doi:10.1111%2Fpsyg.12647&issn=1346-3500&isbn=&volume=&issue=&spage=No&pages=No+Pagination+Specified&date=2020&title=Psychogeriatrics&atitle=Psychometric+properties+of+outcome+measures+in+non-pharmacological+interventions+of+persons+with+dementia+in+low-and+middle-income+countries%3A+A+systematic+review.&aulast=Du,,,,"Despite high burden of dementia in low-and middle-income countries (LMICs), only a small number of clinical trials of psychosocial interventions for persons with dementia (PwD) have been conducted in these settings. It is essential that such trials use appropriate outcome measures that are methodologically robust and culturally appropriate to evaluate the effectiveness of interventions. We carried out a systematic review to examine the evidence base and psychometric properties of measures employed in these studies in LMICs. A systematic search of published literature on randomised controlled trials (RCT) of psychosocial interventions for PwD in LMICs between 2008 and April 2020 was carried out. Measures employed in each of the eligible studies were identified and through a focused search, we further explored the evidence base and psychometric properties employing Terwee criteria. Data extraction and quality appraisal were conducted by two independent reviewers. The review identified 41 measures from 17 RCTS which fulfilled eligibility criteria and they examined effectiveness across the domains of cognition (n = 16), behaviour and psychological symptoms (n = 11) and quality of life (n = 8). Of these 41, we were able to access relevant literature only for 18 and they were subject to psychometric analysis. Psychometric properties of these 18 instruments were at best modest, with Terwee scores ranging from 3 (low) to 15 (moderate). A majority of the studies were from China (n = 5) and Brazil (n = 6). The evidence base for the routinely employed measures in RCTs of non-pharmacological interventions for PwD in LMICs is limited. The quality of adaptation and validation of these instruments is variable and studies are largely uninformative about their psychometric properties and cultural appropriateness to the study setting. There is an urgent need to develop scientifically robust instruments in LMIC settings that can be confidently employed to measure outcomes in trials of psychosocial interventions for PwD. (PsycInfo Database Record (c) 2021 APA, all rights reserved) (PsycINFO Ovid 21/09/2022) 3174","RAYYAN-INCLUSION: {""Allyson""=>""Excluded"", ""Xinruo""=>""Excluded"", ""Yao""=>""Excluded"", ""Sree Mangala""=>""Excluded""} | RAYYAN-EXCLUSION-REASONS: Publication type (systematic review and meta-analysis)",https://dx.doi.org/10.1111/psyg.12647,"dementia, low middle income countries, non-pharmacological therapy, outcome measures, psychometric properties;Psychological & Physical Disorders [3200];Psychometrics;Dementia",,
rayyan-883472500,Extract of Ginkgo biloba preparations in treatment of Alzheimer's disease: a meta-analysis,2020,,,Drug Evaluation Research,1674-6376,43,4,765-772,"Du, RongRong and Qin, ZhiYi and Qu, LianYue and Lin, JianYang",https://www.tiprpress.com/ywpjyj/article/abstract/20200434,Chinese,,,"Objective: To systematically evaluate the efficacy and safety of extract of Ginkgo biloba preparations (EGb) for Alzheimer's disease. Methods: A randomized controlled trial (RCT) of EGb for Alzheimer's disease was conducted on PubMed, Web of Science, Embase, CBM, CNKI, VIP and Wanfang databases from inception to October 29, 2019. Two evaluators independently screened the literature for quality evaluation, and RevMan 5.3.5 software was used for statistical analysis. Results: A total of 21 RCTs were included, including 1 643 patients. Meta-analysis results showed:(1) Compared with citicoline, EGb can improve MMSE[MD=3.80, 95%CI(2.05, 5.55), P < 0.000 1], ADL scores[MD=-3.30, 95%CI(-4.75, -1.85), P < 0.000 01] and total effective rate[OR=3.69, 95%CI(1.87, 7.27), P=0.000 2] more effectively; (2) Compared with the use of only basic treatment or other drugs alone, the combination of EGb can improve MMSE[MD=2.68, 95%CI(2.35, 3.02), P < 0.000 01], ADL score[MD=-3.48, 95%CI(-4.36, -2.60), P < 0.000 01] and total effective rate[OR=3.50, 95%CI(1.09, 11.22), P=0.03] more effectively; (3) Compared with placebo or no intervention, EGb can effectively improve MMSE[MD=1.82, 95%CI(0.33, 3.32), P=0.02] and ADL scores[MD=-7.00, 95%CI(-10.93, -3.07), P=0.0005]; (4) Compared with donepezil monotherapy, the combination of donepezil and EGb can improve MMSE[MD=1.82, 95%CI(0.33, 3.32), P=0.02], ADL scores[MD=-4.29, 95%CI(-5.58, -2.99), P < 0.000 01] and total effective rate[OR=2.95, 95%CI(1.42, 6.13), P=0.004] more effectively; (5) EGb has a significantly lower effect on the MMSE score[MD=-1.79, 95%CI(-2.39, -1.20), P < 0.000 01] and total effective rate[OR=0.15, 95%CI(0.08, 0.30), P < 0.000 01] than donepezil. Conclusions: EGb are effective in the treatment of Alzheimer's disease, and there is no significant difference in adverse reactions. (Global Health Ovid 21/09/2022) 2452","RAYYAN-INCLUSION: {""Allyson""=>""Excluded"", ""Xinruo""=>""Excluded"", ""Yao""=>""Excluded"", ""Sree Mangala""=>""Excluded""} | RAYYAN-EXCLUSION-REASONS: Publication type (systematic review and meta-analysis) | USER-NOTES: {""Allyson""=>[""May be duplicative if we include the underlying data. ""]}",http://dx.doi.org/10.7501/j.issn.1674-6376.2020.04.034,adverse effects;data analysis;drugs;evaluation;extracts;literature;medicinal plants;meta-analysis;statistical analysis;treatment;Ginkgo biloba;Alzheimer Disease,,
rayyan-883472501,Systematic review and Meta-analysis of efficacy and safety of Compound Congrong Yizhi Capsules on vascular cognitive impairment,2020,4,,Zhongguo Zhong Yao Za Zhi/Zhongguo Zhongyao Zazhi/China Journal of Chinese Materia Medica,1001-5302,45,8,1924-1932,"Gou, J. and Yang, H. X. and Yu, Y. and Guo, R. J.",https://ovidsp.ovid.com/ovidweb.cgi?T=JS&CSC=Y&NEWS=N&PAGE=fulltext&D=med17&AN=32489079http://pmt-eu.hosted.exlibrisgroup.com/openurl/44LSE/44LSE_services_page?sid=OVID:medline&id=pmid:32489079&id=doi:10.19540%2Fj.cnki.cjcmm.20190902.502&issn=1001-5302&isbn=&volume=45&issue=8&spage=1924&pages=1924-1932&date=2020&title=Zhongguo+Zhong+Yao+Za+Zhi%2FZhongguo+Zhongyao+Zazhi%2FChina+Journal+of+Chinese+Materia+Medica&atitle=%5BSystematic+review+and+Meta-analysis+of+efficacy+and+safety+of+Compound+Congrong+Yizhi+Capsules+on+vascular+cognitive+impairment%5D.&aulast=Gou,,,,"To analyze the efficacy and safety of Compound Congrong Yizhi Capsules in treatment of vascular cognitive impairment. Databases, such as CNKI, WanFang, VIP, SinoMed, PubMed, Cochrane Library, ClinicalTrials were electronically retrieved for relevant randomized controlled trials about the effect of Compound Congrong Yizhi Capsules in treatment of vascular cognitive impairment. Two researchers independently screened the literatures and extracted data according to the inclusion criteria, and used the risk of bias assessment tool in the Cochrane evaluation manual for quality assessment. The Cochrane systematic evaluation software RevMan 5.3 was used for data analysis. Totally 12 articles including 1 279 patients were included. The intervention measure was Compound Congrong Yizhi Capsules used alone or combined with Western medicine, and the control measure was the Western medicine alone or the blank control. According to the findings, for patients of vascular cognitive impairment no dementia, Compound Congrong Yizhi Capsules was better than the blank control in improving MoCA scale score and serum NO levels and reducing serum ET-1 levels. For vascular dementia patients, Compound Congrong Yizhi Capsules combined with Western medicine was better than Western medicine alone in improving MMSE and MoCA scale score. Five studies reported adverse events, but no significant adverse reaction was found. In conclusion, Compound Congrong Yizhi Capsules alone could alliviate early cognitive impairment in patients of vascular cognitive impairment no dementia; Compound Congrong Yizhi Capsules combined with Western medicine is superior to Western medicine alone in improving cognitive impairment. No obvious adverse reaction was found. Compound Congrong Yizhi Capsules can be recommended in clinical use. This conclusion needs to be further confirmed in high-quality clinical trials in the future. (Medline Ovid 21/09/2022) 1043","RAYYAN-INCLUSION: {""Allyson""=>""Excluded"", ""Xinruo""=>""Excluded"", ""Yao""=>""Excluded"", ""Sree Mangala""=>""Excluded""} | RAYYAN-EXCLUSION-REASONS: Publication type (systematic review and meta-analysis) | USER-NOTES: {""Allyson""=>[""May be duplicative if we include the same analyses as this meta-analysis.""]}",https://dx.doi.org/10.19540/j.cnki.cjcmm.20190902.502,"Alpinia;Capsules;*Cognitive Dysfunction;*Dementia, Vascular;*Drugs, Chinese Herbal;Humans;Plant Extracts;0 (Alpinia oxyphylla fruit extract);0 (Capsules);0 (Drugs, Chinese Herbal);0 (Plant Extracts);Cognition",,
rayyan-883472502,Effectiveness of home based cognitive training programme on quality of life and caregiver burden among elderly persons with mild cognitive impairment in selected community settings of puducherry,2020,,,Indian Journal of Public Health Research and Development,0976-0245 0976-5506,11,5,360-363,"Govindakumari, R. and Vijayalakshmi and Goothy, S. S. K. and Raghvan, V.",http://medicopublication.com/index.php/ijphrd http://ovidsp.ovid.com/ovidweb.cgi?T=JS&PAGE=reference&D=emed21&NEWS=N&AN=2004604231,English,,,"Ageing is a complex process that decreases the ability of different body systems. It effects both physical and psychological functions and decreases the quality of life. When elderly people were weak physically, this will increase the caregiver burden. Home based cognitive therapy was found to be effective in the management of cognitive functions in the elderly patients. The present study was conducted at selected community settings of Puducherry.A total of 314 elderly participants were recruited for the study after obtaining the written informed consent.After recruiting, the participants were randomly grouped into two groups that is control and intervention groups with 157 participants in each group. Home based cognitive training program was administered to the intervention group individuals. The results of the study supports that the home based cognitive training programme is beneficial in the management of elderly population with mild cognitive impairment. There was significant improvement in the quality of life of the elderly patients and also significant decrease in the care givers burden followed by the intervention. The study recommends further detailed studies in this area to adopt the home based cognitive training programme along with routine medical treatment.Copyright © 2020, Indian Journal of Public Health Research and Development. All rights reserved. (Embase Ovid 21/09/2022) 1255","RAYYAN-INCLUSION: {""Allyson""=>""Included"", ""Xinruo""=>""Included"", ""Yao""=>""Included"", ""Sree Mangala""=>""Included""}",,aged;aging;article;*caregiver burden;*cognition;cognitive defect;controlled study;exercise;experimental study;human;intervention study;major clinical study;*mild cognitive impairment/th [Therapy];*mild cognitive impairment/rh [Rehabilitation];Mini Mental State Examination;Puducherry;*quality of life;*training;very elderly;visual attention;Quality of Life;Cognition;Caregivers,,
rayyan-883472503,The effectiveness of a virtual reality-based tai chi exercise on cognitive and physical function in older adults with cognitive impairment,2019,,,Dementia and Geriatric Cognitive Disorders,1420-8008 1421-9824,46,5,358-370,"Hsieh, C. C. and Lin, P. S. and Hsu, W. C. and Wang, J. S. and Huang, Y. C. and Lim, A. Y. and Hsu, Y. C.",https://www.karger.com/journals/dem/dem_jh.htm http://ovidsp.ovid.com/ovidweb.cgi?T=JS&PAGE=reference&D=emed20&NEWS=N&AN=625580399,English,,,"Background: Tai Chi (TC) is a Chinese mind-body exercise with proven physical and psychological benefits. A modified TC via virtual reality (VR) may be suitable for the elderly owing to the immediate guidance and feedback regarding movement accuracy. This study explored the cognitive and physical effects of a VR-based TC (VRTC) exercise program on older adults with cognitive impairment (CI). Method(s): Sixty older adults with CI were cluster-assigned to either the VRTC or the control group; the intervention was conducted twice weekly for 6 months. Outcomes included cognitive and physical functions. The movement accuracy score and attendance were recorded. Generalized estimating equation (GEE) and multiple regression analyses were performed. Result(s): Adjusted GEE analysis showed significant interaction effects in the 6-min walk test, 30-s sit-to-stand test, functional reach, 5-m gait speed, and abstract thinking and judgment. Overall, medium to large effect sizes (d = 0.50-0.82) were found in favor of the VRTC group. The average movement accuracy score in the first 3 months significantly predicted improvement in cognitive performance (p = 0.011). Conclusion(s): The VRTC exercise posed a protective effect for some cognitive and physical functions in older adults with CI. The more engaging the program, the greater the improvement in the cognitive performance.Copyright © 2018 S. Karger AG, Basel. (Embase Ovid 21/09/2022) 2096","RAYYAN-INCLUSION: {""Allyson""=>""Excluded"", ""Xinruo""=>""Excluded"", ""Yao""=>""Excluded"", ""Sree Mangala""=>""Excluded""} | RAYYAN-EXCLUSION-REASONS: Study design (not randomised)",https://dx.doi.org/10.1159/000494659,adult;aged;article;clinical effectiveness;clinical trial;*cognition;*cognitive defect;controlled study;decision making;effect size;exercise test;female;health program;human;major clinical study;male;multiple regression;outcome assessment;patient attendance;patient compliance;*physical performance;priority journal;scoring system;six minute walk test;*Tai Chi;thinking;treatment duration;*virtual reality;walking speed;movement accuracy score;sit-to-stand test;*virtual reality based tai chi exercise;Cognition,,
rayyan-883472504,Effects of a modified Tai Chi program on older people with mild dementia: A randomized controlled trial,2019,,,Journal of Alzheimer's Disease,1387-2877,72,3,947-956,"Huang, Nayan and Li, Wenjie and Rong, Xiangjiang and Champ, Mei and Wei, Lian and Li, Mo and Mu, Haiyan and Hu, Yueqing and Ma, Zongjuan and Lyu, Jihui",http://ovidsp.ovid.com/ovidweb.cgi?T=JS&PAGE=reference&D=psyc16&NEWS=N&AN=2020-04180-024,English,,,"Background: Tai Chi exercise is a non-pharmacological therapy that has received increased attention in recent years. A Tai Chi program has been specifically modified for older people with cognitive impairments by the research team. Objective: We aim to assess the effects of this Tai Chi program on mild dementia. Methods: Eighty older people with mild dementia were recruited and randomly assigned to a Tai Chi group or a control group. The Tai Chi group practiced the Tai Chi program three times a week for 10 months, while the control group continued receiving routine treatments. All participants were assessed for cognitive function, behavior/mood, and activities of daily living at baseline, 5 months, and 10 months. Results: The Tai Chi group performed better than the control group. Repeated measures ANOVA revealed a significant group x time interaction in the Montreal Cognitive Assessment (MoCA). Further analysis of sub-items of the MoCA showed a significant time effect in naming and abstraction. It was statistically significant in both main effect of time and group x time interaction in the Neuropsychiatric Inventory (NPI) and Geriatric Depression Scale (GDS). Paired sample t test showed the Tai Chi group scored lower at 5 and 10 months in the NPI and at 10 months in the GDS compared with baseline. The Tai Chi group scored lower than the control group at 10 months in the NPI and GDS. Conclusion: The results suggest this Tai Chi program may help improve cognitive function and mental well-being for older adults with mild dementia. (PsycInfo Database Record (c) 2021 APA, all rights reserved) (PsycINFO Ovid 21/09/2022) 3021","RAYYAN-INCLUSION: {""Allyson""=>""Included"", ""Xinruo""=>""Included"", ""Yao""=>""Included"", ""Sree Mangala""=>""Included""} | RAYYAN-LABELS: full text not available",https://dx.doi.org/10.3233/JAD-190487,*Aging;*Cognitive Ability;*Dementia;*Exercise;*Martial Arts;Cognitive Impairment;Teams;Randomized Controlled Trials;Dementia,,
rayyan-883472505,Outcomes of perilla seed oil as an additional neuroprotective therapy in patients with mild to moderate dementia: A randomized control trial,2019,,,Current Alzheimer Research,1567-2050,16,2,146-155,"Kamalashiran, Chuntida and Sriyakul, Kusuma and Pattaraarchachai, Junya and Muengtaweepongsa, Sombat",http://ovidsp.ovid.com/ovidweb.cgi?T=JS&PAGE=reference&D=psyc16&NEWS=N&AN=2019-24864-007,English,,,"Background: Dementia is a common medical disorder in the elderly. Oxidative stress plays a major role in the process of cognitive decline in dementia. Perilla seed oil demonstrates its neuroprotective effects via anti-oxidative mechanisms against dementia. We investigate neuroprotective effects of perilla seed oil as an additional treatment in patients with mild to moderate dementia. Method: A double-blind, randomized-control trial (perilla seed oil versus placebo) in patients with mild to moderate dementia was conducted. Perilla seed oil or placebo was added on with standard treatment for six months. Cognitive function was compared at nine months after enrollment. Result: 182 patients, with 94 in the experimental group and 88 in the placebo group, were able to complete the study. Cognitive function is not significantly different compared between groups. However, the total cholesterol and LDL cholesterol were significantly lower in the experimental group. Perilla seed oil had no adverse effect to kidney, liver, blood components or glucose metabolism. Conclusion: Perilla seed oil as additional neuroprotective therapy in patients with mild to moderate dementia does not improve cognitive function. Perilla seed oil significantly reduced total cholesterol and LDL cholesterol. A clinical trial is needed to prove the benefit of cholesterol-lowering effects with perilla seed oil in human. (PsycInfo Database Record (c) 2021 APA, all rights reserved) (PsycINFO Ovid 21/09/2022) 3110","RAYYAN-INCLUSION: {""Allyson""=>""Included"", ""Xinruo""=>""Included"", ""Yao""=>""Included"", ""Sree Mangala""=>""Included""}",https://dx.doi.org/10.2174/1567205016666181212153720,*Alternative Medicine;*Dementia;*Parkinson's Disease;*Neuroprotection;Cholesterol;Cognitive Ability;Placebo;Oxidative Stress;Randomized Controlled Trials;Neuroprotective Agents;Dementia,,
rayyan-883472506,"Effect of Exercise on Cognition, Conditioning, Muscle Endurance, and Balance in Older Adults With Mild Cognitive Impairment: A Randomized Controlled Trial",2019,,,Journal of Geriatric Physical Therapy,1539-8412,42,2,E15-E22,"Langoni, Ch and Silveira, ra da and Resende, Thais de Lima and Barcellos, Andressa Bombardi and Cecchele, Betina and Knob, Mateus Soares and Silva, Tatiane do Nascimento and da Rosa, Juliana Nunes and Diogo, Tamiris de Souza and Filho, Irenio Gomes da Silva and Schwanke, Carla Helena Augustin",https://search.ebscohost.com/login.aspx?direct=true&db=rzh&AN=136136450&site=ehost-live,,,,"Background and Purpose: Mild cognitive impairment (MCI) may be a precursor to dementia; however, its progression may be prevented or slowed with exercise. This study aimed at determining the effects of group aerobic and strength training on cognition, conditioning, muscle endurance, and balance in underprivileged community-dwelling older adults with MCI. Methods: This was a single-blind, randomized, and matched-pair controlled (gender, age, body mass index, and Addenbrooke's Cognitive Examination—Revised for MCI diagnosis) clinical trial. It was developed in 4 community centers. Fifty-two sedentary, functionally independent individuals, aged 60 years or more, with MCI were randomized into intervention group (n = 26) and control group (n = 26). Participants were tested before and after a 24-week exercise program. Sociodemographic characteristics, cognition (Mini-Mental State Examination), conditioning (2-minute stationary walk test), lower-limb endurance (30-second sit/stand test), and balance data (Functional Reach test) were collected. The intervention group walked and exercised twice weekly (60 minutes each) using ankle weights, latex resistance bands, and dumbbells. The exercise load and intensity were regularly increased on the basis of a preestablished incremental number of sets and repetitions and on the basis of the participants' correct movement execution with a given load. Data were analyzed with Pearson χ2 test, Fisher exact test, Student t test, Mann-Whitney U test, 2-way repeated measures analysis of variance, and the Cohen d. Results and Discussion: Before the intervention, no significant differences were found between groups for any of the variables. Postintervention, significant differences were observed in cognition, conditioning, muscle endurance, and balance. Significant time-by-group interactions were detected in all the intergroup analyses. The improvements observed in the intervention group had medium to large effect sizes (0.35-1.15). The control group's decrease in cognition (13.9%) had a large effect size, while its Functional Reach test decrease (11.4%) had a medium effect size, with no significant change in conditioning or muscle endurance. Conclusion: The training program improved cognitive function, muscle endurance, aerobic conditioning, and balance in older adults with MCI. (CINAHL 21/09/2022) 3451","RAYYAN-INCLUSION: {""Allyson""=>""Included"", ""Xinruo""=>""Included"", ""Yao""=>""Included"", ""Sree Mangala""=>""Included""}",10.1519/JPT.0000000000000191,"Cognition Disorders;Rehabilitation;In Old Age;Exercise Physiology;Conditioning, Cardiopulmonary;Muscle Strength;Balance, Postural;Cognition;Human;Male;Female;Middle Age;Aged;Aged, 80 and Over;Randomized Controlled Trials;Random Assignment;Aerobic Exercises;Muscle Strengthening;Community Living;Single-Blind Studies;Matched-Pair Analysis;Clinical Assessment Tools;Pretest-Posttest Design;Pearson's Correlation Coefficient;Chi Square Test;Fisher's Exact Test;T-Tests;Mann-Whitney U Test;Two-Way Analysis of Variance;Repeated Measures;Effect Size;Public Health;Primary Health Care;Brazil;Functional Assessment Inventory;Questionnaires;Psychological Tests;Descriptive Statistics;Data Analysis Software;Wilcoxon Rank Sum Test;Post Hoc Analysis",,
rayyan-883472507,"The effects of six months Persicaria minor extract supplement among older adults with mild cognitive impairment: a double-blinded, randomized, and placebo-controlled trial",2020,10,19,BMC Complementary Medicine and Therapies,2662-7671,20,1,315,"Lau, H. and Shahar, S. and Mohamad, M. and Rajab, N. F. and Yahya, H. M. and Din, N. C. and Hamid, H. A.",https://ovidsp.ovid.com/ovidweb.cgi?T=JS&CSC=Y&NEWS=N&PAGE=fulltext&D=med18&AN=33076878http://pmt-eu.hosted.exlibrisgroup.com/openurl/44LSE/44LSE_services_page?sid=OVID:medline&id=pmid:33076878&id=doi:10.1186%2Fs12906-020-03092-2&issn=2662-7671&isbn=&volume=20&issue=1&spage=315&pages=315&date=2020&title=BMC+Complementary+Medicine+and+Therapies&atitle=The+effects+of+six+months+Persicaria+minor+extract+supplement+among+older+adults+with+mild+cognitive+impairment%3A+a+double-blinded%2C+randomized%2C+and+placebo-controlled+trial.&aulast=Lau,,,,"BACKGROUND: Persicaria minor extract exhibits antioxidant and anti-inflammatory properties and has potential effects on cognitive function and mood. However, the effects of P.minor on brain activation and biomarkers have not been studied among older adults. This multicentre, randomized, double-blinded, placebo-controlled study aimed to investigate the effect of 6 months P.minor extract supplement (Biokesum R) on cognition, mood, biomarkers, and brain activation among older adults with Mild Cognitive Impairment (MCI). METHOD: A total of 36 Malaysian community-dwelling older adults with MCI (60-75-year-old) were randomized into Biokesum R (n = 18) and placebo group (n = 18). Each subject consumed one capsule of Biokesum R (250 mg/capsule) or placebo (maltodextrin, 280 mg/capsule) twice daily for 6 months. Cognitive function and mood were assessed at baseline, 3rd, and 6th-month using neuropsychological tests (MMSE, Digit Span, RAVLT, Digit Symbol, and Visual Reproduction) and Profile of Mood State (POMS) questionnaire. Blood lipid profile, fasting blood glucose, and biomarkers (MDA, LPO, COX-2, iNOS, and BDNF) were measured at baseline and 6th month. By the end of the intervention, there were 30 compliers (Biokesum R: N = 15; Placebo: N = 15) and 6 dropouts. For brain activation assessment, 15 subsamples (Biokesum R: N = 8; Placebo: N = 7) completed N-back and Stroop tasks during fMRI scanning at baseline and 6th month. The dorsolateral prefrontal cortex (Brodmann's area 9 and 46) was identified as a region of interest (ROI) for brain activation analysis using SPM software. RESULTS: Two-way mixed ANOVA analysis showed significant improvements in Visual Reproduction II (p = 0.012, partial eta2 = 0.470), tension (p = 0.042, partial eta2 = 0.147), anger (p = 0.010, partial eta2 = 0.207), confusion (p = 0.041, partial eta2 = 0.148), total negative subscales (p = 0.043, partial eta2 = 0.145), BDNF (p = 0.020, partial eta2 = 0.179) and triglyceride (p = 0.029, partial eta2 = 0.237) following 6 months of Biokesum R supplementation. Preliminary finding also demonstrated significant improvement at 0-back task-induced right DLPFC activation (p = 0.028, partial eta2 = 0.652) among subsamples in Biokesum R group. No adverse events were reported at the end of the study. CONCLUSION: Six months Biokesum R supplementation potentially improved visual memory, negative mood, BDNF, and triglyceride levels among older adults with MCI. Significant findings on brain activation at the right DPLFC must be considered as preliminary. TRIAL REGISTRATION: Retrospectively registered on 30th August 2019 [ ISRC TN12417552 ]. (Medline Ovid 21/09/2022) 470","RAYYAN-INCLUSION: {""Allyson""=>""Included"", ""Xinruo""=>""Included"", ""Yao""=>""Included"", ""Sree Mangala""=>""Included""}",https://dx.doi.org/10.1186/s12906-020-03092-2,*Affect/de [Drug Effects];Aged;Biomarkers/bl [Blood];*Cognitive Dysfunction/dt [Drug Therapy];*Dietary Supplements;Double-Blind Method;Female;Humans;Magnetic Resonance Imaging;Male;Middle Aged;Neuropsychological Tests;*Plant Extracts/tu [Therapeutic Use];Prefrontal Cortex/dg [Diagnostic Imaging];Prefrontal Cortex/de [Drug Effects];Stroop Test;0 (Biomarkers);0 (Plant Extracts);Cognition,,
rayyan-883472508,Clinical study on Compound Haishe Capsules combined with huperzine A in treatment of Alzheimer's disease,2019,,,Drugs and Clinic,1674-5515,34,8,2347-2351,"Li, Shuai and He, ChaoMing and Huang, LiangPing and Li, Ai and Chen, YingXian",http://www.tiprpress.com/xdywlc/ch/index.aspx,Chinese,,,"Objective: To study the effect of Compound Haishe Capsules combined with Huperzine A Tablets in treatment of Alzheimer's disease. Methods: Patients (126 cases) with Alzheimer's disease in Wenchang People's Hospital from January 2016 to January 2019 were randomly divided into control and treatment groups, and each group had 63 cases. Patients in the control group were po administered with Huperzine A Tablets, 2 tablets/time, twice daily. Patients in the treatment group were po administered with Compound Haishe Capsules on the basis of the control group, 3 grains/time, three times daily. Patients in two groups were treated for 6 months. After treatment, the clinical efficacies were evaluated, and ADL scores, MMSE scores, CDR scores, the MFV and the PI of BA and MCA, and the serum levels of inflammatory factors in two groups were compared. Results: After treatment, the clinical efficacies in the control and treatment groups were 79.37% and 93.65%, respectively, and there was difference between two groups (P<0.05). After treatment, the MMSE scores and the ADL scores in two groups were significantly increased, but the CDR scores in two groups were significantly decreased, and the difference was statistically significant in the same group (P<0.05). And the observational indexes in the treatment group were significantly better than those in the control group, with significant difference between two groups (P<0.05). After treatment, the MFV of BA and MCA in two groups were significantly increased, but the PI of BA and MCA in two groups were significantly decreased, and the difference was statistically significant in the same group (P<0.05). And the MFV and the PI of BA and MCA in the treatment group were significantly better than those in the control group, with significant difference between two groups (P<0.05). After treatment, the levels of IL-6, hs-CRP, and MDA in two groups were significantly decreased, and the difference was statistically significant in the same group (P<0.05). And the serum levels of inflammatory factors in the treatment group were significantly lower than those in the control group, with significant difference between two groups (P<0.05). Conclusion: Compound Haishe Capsules combined with Huperzine A Tablets has clinical curative effect in treatment of Alzheimer's disease, can improve clinical symptoms and cerebral hemodynamic indexes, and reduce the serum levels of inflammatory factors, with good safety, which has a certain clinical application value. (Global Health Ovid 21/09/2022) 2734","RAYYAN-INCLUSION: {""Allyson""=>""Included"", ""Xinruo""=>""Included"", ""Yao""=>""Included"", ""Sree Mangala""=>""Included""} | RAYYAN-LABELS: foreign language",,alkaloids;Alzheimer's disease;C-reactive protein;clinical trials;haemodynamics;herbal drugs;human diseases;inflammation;interleukin 6;malondialdehyde;pharmacology;safety;sesquiterpenes;symptoms;Alzheimer Disease,,
rayyan-883472509,"The effect of reminiscence therapy on cognitive functions, depression, and quality of life in Alzheimer patients: Randomized controlled trial",2019,10,1,International Journal of Geriatric Psychiatry,1099-1166,34,1,47-53,"Lok, N. and Bademli, K. and Selcuk-Tosun, A.",https://ovidsp.ovid.com/ovidweb.cgi?T=JS&CSC=Y&NEWS=N&PAGE=fulltext&D=med16&AN=30246408http://pmt-eu.hosted.exlibrisgroup.com/openurl/44LSE/44LSE_services_page?sid=OVID:medline&id=pmid:30246408&id=doi:10.1002%2Fgps.4980&issn=0885-6230&isbn=&volume=34&issue=1&spage=47&pages=47-53&date=2019&title=International+Journal+of+Geriatric+Psychiatry&atitle=The+effect+of+reminiscence+therapy+on+cognitive+functions%2C+depression%2C+and+quality+of+life+in+Alzheimer+patients%3A+Randomized+controlled+trial.&aulast=Lok,,,,"BACKGROUND: Alzheimer is a disease leading to various neuropsychiatric behavioral disorders, and the most common symptom observed during the prognosis of Alzheimer's disease is dysmnesia. The aim of the present study is to investigate the effect of reminiscence therapy on cognitive functions, depression, and quality of life in Alzheimer's patients. METHODS: The present study was a randomized controlled single blind study with two groups, which was designed in the experimental pretest-posttest pattern in the city of Konya, Turkey. It was decided to include a total of 60 elderly individuals. Information form that evaluated socio-demographic characteristics and disease history of individuals in intervention and control groups and was developed by the researcher. Standardized Mini-Mental State Examination (SMMSE), Cornell Scale for Depression in Dementia, and the Quality of Life in Alzheimer's Disease (QOL-AD) Scale were used to collect the data. Reminiscence therapy was applied once a week and lasted for 8 weeks. Every session took 60 minutes. Groups consisted of six people. RESULTS: Mini-Mental Test, depression, and quality of life mean scores of the elderly in intervention group before reminiscence therapy program increased after the administration, and the difference was statistically significant (P < 0.05). In the intergroup comparison, a significant difference was found between elderly individuals' posttest Mini-Mental Test, depression, and quality of life mean scores (P < 0.05). CONCLUSIONS: Our results suggest that regular reminiscence therapy should be considered for inclusion as routine care for the improvement of cognitive functions, depressive symptoms, and quality of life in elderly people with Alzheimer. Copyright © 2018 John Wiley & Sons, Ltd. (Medline Ovid 21/09/2022) 383","RAYYAN-INCLUSION: {""Allyson""=>""Included"", ""Xinruo""=>""Included"", ""Yao""=>""Included"", ""Sree Mangala""=>""Included""}",https://dx.doi.org/10.1002/gps.4980,"Aged;Aged, 80 and over;Alzheimer Disease/px [Psychology];*Alzheimer Disease/th [Therapy];Analysis of Variance;*Cognition/ph [Physiology];*Depressive Disorder/th [Therapy];Female;Humans;Male;Memory;*Psychotherapy/mt [Methods];*Quality of Life/px [Psychology];Single-Blind Method;Turkey;Quality of Life;Cognitive Therapy",,
rayyan-883472510,"Effects of the cognitive stimulation therapy based on Roy's adaptation model on Alzheimer's patients' cognitive functions, coping‐adaptation skills, and quality of life: A randomized controlled trial",2020,,,Perspectives in Psychiatric Care,0031-5990,56,3,581-592,"Lok, Neslihan and Buldukoglu, Kadriye and Barcin, Ebru",https://search.ebscohost.com/login.aspx?direct=true&db=rzh&AN=144313406&site=ehost-live,,,,"Purpose: This study aims to specify the effects of Cognitive Stimulation Therapy based on Roy's adaptation model (RAM) on Alzheimer's patients' coping and adaptation skills, cognitive functions, and quality of life (QOL). Design and methods: This is an experimental and randomized controlled trial. Patients in the experimental group received cognitive stimulation therapy (CST) based on RAM. Findings: The cognitive function level of the experimental group was found to be higher than that of the control group at the end of the measurements (performed in the 7th week); the difference was found to be statistically significant (P <.05). In the experimental group, dimensions of troubleshooting and focusing, making physical decisions, attention processing, systematizing, learning, and establishing relationships were found to be better than those of the control group after the application, and the difference was found to be statistically significant (P <.05). However, after the application, QOL of the experimental group was found to be better than that of the control group following the measurements; the difference was found to be statistically significant (P <.05). Practice implications: Psychiatric nurses should evaluate the patients using Standardize Mini‐Mental Test Examination before applying RAM‐based CST, and they should apply CST to early‐ and mid‐stage Alzheimer's disease (AD) patients at the end of the evaluation and work with groups consisting of six persons at most. Since the cognitive functions of individuals with AD decline from the first stage, coping‐adaptation, and QOL levels will also be affected, so it is recommended to evaluate the cognitive functions, coping‐adjustment and QOL levels of individuals before applying RAM‐based CST. Trial registration number: NCT02229474 (CINAHL 21/09/2022) 3198","RAYYAN-INCLUSION: {""Allyson""=>""Included"", ""Xinruo""=>""Included"", ""Yao""=>""Included"", ""Sree Mangala""=>""Included""}",10.1111/ppc.12472,"Cognitive Therapy;Alzheimer's Disease;Therapy;Psychiatric Patients;Quality of Life;Coping;Adaptation, Psychological;Roy Adaptation Model;Cognition;Treatment Outcomes;Human;Psychiatric Nursing;Funding Source;Questionnaires;Experimental Studies;Randomized Controlled Trials;Random Assignment;Pretest-Posttest Design;Turkey;Scales;Coefficient Alpha;Descriptive Statistics;Paired T-Tests;Mann-Whitney U Test;Wilcoxon Rank Sum Test;Male;Female",,
rayyan-883472511,A Systematic Review and Meta-Analysis of Nonpharmacological Interventions for Moderate to Severe Dementia,2019,5,,Psychiatry Investigation,1738-3684,16,5,325-335,"Na, R. and Yang, J. H. and Yeom, Y. and Kim, Y. J. and Byun, S. and Kim, K. and Kim, K. W.",https://ovidsp.ovid.com/ovidweb.cgi?T=JS&CSC=Y&NEWS=N&PAGE=fulltext&D=pmnm4&AN=31132836http://pmt-eu.hosted.exlibrisgroup.com/openurl/44LSE/44LSE_services_page?sid=OVID:medline&id=pmid:31132836&id=doi:10.30773%2Fpi.2019.02.11.2&issn=1738-3684&isbn=&volume=16&issue=5&spage=325&pages=325-335&date=2019&title=Psychiatry+Investigation&atitle=A+Systematic+Review+and+Meta-Analysis+of+Nonpharmacological+Interventions+for+Moderate+to+Severe+Dementia.&aulast=Na,,,,"OBJECTIVE: Due to limited efficacy of medications, non-pharmacological interventions (NPI) are frequently co-administered to people with moderate to severe dementia (PWMSD). This systematic review and meta-analysis investigated the effects of NPI on activities of daily living (ADL), behavioral and psychological symptoms of dementia (BPSD), and cognition and quality of life (QoL) of PWMSD. METHODS: A literature search was conducted in the following databases: Cochrane CENTRAL, EMBASE, Medline, CIHNAL, PsycINFO, KoreaMED, KMbase, and KISS. We conducted a meta-analysis on randomized controlled trials and used the generic inverse variance method with a fixed-effects model to calculate the standardized mean difference (SMD). The protocol had been registered (CRD42017058020). RESULTS: Ten randomized controlled trials met the inclusion criteria of the current meta-analysis. NPI were effective in improving ADL [SMD=0.28, 95% confidence interval (CI)=0.11-0.45] and reducing depression (SMD=-0.44, 95% CI=-0.70- -0.19). However, NPI were not effective in reducing agitation, anxiety, or overall, or improving cognitive function. In a subgroup analysis, music therapy was effective in reducing overall BPSD (SMD=-0.52, 95% CI=-0.90- -0.13). CONCLUSION: Albeit the number of studies was limited, NPI improved ADL and depression in PWMSD. (Medline Ovid 21/09/2022) 1044","RAYYAN-INCLUSION: {""Allyson""=>""Excluded"", ""Xinruo""=>""Excluded"", ""Yao""=>""Excluded"", ""Sree Mangala""=>""Excluded""} | RAYYAN-EXCLUSION-REASONS: Setting (not low- and middle-income country) | USER-NOTES: {""Allyson""=>[""South Korea - Not LMIC""]}",https://dx.doi.org/10.30773/pi.2019.02.11.2,Dementia,,
rayyan-883472512,Action observation combined with gait training to improve gait and cognition in elderly with mild cognitive impairment A randomized controlled trial,2020,4,,Dementia & Neuropsychologia,1980-5764,14,2,118-127,"Rojasavastera, R. and Bovonsunthonchai, S. and Hiengkaew, V. and Senanarong, V.",https://ovidsp.ovid.com/ovidweb.cgi?T=JS&CSC=Y&NEWS=N&PAGE=fulltext&D=pmnm&AN=32595880http://pmt-eu.hosted.exlibrisgroup.com/openurl/44LSE/44LSE_services_page?sid=OVID:medline&id=pmid:32595880&id=doi:10.1590%2F1980-57642020dn14-020004&issn=1980-5764&isbn=&volume=14&issue=2&spage=118&pages=118-127&date=2020&title=Dementia+%26+Neuropsychologia&atitle=Action+observation+combined+with+gait+training+to+improve+gait+and+cognition+in+elderly+with+mild+cognitive+impairment+A+randomized+controlled+trial.&aulast=Rojasavastera,,,,"Owing to advancement of medical technology and current knowledge, the population has a longer life expectancy, leading to an increase in the proportion of elderly. OBJECTIVE: The study aimed to investigate the effect of action observation (AO) combined with gait training on gait and cognition in elderly with mild cognitive impairment (MCI). METHODS: Thirty-three participants were randomly allocated to action observation with gait training (AOGT), gait training (GT), and control (CT) groups. The AOGT and GT groups received a program of observation and gait training protocol with the same total duration of 65 min for 12 sessions. For the observation, the AGOT group watched a video of normal gait movement, while the GT group watched an abstract picture and the CT group received no training program. All participants were assessed for gait parameters during single- and dual-tasks using an electronic gait mat system and were assessed for cognitive level using the Montreal Cognitive Assessment (MoCA) at baseline, after training and at 1-month follow-up. RESULTS: The results showed that the AOGT group had significant improvements in gait speeds during single- and dual-tasks, as well as better MoCA score, while the GT group had significant improvement only in gait speed. CONCLUSION: The adjunct treatment of AO with gait training provides greater benefits for both gait and cognitive performances in elderly with MCI. (Medline Ovid 21/09/2022) 10","RAYYAN-INCLUSION: {""Allyson""=>""Included"", ""Xinruo""=>""Included"", ""Yao""=>""Included"", ""Sree Mangala""=>""Included""}",https://dx.doi.org/10.1590/1980-57642020dn14-020004,Gait;Cognition,,
rayyan-883472513,Development and Effect of Evidence-based Nursing Practice Guidelines for Pain Management in Patients with Dementia,2019,,,Korean Journal of Adult Nursing,1225-4886,31,2,176-189,"Ryu, Young Seun and Park, Jeong Sook",https://search.ebscohost.com/login.aspx?direct=true&db=rzh&AN=136004443&site=ehost-live,,,,"Purpose: This study aimed to develop evidence-based nursing practice guidelines for pain management in patients with dementia and to verify their effects. Methods: Guidelines were developed according to the Clinical Practice Guideline Adaptation Manual. Additionally the quality of six guidelines was evaluated using the AGREE (Appraisal of Guidelines for Research & Evaluation) tool. Subsequently, the guidelines were translated into Korean and a preliminary set of guidelines was established. After a group of experts confirmed the content validity of the guidelines, the Korean version was applied to clinical settings for 4 weeks, to examine their applicability. Data was collected from April to August 2017. The dependent variables were nurses' knowledge and attitudes about pain management in patients with dementia, pain assessment frequency, use of pharmacological and nonpharmacological intervention to reduce pain, and subjective and objective pain scores of patients with dementia. Data were analyzed using an independent t-test, Mann-Whitney U test, Wilcoxon Signed Ranks test, and analysis of covariance with SPSS/WIN 22.0. Results: Nurses in the experimental group had a higher degree of knowledge and more positive attitudes regarding pain management, and they reported a higher frequency of pain assessment as compared to those in the control group. As compared to patients in the control group, those in the experimental group had more days of regular treatment with analgesics and were provided with a higher analgesics dose as well as more frequently received physical and relaxation therapies. The two groups did not show significant differences in subjective and objective pain scores. Conclusion: The present findings indicates that the evidence-based guidelines for pain management developed in this study were effective in helping nurses and patients with dementia to resolve their pain for which they were currently seeking treatment. (CINAHL 21/09/2022) 3211","RAYYAN-INCLUSION: {""Allyson""=>""Excluded"", ""Xinruo""=>""Excluded"", ""Yao""=>""Excluded"", ""Sree Mangala""=>""Excluded""} | RAYYAN-EXCLUSION-REASONS: Setting (not low- and middle-income country) | USER-NOTES: {""Allyson""=>[""South Korea - Non LMIC""]}",https://doi.org/10.7475/kjan.2019.31.2.176,"Nursing Practice, Evidence-Based;Practice Guidelines;Pain Management;Dementia Patients;Human;Nursing Knowledge;Nurse Attitudes;Pain Measurement;T-Tests;Mann-Whitney U Test;Wilcoxon Signed Rank Test;Causal Modeling;Data Analysis Software;Dementia",,
rayyan-883472514,"Effects of butylphthalide on serum levels of TNF-alpha, IL-8 and serum uric acid in the treatment of vascular congnitive impairment",2020,,,Chinese Journal of New Drugs,1003-3734,29,6,651-654,"Sun, Y. J. and Liu, N. and Li, X. and Duan, R. S.",http://www.newdrug.cn/ http://ovidsp.ovid.com/ovidweb.cgi?T=JS&PAGE=reference&D=emed21&NEWS=N&AN=2006829828,Chinese,,,"Objective: To investigate the effects of butylphthalide in the treatment of vascular congnitive impairment (VCI) and on the serum levels of tumor necrosis factor-alpha (TNF-alpha), inter leukin-8 (IL-8) and serum uric acid. Method(s): Sixty VCI patients were randomly divided into treatment group and control group, with 30 patients in each group. On the basis of routine treatment, the patients in the treatment group were treated by butylphthalide for 12 months, while the patients in the control group were given basic treatment.The therapeutic effects were evaluated by using MMSE scale and the serum levels of TNF-alpha and IL-8 were observed before treatment and at 6 and 12 months after treatment in both groups. Serum uric acid levels were measured before treatment and 3 months after treatment. Result(s): In the treatment group, the MMSE scores were obviously improved (P<0.05), and the serum levels of TNF-alpha and IL-8 were significantly decreased (P<0.05) than the control group after 6 and 12 months treatment. The serum uric acid level of the patients in the treatment group was significantly lower than that of the control group at 3 months. Conclusion(s): Butylphthalide can improve the MMSE score of VCI patients, which may be correlated with the down-regulation of the serum levels of TNF-alpha and IL-8. Butylphthalide soft capsules can significantly reduce serum uric acid levels.Copyright © 2020, Chinese Journal of New Drugs Co. Ltd. All right reserved. (Embase Ovid 21/09/2022) 1505","RAYYAN-INCLUSION: {""Allyson""=>""Included"", ""Xinruo""=>""Included"", ""Yao""=>""Included"", ""Sree Mangala""=>""Included""} | RAYYAN-LABELS: foreign language",,article;*cognitive defect/dt [Drug Therapy];controlled study;down regulation;drug efficacy;human;major clinical study;Mini Mental State Examination;protein blood level;therapy effect;uric acid blood level;*butylphthalide/dt [Drug Therapy];*butylphthalide/pd [Pharmacology];*interleukin 8/ec [Endogenous Compound];*tumor necrosis factor/ec [Endogenous Compound];*uric acid/ec [Endogenous Compound];vascular cognitive impairment/dt [Drug Therapy];Tumor Necrosis Factor-alpha,,
rayyan-883472515,Efficacy and safety of NAD+ ADP-ribosyltransferase 1 agonist versus Donepezil in elderly Chinese patients with Alzheimer disease: A novel target for effective therapy,2019,9,,Pakistan Journal of Pharmaceutical Sciences,1011-601X,32,5,2427-2432,"Wang, J. and Yang, S. and Hu, Z. and Yang, H. and Wei, D. and Wang, D. and Guo, F.",https://ovidsp.ovid.com/ovidweb.cgi?T=JS&CSC=Y&NEWS=N&PAGE=fulltext&D=med16&AN=31894029http://pmt-eu.hosted.exlibrisgroup.com/openurl/44LSE/44LSE_services_page?sid=OVID:medline&id=pmid:31894029&id=doi:&issn=1011-601X&isbn=&volume=32&issue=5&spage=2427&pages=2427-2432&date=2019&title=Pakistan+Journal+of+Pharmaceutical+Sciences&atitle=Efficacy+and+safety+of+NAD%2B+ADP-ribosyltransferase+1+agonist+versus+Donepezil+in+elderly+Chinese+patients+with+Alzheimer+disease%3A+A+novel+target+for+effective+therapy.&aulast=Wang,,,,"This pilot study designed to evaluate the efficacy and safety of NAD+ ADP-ribosyl transferase 1 (NART) agonist in comparison with Donepezil (DNP) in elderly Chinese patients with Alzheimer disease (AD). In the present clinical trial, Chinese elderly patients aged >65 years with a confirmed diagnosis of AD were enrolled. The patients received NART agonist (test, DAG-structured PKC blockers (GF109203X)) or DNP 10mg daily (reference) for 6 months. The efficacy and safety data were collected from 120 patients (60 patients in each group) every 3 weeks until 6 months. The primary endpoints were to assess the change in cognitive score from baseline in both the treatment group. The result of the present study showed that the patients treated with DNP and NART agonist have similar efficacy and safety profile. Considering the clinical benefit, improvement in sign and symptoms of was numerically greater in DNP-treated patients as compared to NART agonist. However, a statistical difference in terms of clinical benefit was similar between both the treatment groups. Overall, both the study drugs were found comparable in relieving the symptoms of AD. This indicates that NART is a potential target for the treatment of AD in China. The results of the present study may help to design a large clinical trial to evaluate the efficacy and safety of NART agonist in comparison with DNP in AD patients. (Medline Ovid 21/09/2022) 490","RAYYAN-INCLUSION: {""Allyson""=>""Included"", ""Xinruo""=>""Included"", ""Yao""=>""Included"", ""Sree Mangala""=>""Included""}",,Aged;Amyloid beta-Peptides;China;*Cholinesterase Inhibitors/tu [Therapeutic Use];*Donepezil/tu [Therapeutic Use];*Enzyme Inhibitors/tu [Therapeutic Use];Female;Humans;*Indoles/tu [Therapeutic Use];Male;*Maleimides/tu [Therapeutic Use];0 (Amyloid beta-Peptides);0 (Cholinesterase Inhibitors);0 (Enzyme Inhibitors);0 (Indoles);0 (Maleimides);8SSC91326P (Donepezil);L79H6N0V6C (bisindolylmaleimide I);Alzheimer Disease;Nitrate Reductase (NAD(P)H);FMN Reductase,,
rayyan-883472516,Effects and mediating mechanisms of a structured limbs-exercise program on general cognitive function in older adults with mild cognitive impairment: A randomized controlled trial,2020,10,,International Journal of Nursing Studies,1873-491X,110,,103706,"Wang, L. and Wu, B. and Tao, H. and Chai, N. and Zhao, X. and Zhen, X. and Zhou, X.",https://ovidsp.ovid.com/ovidweb.cgi?T=JS&CSC=Y&NEWS=N&PAGE=fulltext&D=med18&AN=32739671http://pmt-eu.hosted.exlibrisgroup.com/openurl/44LSE/44LSE_services_page?sid=OVID:medline&id=pmid:32739671&id=doi:10.1016%2Fj.ijnurstu.2020.103706&issn=0020-7489&isbn=&volume=110&issue=&spage=103706&pages=103706&date=2020&title=International+Journal+of+Nursing+Studies&atitle=Effects+and+mediating+mechanisms+of+a+structured+limbs-exercise+program+on+general+cognitive+function+in+older+adults+with+mild+cognitive+impairment%3A+A+randomized+controlled+trial.&aulast=Wang,,,,"BACKGROUND: Exercise is known to prevent cognitive decline. Sleep quality and depression symptoms, which are associated with processing speed, are considered as common mediators in the exercise-cognition putative model. However, these mediating mechanisms have not been empirically tested in an intervention study. OBJECTIVE: The aim of this study was to evaluate the effects of a structured limbs-exercise program on general cognitive function, and to test the mediating effects and mediating pathways of depressive symptoms, sleep quality and processing speed in the relationship of exercise-induced cognitive benefits. DESIGN: A two-arm and assessor-blinded randomized controlled trial. SETTINGS AND PARTICIPANTS: Community-dwelling older adults with mild cognitive impairment living in an urban area in Chifeng, China. METHODS: Participants (N=116) were randomly allocated to one of the two arms: (1) a 24-week structured limbs-exercise program (3 supervised limb exercise sessions /week, 60 min /session for the first 12 weeks and 3 unsupervised practice sessions /week, 60 min /session for the following 12 weeks) or (2) health promotion classes alone. Measures of depressive symptoms, sleep quality, processing speed, and general cognitive function were collected at baseline, 12-week, and 24-week. Multivariate analysis of variance and structural equation modeling was used to test the effectiveness and mechanisms of structured limbs-exercise-induced cognitive improvement respectively. RESULTS: The structured limbs-exercise program was beneficial for maintaining general cognitive function at 12 weeks (mean difference = 1.20, 95% CI [0.354, 2.054], p = 0.006) and at 24 weeks (mean difference = 1.59, 95% CI [0.722, 2.458], p = 0.001) in the intervention group. The results from the goodness-of-fit indices of structural equation modeling show as following: (1) The effect of structured limbs-exercise program on cognitive function was partially mediated by depressive symptoms, sleep quality, and processing speed, with 69.22% of joint mediation proportion; (2) Relative to the combined Z values of depressive symptoms and processing speed, sleep quality was more strongly related to cognitive function in the structured limbs-exercise program (Z= 9.294, p<0.01); (3) Processing speed was affected by depressive symptoms, sleep quality, and in turn, yielding a significant effect on cognitive function; and (4) Five potential mediating pathways for improvement in general cognitive function in the structured limbs-exercise intervention were identified. CONCLUSION: This study shows that this exercise program can maintain general cognitive function for older adults with mild cognitive impairment. Mediating variables include depressive symptoms, sleep quality and processing speed. Future research should continue to incorporate path-oriented intervention strategies in the exercise intervention to maximize improvements in cognitive function. Registration number: ChiCTR1800016299. Copyright © 2020. Published by Elsevier Ltd. (Medline Ovid 21/09/2022) 416","RAYYAN-INCLUSION: {""Allyson""=>""Included"", ""Xinruo""=>""Included"", ""Yao""=>""Included"", ""Sree Mangala""=>""Included""}",https://dx.doi.org/10.1016/j.ijnurstu.2020.103706,Aged;China;Cognition;Cognitive Dysfunction/pc [Prevention & Control];*Cognitive Dysfunction;Exercise;Exercise Therapy;Humans,,
rayyan-883472517,"Probiotic Bifidobacterium breve in improving cognitive functions of older adults with suspected mild cognitive impairment: a randomized, double-blind, placebo-controlled trial",2020,,,"JAD, Journal of Alzheimer's Disease",1387-2877 1875-8908,77,1,139-147,"Xiao, JinZhong and Katsumata, N. and Bernier, F. and Ohno, K. and Yamauchi, Y. and Odamaki, T. and Yoshikawa, K. and Ito, K. and Kaneko, T.",https://content.iospress.com/articles/journal-of-alzheimers-disease/jad200488,English,,,"Background: Probiotics use has been associated with modulation of inflammation and considered as a possible intervention for CNS diseases such as mild cognitive impairment (MCI) and dementia. Background: We aimed to test the effect of the probiotic strain, Bifidobacterium breve A1 (MCC1274), to restore cognition in a physically healthy, suspected MCI population. Methods: In this randomized, double-blind, placebo-controlled trial, 80 healthy older adults suffering from MCI were divided into two even groups to receive once daily either probiotic (B. breve A1, 2x1010 CFU) or placebo for 16 weeks using a computer-generated algorithm. Cognitive functions were assessed by the Repeatable Battery for the Assessment of Neuropsychological Status (RBANS) and the Japanese version of the MCI Screen (JMCIS) tests before and after the study as primary and secondary endpoints, respectively. Results: 79 participants completed the study, and no adverse events were observed. RBANS total score was significantly improved in probiotic group compared with placebo (mean between-group difference 11.3 [95% CI 6.7 to 15.8]; p < 0.0001) after 16 weeks of consumption, in particular with significant improvement in domain scores of immediate memory, visuospatial/constructional, and delayed memory (p < 0.0001), in both intention-to-treat (ITT) analysis and per-protocol (PP) analysis. JMCIS score was also improved versus placebo in ITT analysis (p = 0.052) and PP analysis (p = 0.036). Conclusion: Study results indicate B. breve A1 is a safe and effective approach for improving memory functions of suspected MCI subjects. (Global Health Ovid 21/09/2022) 2535","RAYYAN-INCLUSION: {""Allyson""=>""Excluded"", ""Xinruo""=>""Excluded"", ""Yao""=>""Excluded"", ""Sree Mangala""=>""Excluded""} | RAYYAN-EXCLUSION-REASONS: Setting (not low- and middle-income country) | USER-NOTES: {""Allyson""=>[""Tokyo - not LMIC""]}",http://dx.doi.org/10.3233/JAD-200488,randomized controlled trials;human diseases;memory;adverse effects;assessment;central nervous system;cognition;dementia;elderly;human behaviour;inflammation;mental ability;mental disorders;probiotics;psychology;cognitive performance;Bifidobacterium;Probiotics;Cognition,,
rayyan-883472518,Clinical study on Yinxing Tongzhi tablets combined with butylphthalide soft capsules in treatment of vascular mild cognitive impairment,2020,,,Drugs and Clinic,1674-5515,35,6,1089-1092,"Yang, Xu and Fan, Xin and Yang, Xi",,Chinese,,,"Objective: To investigate the clinical effect of Yinxing Tongzhi Tablets combined with Butylphthalide Soft Capsules in treatment of vascular mild cognitive impairment. Methods: Patients (102 cases) with vascular mild cognitive impairment in Tianjin Academy of Traditional Chinese Medicine Affiliated Hospital from March 2018 to November 2019 were randomly divided into control and treatment groups, and each group had 51 cases. Patients in the control group were po administered with Butylphthalide Soft Capsules, 0.2 g/time, three times daily. Patients in the treatment group were po administered with Yinxing Tongzhi Tablets on the basis of the control group, 0.15 g/time, three times daily. Patients in two groups were treated for 12 weeks. After treatment, the clinical efficacies were evaluated, and quality of life, inflammatory factor, and serum neurological indexes were compared. Results: After treatment, the total effective rate of the treatment group (94.12%) was higher than that of the control group (80.39%) (P < 0.05). After treatment, the levels of IL-6, TNF-a, and Hcy in the two groups were significantly decreased (P < 0.05). After treatment, the levels of IL-6, TNF-a, and Hcy in the treatment group were lower than those in the control group (P < 0.05). After treatment, the levels of MBP, S100beta, and NSE in the two groups were significantly decreased (P < 0.05). After treatment, the levels of MBP, S100beta and NSE in the treatment group were lower than those in the control group (P < 0.05). After treatment, the MMSE scores and ADL scores of the two groups were significantly increased (P < 0.05). After treatment, the MMSE score and ADL score of the treatment group were higher than those of the control group (P < 0.05). Conclusion: Yinxing Tongzhi Tablets combined with Butylphthalide Soft Capsules has clinical curative effect in treatment of vascular mild cognitive impairment, can improve the cognitive function and quality of life, reduce the inflammatory response and reduce the damage of nerve function, which has good clinical research value. (Global Health Ovid 21/09/2022) 2408","RAYYAN-INCLUSION: {""Xinruo""=>""Included"", ""Yao""=>""Included"", ""Sree Mangala""=>""Included""} | RAYYAN-LABELS: foreign language",http://dx.doi.org/10.7501/j.issn.1674-5515.2020.06.007,traditional Chinese medicines;herbal drugs;plant extracts;cognition;human diseases;quality of life;inflammation;interleukin 6;tumour necrosis factor;Capsules;Tablets;Cognition,,
rayyan-883472519,"A MULTICENTER, RANDOMIZED, DOUBLE-BLIND, PLACEBO-CONTROLLED CLINICAL TRIAL FOR EFFICACY OF ACETYL-L-CARNITINE IN PATIENTS WITH DEMENTIA ASSOCIATED WITH CEREBROVASCULAR DISEASE",2019,,,Alzheimer's and Dementia,1552-5260 1552-5279,15,7,P1588,"Yang, Y.",http://ovidsp.ovid.com/ovidweb.cgi?T=JS&PAGE=reference&D=emed20&NEWS=N&AN=2003375991,English,,,"Background: Acetyl-L-carnitine (ALC) is a widely used drug for various neurodegenerative diseases including dementia. The aim of the present study was to elucidate the efficacy of ALC in dementia patients with cerebrovascular disease (vascular cognitive impairment; VCI). Method(s): Fifty-six patients were randomized to treatment with 500 mg ter in die ALC, or placebo in this 28-week, double-blind, placebo-controlled trial. The primary outcome measure was the Korean version of Montreal Cognitive Assessment (MoCA-K). Result(s): Following treatment with ALC, the cognitive function measured by the MoCA-K was significantly improved in the ALC-treated groups. However, other secondary outcomes were not statistically significant between ALC- and placebo-treated groups. In MoCA-K analysis, attention and language sub-items significantly favored the ALC-treated group. Conclusion(s): Compared with placebo, treatment with ALC 1,500 mg/day produced significant changes in MoCA-K in dementia patients with VCI. ALC was well tolerated in this population. Despite the study limitations, the findings suggested the potential benefits associated with the use of ALC in dementia patients with VCI.Copyright © 2019 (Embase Ovid 21/09/2022) 2272","RAYYAN-INCLUSION: {""Allyson""=>""Excluded"", ""Xinruo""=>""Excluded"", ""Yao""=>""Excluded"", ""Sree Mangala""=>""Excluded""} | RAYYAN-EXCLUSION-REASONS: Setting (not low- and middle-income country) | USER-NOTES: {""Allyson""=>[""South Korea - not LMIC""]}",https://dx.doi.org/10.1016/j.jalz.2019.09.035,adult;attention;*cerebrovascular disease;*cognitive defect;controlled study;degenerative disease;double blind procedure;*drug efficacy;drug therapy;female;human;language;major clinical study;male;Montreal cognitive assessment;multicenter study;outcome assessment;randomized controlled trial;*levacecarnine;*placebo;conference abstract;Carnitine;Dementia,,
rayyan-883472520,The Impact of Educational Intervention on the Anxiety of Family Caregivers of the Elderly with Dementia: A Randomized Controlled Trial,2020,7,,International Journal of Community Based Nursing & Midwifery,2322-2476,8,3,234-242,"Zarepour, A. and Hazrati, M. and Kadivar, A. A.",https://ovidsp.ovid.com/ovidweb.cgi?T=JS&CSC=Y&NEWS=N&PAGE=fulltext&D=pmnm&AN=32656275http://pmt-eu.hosted.exlibrisgroup.com/openurl/44LSE/44LSE_services_page?sid=OVID:medline&id=pmid:32656275&id=doi:10.30476%2Fijcbnm.2020.81680.0&issn=2322-2476&isbn=&volume=8&issue=3&spage=234&pages=234-242&date=2020&title=International+Journal+of+Community+Based+Nursing+%26+Midwifery&atitle=The+Impact+of+Educational+Intervention+on+the+Anxiety+of+Family+Caregivers+of+the+Elderly+with+Dementia%3A+A+Randomized+Controlled+Trial.&aulast=Zarepour,,,,"BACKGROUND: Due to the increasing population of elderly and the consequent increase in the number of chronic diseases such as dementia, the psychological complications such as anxiety in the family caregivers increase. The aim of this study was to determine the effect of educational intervention on the anxiety of family caregivers of the elderly people with dementia. METHODS: This randomized controlled trial was performed in the elderly Neurology Clinics in Shiraz from May to August 2017. This study was conducted on 70 families with elderly people with dementia who were randomly divided into an intervention (receiving in groups for seven sessions of educational intervention) and a control group (Conventional care). Data collection tool was Spielberger's Anxiety Inventory (40-items, score=20-80). Data were analyzed by SPSS version 21 using ANOVA test with repeated measures and independent t-test. RESULTS: One and three months after the interventions, the mean scores of anxiety in the intervention group were 70.51+/-3.78 and 70.31+/-3.43 and in the control groups they were 76.45+/-3.45 and 76.22+/-5.08 respectively. The results showed significant differences between the two groups regarding anxiety after the intervention (P<0.001). CONCLUSION: Educational programs held to promote and maintain the physical and mental health of caregivers could reduce the anxiety of family caregivers of the elderly with dementia. Trial Registration Number: IRCT2017080915426N4. Copyright: © International Journal of Community Based Nursing and Midwifery. (Medline Ovid 21/09/2022) 632","RAYYAN-INCLUSION: {""Allyson""=>""Included"", ""Xinruo""=>""Included"", ""Yao""=>""Included"", ""Sree Mangala""=>""Included""}",https://dx.doi.org/10.30476/ijcbnm.2020.81680.0,Dementia;Anxiety,,
rayyan-883472521,Effects of traditional Chinese exercise on cognitive and psychological outcomes in older adults with mild cognitive impairment: A systematic review and meta-analysis,2019,2,,Medicine,1536-5964,98,7,e14581,"Zhang, Q. and Hu, J. and Wei, L. and Cao, R. and Ma, R. and Song, H. and Jin, Y.",https://ovidsp.ovid.com/ovidweb.cgi?T=JS&CSC=Y&NEWS=N&PAGE=fulltext&D=med16&AN=30762810http://pmt-eu.hosted.exlibrisgroup.com/openurl/44LSE/44LSE_services_page?sid=OVID:medline&id=pmid:30762810&id=doi:10.1097%2FMD.0000000000014581&issn=0025-7974&isbn=&volume=98&issue=7&spage=e14581&pages=e14581&date=2019&title=Medicine&atitle=Effects+of+traditional+Chinese+exercise+on+cognitive+and+psychological+outcomes+in+older+adults+with+mild+cognitive+impairment%3A+A+systematic+review+and+meta-analysis.&aulast=Zhang,,,,"BACKGROUND: Mild cognitive impairment (MCI) can be a stage of pre-dementia. Although the traditional Chinese exercise (TCE) has benefits associated with cognitive functions, the effects of the TCE on cognitive functions of older patients with MCI remain controversial. This study performs a meta-analysis to quantify the efficiency of TCE for older individuals on cognitive and psychological outcomes. METHODS: A comprehensive database search was conducted on PubMed, Embase, the Cochrane Central Register of Controlled Trials (CENTRAL), CINAHL (EBSCO), Web of Science, and four Chinese medical databases. We included trials published up to April 22, 2018, that fulfilled our inclusion and exclusion criteria. The literature was screened, the data were extracted and the methodological quality of the included trials was assessed. Meta-analyses were performed on the included data. RESULTS: A total of 803 patients from 5 trials were included in our meta-analysis. Overall, there were no significant differences in global cognitive functions (P = .06), memory (P = .11), executive function (P = .74), Verbal fluency (P = .45) and depression (P = .89) between the TCE and the control groups. However, the TCE significantly improved the visuospatial function (SMD = 0.38, 95% CI = 0.22 to 0.54; P < .001) for individuals with MCI. CONCLUSIONS: The findings of this study suggested that the TCE was associated with significant improvement in visuospatial function but did not affect the global cognitive functions, depression and other specific cognitive domains. There is a lack of clear evidence for effects of TCE; further large, rigorously designed studies are needed. (Medline Ovid 21/09/2022) 478","RAYYAN-INCLUSION: {""Allyson""=>""Excluded"", ""Xinruo""=>""Excluded"", ""Yao""=>""Excluded"", ""Sree Mangala""=>""Excluded""} | RAYYAN-EXCLUSION-REASONS: Publication type (systematic review and meta-analysis) | USER-NOTES: {""Allyson""=>[""Could be duplicative if we include the underlying studies.""]}",https://dx.doi.org/10.1097/MD.0000000000014581,"Aged;Aged, 80 and over;China;Clinical Trials as Topic;Cognition/ph [Physiology];*Cognitive Dysfunction/th [Therapy];Depression/th [Therapy];Executive Function/ph [Physiology];Exercise;*Exercise Therapy/mt [Methods];Female;Humans;Male;Memory/ph [Physiology];Middle Aged;Cognition",,
rayyan-883472522,Efficacy and safety of butylphthalide as adjunctive therapy for vascular dementia: A protocol for systematic review and meta-analysis,2020,11,13,Medicine,1536-5964,99,46,e23236,"Zhou, L. and Yang, R. and Wu, F.",https://ovidsp.ovid.com/ovidweb.cgi?T=JS&CSC=Y&NEWS=N&PAGE=fulltext&D=med18&AN=33181711http://pmt-eu.hosted.exlibrisgroup.com/openurl/44LSE/44LSE_services_page?sid=OVID:medline&id=pmid:33181711&id=doi:10.1097%2FMD.0000000000023236&issn=0025-7974&isbn=&volume=99&issue=46&spage=e23236&pages=e23236&date=2020&title=Medicine&atitle=Efficacy+and+safety+of+butylphthalide+as+adjunctive+therapy+for+vascular+dementia%3A+A+protocol+for+systematic+review+and+meta-analysis.&aulast=Zhou,,,,"BACKGROUND: Butylphthalide is widely used for the adjunctive treatment of vascular dementia; however, the clinical evidences are not well synthesized yet. METHODS: We proposed a systematic review and meta-analysis to evaluate the efficacy and safety of butylphthalide as adjunctive therapy for vascular dementia. Seven electronic databases (China National Knowledge Infrastructure, Wanfang database, Chongqing VIP database, China Biomedical Literature Database, Pubmed, EMBASE and Cochrane library) will be searched for eligible randomized controlled trials (RCTs). Required data of included studies will be collected. Quality of studies will be evaluated using Cochrane risk of bias assessment tool. Data synthesis will be performed using Review Manager software. Subgroup analysis and sensitivity analysis will also be carried. RESULTS: Synthesis results of current available RCTs regarding the efficacy and safety of butylphthalide for the treatment vascular dementia will be provided by this systematic review and meta-analysis. CONCLUSION: This systematic review and meta-analysis will provide high level evidence of butylphthalide clinical application. Registration: Prospero crd42020168947. (Medline Ovid 21/09/2022) 483","RAYYAN-INCLUSION: {""Allyson""=>""Excluded"", ""Xinruo""=>""Excluded"", ""Yao""=>""Excluded"", ""Sree Mangala""=>""Excluded""} | RAYYAN-EXCLUSION-REASONS: Publication type (systematic review and meta-analysis)",https://dx.doi.org/10.1097/MD.0000000000023236,"Benzofurans/pd [Pharmacology];Benzofurans/st [Standards];*Benzofurans/tu [Therapeutic Use];*Clinical Protocols;*Dementia, Vascular/dt [Drug Therapy];Dementia, Vascular/pp [Physiopathology];Humans;Meta-Analysis as Topic;Platelet Aggregation Inhibitors/pd [Pharmacology];Platelet Aggregation Inhibitors/st [Standards];Platelet Aggregation Inhibitors/tu [Therapeutic Use];Randomized Controlled Trials as Topic;Systematic Reviews as Topic;Treatment Outcome;0 (Benzofurans);0 (Platelet Aggregation Inhibitors);822Q956KGM (3-n-butylphthalide);Dementia, Vascular;Dementia",,
rayyan-883472523,Saffron for mild cognitive impairment and dementia: a systematic review and meta-analysis of randomised clinical trials,2020,11,9,BMC Complementary Medicine and Therapies,2662-7671,20,1,333,"Ayati, Z. and Yang, G. and Ayati, M. H. and Emami, S. A. and Chang, D.",https://ovidsp.ovid.com/ovidweb.cgi?T=JS&CSC=Y&NEWS=N&PAGE=fulltext&D=med18&AN=33167948http://pmt-eu.hosted.exlibrisgroup.com/openurl/44LSE/44LSE_services_page?sid=OVID:medline&id=pmid:33167948&id=doi:10.1186%2Fs12906-020-03102-3&issn=2662-7671&isbn=&volume=20&issue=1&spage=333&pages=333&date=2020&title=BMC+Complementary+Medicine+and+Therapies&atitle=Saffron+for+mild+cognitive+impairment+and+dementia%3A+a+systematic+review+and+meta-analysis+of+randomised+clinical+trials.&aulast=Ayati,,,,"BACKGROUND: Saffron (stigma of Crocus sativus L.) from Iridaceae family is a well-known traditional herbal medicine that has been used for hundreds of years to treat several diseases such as depressive mood, cancer and cardiovascular disorders. Recently, anti-dementia property of saffron has been indicated. However, the effects of saffron for the management of dementia remain controversial. The aim of the present study is to explore the effectiveness and safety of saffron in treating mild cognitive impairment and dementia. METHODS: An electronic database search of some major English and Chinese databases was conducted until 31st May 2019 to identify relevant randomised clinical trials (RCT). The primary outcome was cognitive function and the secondary outcomes included daily living function, global clinical assessment, quality of life (QoL), psychiatric assessment and safety. Rev-Man 5.3 software was applied to perform the meta-analyses. RESULTS: A total of four RCTs were included in this review. The analysis revealed that saffron significantly improves cognitive function measured by the Alzheimer's Disease Assessment Scale-cognitive subscale (ADAS-cog) and Clinical Dementia Rating Scale-Sums of Boxes (CDR-SB), compared to placebo groups. In addition, there was no significant difference between saffron and conventional medicine, as measured by cognitive scales such as ADAS-cog and CDR-SB. Saffron improved daily living function, but the changes were not statistically significant. No serious adverse events were reported in the included studies. CONCLUSIONS: Saffron may have the potential to improve cognitive function and activities of daily living in patients with Alzheimer's disease and mild cognitive impairment (MCI). However, due to limited high-quality studies there is insufficient evidence to make any recommendations for clinical use. Further clinical trials on larger sample sizes are warranted to shed more light on its efficacy and safety. (Medline Ovid 21/09/2022) 988","RAYYAN-INCLUSION: {""Andra""=>""Excluded"", ""Frank""=>""Excluded"", ""Sarah ""=>""Excluded"", ""Xuan""=>""Excluded"", ""Alexis""=>""Excluded""} | RAYYAN-EXCLUSION-REASONS: Publication type (systematic review and meta-analysis)",https://dx.doi.org/10.1186/s12906-020-03102-3,*Cognitive Dysfunction/dt [Drug Therapy];*Crocus;*Dementia/dt [Drug Therapy];Humans;Mental Status and Dementia Tests;Randomized Controlled Trials as Topic;Dementia;Cognition;Crocus,,
rayyan-883472524,Montessori intervention for individuals with dementia: Feasibility study of a culturally adapted psychosocial intervention in Pakistan (MIRACLE),2020,,,BJPsych Open,2056-4724 (electronic) 2056-4724,6,4,e69,"Chaudhry, N. and Tofique, S. and Husain, N. and Couture, D. and Glasgow, P. and Husain, M. and Kiran, T. and Memon, R. and Minhas, S. and Qureshi, A. and Shuber, F. and Leroi, I.",https://www.cambridge.org/core/journals/bjpsych-open http://ovidsp.ovid.com/ovidweb.cgi?T=JS&PAGE=reference&D=emed21&NEWS=N&AN=633100829,English,,,"Background Globally, nearly two-thirds of people with dementia reside in low- and middle-income countries (LMICs), yet research on how to support people with dementia in LMIC settings is sparse, particularly regarding the management of behavioural and psychological symptoms of dementia. Understanding how best to manage these symptoms of dementia with non-specialist approaches in LMICs is critical. One such approach is a non-pharmacological intervention based on the Montessori method.Aims To evaluate the feasibility and acceptability of a culturally adapted, group-based Montessori intervention for care home residents with dementia and their study partners, who were paid care workers in Pakistan.Method This was a two-stage study: a cultural adaptation of the Montessori intervention and a single-arm, open-label, feasibility and acceptability study of 12 participant dyads. Feasibility and tolerability of the intervention and study procedures were determined through the recruitment rate, adherence to the protocol and acceptance of the intervention. Qualitative interviews were undertaken with the study partners. A pre-post exploratory analysis of ratings of behavioural and psychological symptoms of dementia, functional ability and quality of life were also conducted.Results The recruitment and retention rates of people with dementia were acceptable, and the intervention was well tolerated by participant dyads. Findings show a reduction in agitation levels and improvement in mood and interest for the activities.Conclusions Feasibility studies of low-cost, easy-to-deliver and culturally adapted interventions are essential in laying the groundwork for subsequent definitive effectiveness and/or implementation trials for dementia in LMICs, where awareness and resources for dementia are limited.Copyright © 2020 The Author(s). Published by Cambridge University Press on behalf of the Royal College of Psychiatrists. (Embase Ovid 21/09/2022) 1445","RAYYAN-INCLUSION: {""Frank""=>""Excluded"", ""Sarah ""=>""Excluded"", ""Xuan""=>""Excluded"", ""Alexis""=>""Excluded""} | RAYYAN-EXCLUSION-REASONS: Study design (not randomised)",https://dx.doi.org/10.1192/bjo.2020.49,achievement;aged;agitation;article;clinical article;clinical outcome;clinical trial;Cohen Mansfield Agitation Inventory;*dementia/th [Therapy];emotion;feasibility study;female;*group therapy;home care;human;male;motivation;open study;Pakistan;priority journal;program acceptability;program feasibility;*psychosocial care;qualitative research;quality of life;residential care;semi structured interview;Feasibility Studies;Dementia,,
rayyan-883472525,Long-term efficacy and safety of electroacupuncture on improving MMSE in patients with Alzheimer's disease,2019,1,12,Zhongguo Zhenjiu,0255-2930,39,1,3-8,"Feng, Q. and Bin, L. L. and Zhai, Y. B. and Xu, M. and Liu, Z. S. and Peng, W. N.",https://ovidsp.ovid.com/ovidweb.cgi?T=JS&CSC=Y&NEWS=N&PAGE=fulltext&D=med16&AN=30672248http://pmt-eu.hosted.exlibrisgroup.com/openurl/44LSE/44LSE_services_page?sid=OVID:medline&id=pmid:30672248&id=doi:10.13703%2Fj.0255-2930.2019.01.001&issn=0255-2930&isbn=&volume=39&issue=1&spage=3&pages=3-8&date=2019&title=Zhongguo+Zhenjiu&atitle=%5BLong-term+efficacy+and+safety+of+electroacupuncture+on+improving+MMSE+in+patients+with+Alzheimer%27s+disease%5D.&aulast=Feng,,,,"OBJECTIVE: To observe the efficacy and safety of electroacupuncture (EA) on improving mini-mental state examination (MMSE) in patients with Alzheimer's disease (AD), and to evaluate the efficacy during follow-up visit. METHODS: Forty patients were randomly divided into a treatment group and a control group, 20 patients in each one (3 patients dropped off in the treatment group and 4 patients in the control group). The patients in the treatment group were treated with acupuncture at Baihui (GV 20), Fengfu (GV 16), Shenting (GV 24), Taiyang (EX-HN 5), Shangyintang (Extra 3) and Dazhong (KI 14); besides, EA was applied at Taiyang (EX-HN 5), Baihui (GV 20) and Shenting (GV 24) with dilatational wave, 10 Hz/50 Hz in frequency, 0.5 to 5.0 mA in intensity, once every two days, three treatments per week. The patients in the control group were treated with oral administration of donepezil hydrochloride tablets, once a day, taken before sleep. The treatment was given for 12 weeks in the two groups. The MMSE was evaluated before treatment, 12 weeks+/-3 days into treatment, and 24 weeks+/-7 days after treatment, respectively. RESULTS: The difference of total score of MMSE before and 12 weeks+/-3 days into treatment was not significant between the two groups (P>0.05); the total score of MMSE after treatment was higher than that before treatment (both P<0.05); compared before treatment, the short-term memory score was increased in the treatment group (P<0.05), and the increasing range was superior to that in the control group (P<0.05). Compared before treatment, the total score of MMSE in the two groups were reduced 24 weeks +/-7 days after treatment (both P<0.05), and the reduction in the treatment group was less than that in the control group (P<0.05); the differences of short-term memory score before and after treatment was significant between the two groups (P<0.05). No adverse reaction occurred in the two groups. CONCLUSION: The effect of EA on improving MMSE in patients with AD is similar to donepezil supported by evidence-based medicine. The effect of EA may have a certain continuous effect, and may have advantages in instantaneous memory. In addition, the EA is safe. (Medline Ovid 21/09/2022) 707","RAYYAN-INCLUSION: {""Frank""=>""Included"", ""Sarah ""=>""Included"", ""Xuan""=>""Included"", ""Alexis""=>""Included""} | RAYYAN-LABELS: foreign language",https://dx.doi.org/10.13703/j.0255-2930.2019.01.001,Acupuncture Points;*Acupuncture Therapy;Alzheimer Disease/px [Psychology];Alzheimer Disease/th [Therapy];*Alzheimer Disease;Case-Control Studies;*Electroacupuncture;Humans;Mental Status and Dementia Tests;Alzheimer Disease,,
rayyan-883472526,Clinical and biological effects of long-term lithium treatment in older adults with amnestic mild cognitive impairment: Randomised clinical trial,2019,,,The British Journal of Psychiatry,0007-1250,215,5,668-674,"Forlenza, Orestes V. and Radanovic, Marcia and Talib, Leda L. and Gattaz, Wagner F.",http://ovidsp.ovid.com/ovidweb.cgi?T=JS&PAGE=reference&D=psyc16&NEWS=N&AN=2019-64773-010,English,,,"Background: Experimental studies indicate that lithium may facilitate neurotrophic/protective responses in the brain. Epidemiological and imaging studies in bipolar disorder, in addition to a few trials in Alzheimer's disease support the clinical translation of these findings. Nonetheless, there is limited controlled data about potential use of lithium to treat or prevent dementia. Aims: To determine the benefits of lithium treatment in patients with amnestic mild cognitive impairment (MCI), a clinical condition associated with high risk for Alzheimer's disease. Method: A total of 61 community-dwelling, physically healthy, older adults with MCI were randomised to receive lithium or placebo (1:1) for 2 years (double-blind phase), and followed-up for an additional 24 months (single-blinded phase) (trial registration at clinicaltrials.gov: NCT01055392). Lithium carbonate was prescribed to yield subtherapeutic concentrations (0.25-0.5 mEq/L). Primary outcome variables were the cognitive (Alzheimer's Disease Assessment Scale-cognitive subscale) and functional (Clinical Dementia Rating-Sum of Boxes) parameters obtained at baseline and after 12 and 24 months. Secondary outcomes were neuropsychological test scores; cerebrospinal fluid (CSF) concentrations of Alzheimer's disease-related biomarkers determined at 0, 12 and 36 months; conversion rate from MCI to dementia (0-48 months). Results: Participants in the placebo group displayed cognitive and functional decline, whereas lithium-treated patients remained stable over 2 years. Lithium treatment was associated with better performance on memory and attention tests after 24 months, and with a significant increase in CSF amyloid-beta peptide (Abeta1-42) after 36 months. Conclusions: Long-term lithium attenuates cognitive and functional decline in amnestic MCI, and modifies Alzheimer's disease-related CSF biomarkers. The present data reinforces the disease-modifying properties of lithium in the MCI-Alzheimer's disease continuum.Declaration of interestNone. (PsycInfo Database Record (c) 2021 APA, all rights reserved) (PsycINFO Ovid 21/09/2022) 3044","RAYYAN-INCLUSION: {""Frank""=>""Included"", ""Sarah ""=>""Included"", ""Xuan""=>""Included"", ""Alexis""=>""Included""}",https://dx.doi.org/10.1192/bjp.2019.76,*Alzheimer's Disease;*Amnesia;*Cognitive Impairment;*Drug Therapy;*Lithium;Aging;Dementia;Mild Cognitive Impairment,,
rayyan-883472527,"Efficacy of reminiscence in cognition, depressive symptoms and quality of life in institutionalized elderly: a systematic review",2019,3,28,Revista Da Escola de Enfermagem Da Usp,1980-220X,53,,e03458,"Gil, I. and Costa, P. and Parola, V. and Cardoso, D. and Almeida, M. and Apostolo, J.",https://ovidsp.ovid.com/ovidweb.cgi?T=JS&CSC=Y&NEWS=N&PAGE=fulltext&D=med16&AN=30942298http://pmt-eu.hosted.exlibrisgroup.com/openurl/44LSE/44LSE_services_page?sid=OVID:medline&id=pmid:30942298&id=doi:10.1590%2FS1980-220X2018007403458&issn=0080-6234&isbn=&volume=53&issue=&spage=e03458&pages=e03458&date=2019&title=Revista+Da+Escola+de+Enfermagem+Da+Usp&atitle=Efficacy+of+reminiscence+in+cognition%2C+depressive+symptoms+and+quality+of+life+in+institutionalized+elderly%3A+a+systematic+review.&aulast=Gil,,,,"OBJECTIVE: To identify the best available evidence on the efficacy of Reminiscence Therapy in cognition, depressive symptoms and quality of life in elderly individuals with cognitive impairment. METHOD: The methodology proposed by the Joanna Briggs Institute was used. Studies focused on group Reminiscence Therapy aimed at institutionalized elderly people with cognitive impairment aged 65 or over were considered. The critical analysis, extraction and synthesis of results was performed by two independent researchers. RESULTS: Four randomized clinical trials and two quasi-experimental studies (n=296) were included. Given the heterogeneous characteristics of studies found, it was impossible to perform a meta-analysis. Of the six studies included, two presented statistically significant results for efficacy in cognition, and three for efficacy in reducing depressive symptoms. In none of the studies was evaluated the elderly's quality of life. CONCLUSION: Reminiscence Therapy has potential efficacy for maintaining cognition and decrease of depressive symptomatology in the target population. (Medline Ovid 21/09/2022) 501","RAYYAN-INCLUSION: {""Frank""=>""Excluded"", ""Sarah ""=>""Excluded"", ""Xuan""=>""Excluded"", ""Alexis""=>""Excluded""} | RAYYAN-EXCLUSION-REASONS: Setting (not low- and middle-income country)",https://dx.doi.org/10.1590/S1980-220X2018007403458,"Aged;Cognition;*Cognitive Dysfunction/th [Therapy];*Depression/th [Therapy];Humans;Institutionalization;*Psychotherapy, Group/mt [Methods];Quality of Life;Randomized Controlled Trials as Topic",,
rayyan-883472528,Effects of Combined Physical Movement Activity and Multifaceted Cognitive Training in Older People with Mild Neurocognitive Disorder in a Rural Community: A Randomized Control Trial,2020,,,Dementia & Geriatric Cognitive Disorders,1421-9824,49,2,194-201,"Griffiths, J. and Thaikruea, L. and Wongpakaran, N. and Munkhetvit, P. and Kittisares, A. and Varnado, P.",https://ovidsp.ovid.com/ovidweb.cgi?T=JS&CSC=Y&NEWS=N&PAGE=fulltext&D=med17&AN=32535601http://pmt-eu.hosted.exlibrisgroup.com/openurl/44LSE/44LSE_services_page?sid=OVID:medline&id=pmid:32535601&id=doi:10.1159%2F000507922&issn=1420-8008&isbn=&volume=49&issue=2&spage=194&pages=194-201&date=2020&title=Dementia+%26+Geriatric+Cognitive+Disorders&atitle=Effects+of+Combined+Physical+Movement+Activity+and+Multifaceted+Cognitive+Training+in+Older+People+with+Mild+Neurocognitive+Disorder+in+a+Rural+Community%3A+A+Randomized+Control+Trial.&aulast=Griffiths,,,,"INTRODUCTION: Cognitive deterioration in older people with mild neurocognitive disorders (mNCD) increases the risk of progress to major NCD. Health professionals worldwide are trying to find strategies for prevention. There is a limited number of studies that deal with cultural conditions in northern Thailand. OBJECTIVES: This study aimed to investigate the effects of a combination of physical movement activity and multifaceted cognitive training on cognitive function in older people with mNCD. METHODS: A randomized control trial involving 70 mNCD people, according to DSM-5 criteria, was conducted on an intervention group and a control group (n = 35 each). The program for the intervention group included 24 sessions (twice a week). The outcome measures on cognitive function were assessed before and after the intervention by means of composite cognitive measures for older people, i.e., the Trail-Making Test (TMT), Digit Span (DS), Verbal Fluency (VF), Word-List Learning (WLL), and Block Design (BD). RESULTS: The combined intervention enhanced cognitive function. TMT-A was significantly improved in the intervention group. There were significant improvements in DS sequence scores, letter verbal fluency (LVF), and category verbal fluency (CVF). Comparing the groups, there were significant differences in LVF including immediate and delayed recall. BD improved significantly in the intervention group. CONCLUSIONS: The combined intervention appeared to be effective in delaying/preventing cognitive deterioration and cognitive functional decline in people with mNCD. Further studies on a variation of treatments suited to cultural conditions and their effects are needed. Trials in other communities are also recommended. Copyright © 2020 S. Karger AG, Basel. (Medline Ovid 21/09/2022) 435","RAYYAN-INCLUSION: {""Frank""=>""Included"", ""Sarah ""=>""Included"", ""Xuan""=>""Included"", ""Alexis""=>""Included""}",https://dx.doi.org/10.1159/000507922,"Aged;Aged, 80 and over;Cognition;*Cognitive Behavioral Therapy;*Cognitive Dysfunction/th [Therapy];Combined Modality Therapy;*Exercise;Female;Humans;Male;Middle Aged;Rural Population;Thailand;Trail Making Test",,
rayyan-883472529,"Treatment of dementia and mild cognitive impairment with or without cerebrovascular disease: Expert consensus on the use of Ginkgo biloba extract, EGb 761 R",2019,10,2,CNS Neuroscience & Therapeutics,1755-5949,25,2,288-298,"iah, N. and Ong, P. A. and Yuda, T. and Ng, L. L. and Mamun, K. and Merchant, R. A. and Chen, C. and Dominguez, J. and Marasigan, S. and Ampil, E. and Nguyen, V. T. and Yusoff, S. and Chan, Y. F. and Yong, F. M. and Krairit, O. and Suthisisang, C. and Senanarong, V. and Ji, Y. and Thukral, R. and Ihl, R.",https://ovidsp.ovid.com/ovidweb.cgi?T=JS&CSC=Y&NEWS=N&PAGE=fulltext&D=med16&AN=30648358http://pmt-eu.hosted.exlibrisgroup.com/openurl/44LSE/44LSE_services_page?sid=OVID:medline&id=pmid:30648358&id=doi:10.1111%2Fcns.13095&issn=1755-5930&isbn=&volume=25&issue=2&spage=288&pages=288-298&date=2019&title=CNS+Neuroscience+%26+Therapeutics&atitle=Treatment+of+dementia+and+mild+cognitive+impairment+with+or+without+cerebrovascular+disease%3A+Expert+consensus+on+the+use+of+Ginkgo+biloba+extract%2C+EGb+761+R.&aulast=Kandiah,,,,"BACKGROUND: The Ginkgo biloba special extract, EGb 761 R has been widely used in the treatment of neuropsychiatric disorders, including Alzheimer's disease (AD). METHODS: To guide clinical practice in the Asian region, the Asian Clinical Expert Group on Neurocognitive Disorders compiled evidence-based consensus recommendations regarding the use of EGb 761 R in neurocognitive disorders with/without cerebrovascular disease. RESULTS: Key randomized trials and robust meta-analyses have demonstrated significant improvement in cognitive function, neuropsychiatric symptoms, activities of daily living (ADL) and quality of life with EGb 761 R versus placebo in patients with mild-to-moderate dementia. In those with mild cognitive impairment (MCI), EGb 761 R has also demonstrated significant symptomatic improvement versus placebo. World Federation of Societies of Biological Psychiatry guidelines list EGb 761 R with the same strength of evidence as acetylcholinesterase inhibitors and N-methyl-D-aspartate (NMDA) antagonists e.g. memantine (Grade 3 recommendation; Level B evidence). Only EGb 761 R had Level B evidence in improving cognition, behaviour, and ADL in both AD and vascular dementia patients. Safety analyses show EGb 761 R to have a positive risk-benefit profile. While concerns have been raised regarding a possible increased bleeding risk, several randomized trials and two meta-analyses have not supported this association. CONCLUSIONS: The Expert Group foresee an important role for EGb 761 R , used alone or as an add-on therapy, in the treatment of MCI and dementias, particularly when patients do not derive benefit from acetylcholinesterase inhibitors or NMDA antagonists. EGb 761 R should be used in alignment with local clinical practice guidelines. Copyright © 2018 The Authors. CNS Neuroscience & Therapeutics Published by John Wiley & Sons Ltd. (Medline Ovid 21/09/2022) 1099","RAYYAN-INCLUSION: {""Andra""=>""Excluded"", ""Frank""=>""Excluded"", ""Sarah ""=>""Excluded"", ""Xuan""=>""Excluded"", ""Alexis""=>""Excluded""} | RAYYAN-EXCLUSION-REASONS: Publication type (systematic review and meta-analysis)",https://dx.doi.org/10.1111/cns.13095,*Cerebrovascular Disorders/co [Complications];*Cerebrovascular Disorders/px [Psychology];Cognitive Dysfunction/co [Complications];*Cognitive Dysfunction/dt [Drug Therapy];*Cognitive Dysfunction/px [Psychology];Consensus;Dementia/co [Complications];*Dementia/dt [Drug Therapy];*Dementia/px [Psychology];Ginkgo biloba;Humans;*Plant Extracts/tu [Therapeutic Use];Randomized Controlled Trials as Topic;0 (Plant Extracts);19FUJ2C58T (Ginkgo biloba extract);Dementia,,
rayyan-883472530,The Effect of Reminiscence Therapy With Internet-Based Videos on Cognitive Status and Apathy of Older People With Mild Dementia,2019,10,3,Journal of Geriatric Psychiatry & Neurology,0891-9887,32,2,104-113,"Inel Manav, A. and Simsek, N.",https://ovidsp.ovid.com/ovidweb.cgi?T=JS&CSC=Y&NEWS=N&PAGE=fulltext&D=med16&AN=30612511http://pmt-eu.hosted.exlibrisgroup.com/openurl/44LSE/44LSE_services_page?sid=OVID:medline&id=pmid:30612511&id=doi:10.1177%2F0891988718819864&issn=0891-9887&isbn=&volume=32&issue=2&spage=104&pages=104-113&date=2019&title=Journal+of+Geriatric+Psychiatry+%26+Neurology&atitle=The+Effect+of+Reminiscence+Therapy+With+Internet-Based+Videos+on+Cognitive+Status+and+Apathy+of+Older+People+With+Mild+Dementia.&aulast=Inel+Manav,,,,"This study was carried out to assess the effects of reminiscence therapy that was supported with internet-based videos on the cognitive condition and apathy levels of older people with mild dementia living in nursing homes. This randomized controlled experimental study was conducted between May 15, 2016, and August 25, 2016, in two nursing homes in Adana, Turkey. A total of 32 people participated in this study, 16 individuals were in the intervention group and 16 individuals were in the control group. The data were collected using a Personal Information Form, the Standardized Mini-Mental State Examination (SMMSE) test, and the Apathy Rating Scale (ARS) Self-assessment Form. The individuals in the intervention group received group reminiscence therapy involving internet-based videos for 60 minutes once a week for 3 months. During this period, 25 to 30 minutes of unstructured interviews were carried out with individuals in the control group. The data were analyzed using descriptive statistics, Student t test, the Mann-Whitney U test, and Wilcoxon signed rank test. In this study, a significant difference was found between experimental and control groups' posttest mean scores on the SMMSE test and ARS ( P < .01). The experimental group's SMMSE test and ARS posttest mean scores were higher than those of the control group ( P < .01). This study found that group reminiscence therapy using internet-based videos improved the cognitive functions and apathy levels of older people with mild dementia of the Alzheimer type. It is recommended that group reminiscence therapy studies with Internet-based videos be conducted in care institutions that are responsible for managing older people with mild dementia of the Alzheimer type. (Medline Ovid 21/09/2022) 384","RAYYAN-INCLUSION: {""Frank""=>""Included"", ""Sarah ""=>""Included"", ""Xuan""=>""Included"", ""Alexis""=>""Included""}",https://dx.doi.org/10.1177/0891988718819864,"Aged;Aged, 80 and over;*Apathy/ph [Physiology];*Cognition Disorders/th [Therapy];*Dementia/th [Therapy];Female;Humans;*Internet/is [Instrumentation];Male;*Psychotherapy/mt [Methods];Dementia;Internet;Cognition",,
rayyan-883472531,Cognitive improvement effects of electro-acupuncture for the treatment of MCI compared with Western medications: a systematic review and Meta-analysis,2019,1,8,BMC Complementary & Alternative Medicine,1472-6882,19,1,13,"Kim, H. and Kim, H. K. and Kim, S. Y. and Kim, Y. I. and Yoo, H. R. and Jung, I. C.",https://ovidsp.ovid.com/ovidweb.cgi?T=JS&CSC=Y&NEWS=N&PAGE=fulltext&D=med16&AN=30621676http://pmt-eu.hosted.exlibrisgroup.com/openurl/44LSE/44LSE_services_page?sid=OVID:medline&id=pmid:30621676&id=doi:10.1186%2Fs12906-018-2407-2&issn=1472-6882&isbn=&volume=19&issue=1&spage=13&pages=13&date=2019&title=BMC+Complementary+%26+Alternative+Medicine&atitle=Cognitive+improvement+effects+of+electro-acupuncture+for+the+treatment+of+MCI+compared+with+Western+medications%3A+a+systematic+review+and+Meta-analysis.&aulast=Kim,,,,"BACKGROUND: Almost half of mild cognitive impairment (MCI) patients progress to dementia, which is associated with decreased quality of life and obstacles to independent living. Relevant management is expected to prevent MCI patients from progressing to dementia. In recent years, electroacupuncture (EA) has been used to treat various kinds of neurological disorders including MCI. This study evaluates the use of EA for MCI patients to increase cognitive function through a comparison with Western medications. METHODS: Randomized controlled trials (RCT) or systematical reviews (SR) of EA versus Western medications for MCI were searched using the following 10 databases: Pubmed, Cochrane Library, CINAHL, EMBASE, China National Knowledge Infrastructure (CNKI), National Digital Science Library (NDSL), Journal of Oriental Neuropsychiatry (JON), Korean Medical Database (KMBASE), KoreaMed, and OASIS, from October 2007 to August 2017, without language restriction. A methodological quality assessment of RCTs or SRs that met inclusion criteria was conducted using Cochrane Risk of bias (RoB) tool and a meta-analysis by RevMan (Review Manager) 5.3.5 version of Cochrane collaboration. RESULTS: Five RCTs with 257 patients met inclusion criteria and those were randomly divided into two groups: the EA group (n = 103) and Western medications group (n = 154). The methodological quality of the included studies showed high risk or/and unclear of risk of bias. The meta-analysis of five studies reported that the EA group was better than the Western medications group, improving the Mini Mental State Examination (MMSE) score by 0.65 [95% CI 0.28~1.01] higher mean difference, Montreal Cognitive Assessment (MoCA) score by 0.66 [95% CI 0.00~1.32] higher mean difference. Adverse effects were not reported in the selected studies. CONCLUSION: Electroacupuncture was an effective treatment for MCI patients by improving cognitive function. However, the included studies presented a low methodological quality and no adverse effects were reported. Thus, further comprehensive studies with a design in depth are needed to derive significant results. (Medline Ovid 21/09/2022) 208","RAYYAN-INCLUSION: {""Huseyin""=>""Excluded"", ""Frank""=>""Excluded"", ""Sarah ""=>""Excluded"", ""Xuan""=>""Excluded"", ""Alexis""=>""Excluded""} | RAYYAN-EXCLUSION-REASONS: Publication type (systematic review and meta-analysis)",https://dx.doi.org/10.1186/s12906-018-2407-2,Cognitive Dysfunction/dt [Drug Therapy];*Cognitive Dysfunction/th [Therapy];*Electroacupuncture;Humans;*Nootropic Agents/tu [Therapeutic Use];Randomized Controlled Trials as Topic;Treatment Outcome;0 (Nootropic Agents);Cognition,,
rayyan-883472532,Effects of timed light on mood and cognition in Alzheimer's disease,2019,,,Sleep,1550-9109,42,,A379,"Lee, J. H. and Kim, S. J. and Lee, S. H. and Suh, I. B. and Jang, J. W. and Jhoo, J. H.",http://ovidsp.ovid.com/ovidweb.cgi?T=JS&PAGE=reference&D=emed20&NEWS=N&AN=627852570,English,,,"Introduction: Circadian disturbances are often associated with cognitive decline in patients with Alzheimer's disease(AD). Reduced light exposure in addition to the degeneration of circadian clock in AD might lead to depression. Light therapy(LT) has been known to improve depression and cognitive function by stabilizing the circadian rhythm. We aimed to examine the effects of timed LT on mood and cognition in AD patients. Method(s): We recruited mild to moderate AD patients with Pittsburgh Sleep Quality Index score >= 5. They were randomly assigned to treatment group(TG) and control group(CG). The dim light melatonin onset(DLMO) was determined from seven hourly saliva samples obtained before sleep onset measured by actigraphy. Home-based one-hour blue-enriched light was applied between 9to 10h after DLMO for 2 weeks. The CG patinets wore blueblocked glasses during timed LT. The Cornell Scale for Depression in Dementia(CSDD), Global Vigor(GVS) and Affect Scale(GAS) were administered before and immediately after timed LT. The MMSE in the Korean version of CERAD Packet(MMSE-KC), Trail Making Test-A(TMT-A), Digit Span Forwards(DSF) and Backwards(DSB) tests were also assessed. Changes in the values assessed before and after timed LT were analyzed for 15 patients(76.9+/-5.5years) of TG and 11 patients(78.3+/-7.7years) of CG. The effects of group and time were evaluated using two-way repeated measures ANOVA. Result(s): There were no significant changes in the scores of the GVS and GAS after timed LT in both groups, while the TG showed reduced CSDD scores with an expected trend(7.6+/-5.7to 5.2+/-3.8, p=.1). The CG had significantly increased MMSE-KC scores(p<.05) after timed LT, and the MMSE-KC scores yielded a significant time effect(F1, 22=9.94, p<.01) with no significant group effect or interactions. No significant changes in the scores of the TMT-A, DSF and DSB were found after timed LT in both groups. Conclusion(s): Our finding suggests that timed LT would be beneficial for improving the overall cognitive function in AD patients. And LT might influence reducing their depressive symptoms. (Embase Ovid 21/09/2022) 2361","RAYYAN-INCLUSION: {""Frank""=>""Excluded"", ""Sarah ""=>""Excluded"", ""Xuan""=>""Excluded"", ""Alexis""=>""Excluded""} | RAYYAN-EXCLUSION-REASONS: Setting (not low- and middle-income country)",https://dx.doi.org/10.1093/sleep/zsz067.940,actimetry;adult;*Alzheimer disease;analysis of variance;clinical article;*cognitive defect;controlled study;Cornell Scale for Depression in Dementia;female;human;male;Mini Mental State Examination;*mood;phototherapy;Pittsburgh Sleep Quality Index;randomized controlled trial;saliva;spectacles;stage 1 sleep;trail making test;melatonin;conference abstract;Alzheimer Disease,,
rayyan-883472533,A systematic review and meta-analysis on effective interventions for health-related quality of life among caregivers of people with dementia,2020,2,,Journal of Advanced Nursing,1365-2648,76,2,475-489,"Lee, M. and Ryoo, J. H. and Crowder, J. and Byon, H. D. and Wiiliams, I. C.",https://ovidsp.ovid.com/ovidweb.cgi?T=JS&CSC=Y&NEWS=N&PAGE=fulltext&D=med17&AN=31713880http://pmt-eu.hosted.exlibrisgroup.com/openurl/44LSE/44LSE_services_page?sid=OVID:medline&id=pmid:31713880&id=doi:10.1111%2Fjan.14262&issn=0309-2402&isbn=&volume=76&issue=2&spage=475&pages=475-489&date=2020&title=Journal+of+Advanced+Nursing&atitle=A+systematic+review+and+meta-analysis+on+effective+interventions+for+health-related+quality+of+life+among+caregivers+of+people+with+dementia.&aulast=Lee,,,,"AIMS: (a) To evaluate the effectiveness of different types of psychosocial interventions on the health-related quality of life among caregivers of individuals with dementia and (b) To present an overview and assessment of the quality of the most recent intervention studies. DESIGN: A systematic review and meta-analysis. DATA SOURCES: MEDLINE, CINAHL, PsycINFO and Cochrane Library electronic databases were searched to find randomized controlled trials (RCTs) published from 2005 - 2017. Using a Boolean search, the key words 'caregivers', 'dementia' and 'quality of life' were combined. The search was completed in January 2018. REVIEW METHODS: A total of 26 RCTs were included. Intervention details such as content, mode of delivery and duration were reviewed, and each study's risk of bias was assessed. The effectiveness of each type of intervention was calculated using the Hedges G and a random-effects model. RESULTS: Multicomponent interventions, cognitive behavioural therapy and complementary alternative medicine therapy showed significant effects on improving caregiver's health-related quality of life. Psychoeducation, social support, case management and cognitive rehabilitation therapy failed to produce significant effects. CONCLUSION: Via this evidence-based systematic review, multicomponent interventions addressing a variety of caregiver needs can be an effective method for enhancing caregiver health-related quality of life. Further large number of studies are needed to verify this study results. IMPACT: The findings of this study inform clinicians which interventions are effective in improving caregivers' health-related quality of life. Defining a standardized protocol for multicomponent interventions will be helpful for clinicians to apply the intervention. Copyright © 2019 John Wiley & Sons Ltd. (Medline Ovid 21/09/2022) 1045","RAYYAN-INCLUSION: {""Andra""=>""Excluded"", ""Frank""=>""Excluded"", ""Sarah ""=>""Excluded"", ""Xuan""=>""Excluded"", ""Alexis""=>""Excluded""} | RAYYAN-EXCLUSION-REASONS: Publication type (systematic review and meta-analysis)",https://dx.doi.org/10.1111/jan.14262,"Adult;*Behavior Therapy/mt [Methods];*Caregivers/px [Psychology];*Dementia/nu [Nursing];Female;Humans;Male;Middle Aged;*Occupational Stress/th [Therapy];*Quality of Life/px [Psychology];*Stress, Psychological/th [Therapy];Quality of Life;Dementia;Caregivers",,
rayyan-883472534,Meta-analysis of efficacy and safety of butylphthalide alone or in combination with other drugs in the treatment of Alzheimer's disease,2020,,,Chinese Journal of New Drugs,1003-3734,29,2,232-240,"Li, X. Q. and He, L. L. and Hou, M. M. and Li, X. Y.",http://www.newdrug.cn/ http://ovidsp.ovid.com/ovidweb.cgi?T=JS&PAGE=reference&D=emed21&NEWS=N&AN=2005362456,Chinese,,,"Objective: To evaluate the efficacy and safety of butylphthalide alone or in combination with other drugs in the treatment of Alzheimer's disease. Method(s):Pubmed, Web of Science, CNKI, CBM, VIP, and Wanfang Database were searched. The retrieval time was from the establishment of each database to December 2018. Randomized controlled trials of butylphthalide alone or in combination with other drugs for the treatment of Alzheimer's disease were looked-up. Meta-analysis was performed using RevMan 5.3 software. Result(s):A total of 21 articles were included, 1 690 patients in total, including 857 in the observation group and 833 in the control group. Meta-analysis results showed that the total effective rate of the observation group was better than that of the control group (P<0.000 01); tthe change of mini-mental state examination (MMSE) score in the observation group was larger than that in the control group (P<0.000 01); the activities of daily living (ADL) score of the observation group was larger than that of the control group (P<0.000 01); the Alzheimer's disease assessment scale-cog (ADAS-Cog) score of the observation group was larger than that of the control group (P=0.000 7); the clinical dementia rating (CDR) score of the observation group was larger than that of the control group (P=0.003); the change of serum brain-derived neurotrophic factor (BDNF) in the observation group was larger than the control group (P=0.003); the change of serum superoxide dismutase (SOD) was larger in the observation group than that of the control group (P<0.000 01); the change of serum glutathione peroxidase (GSH-Px) in the observation group was larger than that of the control group (P<0.000 01); the serum malondialdehyde (MDA) level in the observation group was larger than that in the control group (P<0.000 01); the serum nitric oxide (NO) level in the observation group was larger than that in the control group (P=0.000 6). There was no significant difference between observation group and control group in the incidence of adverse reactions (P=0.87). Conclusion(s):Butylphthalide is effective as single treatment for Alzheimer's disease. The efficacy of butylphthalide for Alzheimer's disease is better when combined with other drugs, without increasing adverse reactions. However, the number of literatures is small and the quality of the literature is low. Larger, high-quality, multicenter, randomized, double-blind clinical studies are still needed to further clarify the efficacy and safety.Copyright © 2020, Chinese Journal of New Drugs Co. Ltd. All right reserved. (Embase Ovid 21/09/2022) 1599","RAYYAN-INCLUSION: {""Andra""=>""Excluded"", ""Frank""=>""Excluded"", ""Sarah ""=>""Excluded"", ""Xuan""=>""Excluded"", ""Alexis""=>""Excluded""} | RAYYAN-EXCLUSION-REASONS: Publication type (systematic review and meta-analysis)",,activity of daily living assessment;*Alzheimer disease/dt [Drug Therapy];Alzheimer Disease Assessment Scale;article;bibliographic database;Chinese Biomedical database;Clinical Dementia Rating;clinical observation;CNKI database;*combination drug therapy;data analysis software;*drug efficacy;*drug safety;human;incidence;Medline;meta analysis;Mini Mental State Examination;*monotherapy;oxidative stress;publication;randomized controlled trial (topic);serum;unspecified side effect/si [Side Effect];WanFang Database;Web of Science;brain derived neurotrophic factor/ec [Endogenous Compound];*butylphthalide/ae [Adverse Drug Reaction];*butylphthalide/cb [Drug Combination];*butylphthalide/dt [Drug Therapy];glutathione peroxidase/ec [Endogenous Compound];malonaldehyde/ec [Endogenous Compound];nitric oxide/ec [Endogenous Compound];*nootropic agent/cb [Drug Combination];*nootropic agent/dt [Drug Therapy];superoxide dismutase/ec [Endogenous Compound];activities of daily living score;vip database;Alzheimer Disease;Drug Combinations,,
rayyan-883472535,"Effects of Folic Acid and Vitamin B12, Alone and in Combination on Cognitive Function and Inflammatory Factors in the Elderly with Mild Cognitive Impairment: A Single-blind Experimental Design",2019,,,Current Alzheimer Research,1875-5828,16,7,622-632,"Ma, F. and Zhou, X. and Li, Q. and Zhao, J. and Song, A. and An, P. and Du, Y. and Xu, W. and Huang, G.",https://ovidsp.ovid.com/ovidweb.cgi?T=JS&CSC=Y&NEWS=N&PAGE=fulltext&D=med16&AN=31345146http://pmt-eu.hosted.exlibrisgroup.com/openurl/44LSE/44LSE_services_page?sid=OVID:medline&id=pmid:31345146&id=doi:10.2174%2F1567205016666190725144629&issn=1567-2050&isbn=&volume=16&issue=7&spage=622&pages=622-632&date=2019&title=Current+Alzheimer+Research&atitle=Effects+of+Folic+Acid+and+Vitamin+B12%2C+Alone+and+in+Combination+on+Cognitive+Function+and+Inflammatory+Factors+in+the+Elderly+with+Mild+Cognitive+Impairment%3A+A+Single-blind+Experimental+Design.&aulast=Ma,,,,"BACKGROUND: Folate and vitamin B12 are well-known as essential nutrients that play key roles in the normal functions of the brain. Inflammatory processes play at least some role in the pathology of AD. Effective nutritional intervention approaches for improving cognitive deficits that reduce the peripheral inflammatory cytokine levels have garnered special attention. OBJECTIVE: The present study aimed to determine whether supplementation with folic acid and vitamin B12, alone and in combination improves cognitive performance via reducing levels of peripheral inflammatory cytokines. METHODS: 240 participants with MCI were randomly assigned in equal proportion to four treatment groups: folic acid alone, vitamin B12 alone, folic acid plus vitamin B12 or control without treatment daily for 6 months. Cognition was measured with WAIS-RC. The levels of inflammatory cytokines were measured using ELISA. Changes in cognitive function or blood biomarkers were analyzed by repeatedmeasure analysis of variance or mixed-effects models. This trial has been registered with trial number ChiCTR-ROC-16008305. RESULTS: Compared with control group, the folic acid plus vitamin B12 group had significantly greater improvements in serum folate, homocysteine, vitamin B12 and IL-6, TNF-alpha, MCP-1. The folic acid plus vitamin B12 supplementation significantly changed the Full Scale IQ (effect size d = 0.169; P = 0.024), verbal IQ (effect size d = 0.146; P = 0.033), Information (d = 0.172; P = 0.019) and Digit Span (d = 0.187; P = 0.009) scores. Post hoc Turkey tests found that folic acid and vitamin B12 supplementation was significantly more effective than folic acid alone for all endpoints. CONCLUSIONS: The combination of oral folic acid plus vitamin B12 in MCI elderly for six months can significantly improve cognitive performance and reduce the levels of inflammatory cytokines in human peripheral blood. The combination of folic acid and vitamin B12 was significantly superior to either folic acid or vitamin B12 alone. Copyright© Bentham Science Publishers; For any queries, please email at epub@benthamscience.net. (Medline Ovid 21/09/2022) 444","RAYYAN-INCLUSION: {""Frank""=>""Included"", ""Sarah ""=>""Included"", ""Xuan""=>""Included"", ""Alexis""=>""Included""}",https://dx.doi.org/10.2174/1567205016666190725144629,Aged;*Cognition/de [Drug Effects];*Cognitive Dysfunction/dt [Drug Therapy];Cytokines/bl [Blood];Cytokines/de [Drug Effects];Female;*Folic Acid/tu [Therapeutic Use];Humans;Male;Single-Blind Method;*Vitamin B 12/tu [Therapeutic Use];*Vitamin B Complex/tu [Therapeutic Use];0 (Cytokines);12001-76-2 (Vitamin B Complex);935E97BOY8 (Folic Acid);P6YC3EG204 (Vitamin B 12);Folic Acid;Vitamins;Vitamin B Complex;Vitamin E;Vitamin A;Vitamin U;Vitamin D;Riboflavin;Biotin,,
rayyan-883472536,Effect of CYP2D6 and CYP3A4 Genotypes on the Efficacy of Cholinesterase Inhibitors in Southern Chinese Patients With Alzheimer's Disease,2019,10,8,American Journal of Alzheimer's Disease & Other Dementias,1938-2731,34,5,302-307,"Ma, S. L. and Tang, N. L. S. and Wat, K. H. Y. and Tang, J. H. Y. and Lau, K. H. and Law, C. B. and Chiu, J. and Tam, C. C. W. and Poon, T. K. and Lin, K. L. and Kng, C. P. L. and Kong, H. L. and Chan, T. Y. and Chan, W. C. and Lam, L. C. W.",https://ovidsp.ovid.com/ovidweb.cgi?T=JS&CSC=Y&NEWS=N&PAGE=fulltext&D=med16&AN=31064198http://pmt-eu.hosted.exlibrisgroup.com/openurl/44LSE/44LSE_services_page?sid=OVID:medline&id=pmid:31064198&id=doi:10.1177%2F1533317519848237&issn=1533-3175&isbn=&volume=34&issue=5&spage=302&pages=302-307&date=2019&title=American+Journal+of+Alzheimer%27s+Disease+%26+Other+Dementias&atitle=Effect+of+CYP2D6+and+CYP3A4+Genotypes+on+the+Efficacy+of+Cholinesterase+Inhibitors+in+Southern+Chinese+Patients+With+Alzheimer%27s+Disease.&aulast=Ma,,,,"Alzheimer's disease (AD) is the most prevalent form of dementia, and age is strongly associated with the incidence of AD. This study aimed to investigate the association between the genotypes of CYP2D6, CYP3A4, and CYP2C9 genes to the clinical efficacy and tolerability of cholinesterase inhibitors (ChEIs) in Chinese patients with AD. One hundred seventy-nine patients with AD with newly prescribed with ChEIs were recruited. The clinical response and tolerability were evaluated at baseline, 3rd-, 6th-, and 12th-month follow-ups and were compared according to their genotypes of CYP2D6, CYP3A4, and CYP2C9. Among patients prescribed with donepezil/galantamine, CYP2D6*10 carriers showed significantly less side effects (P = .009). CYP2D6*10 carriers responded better to ChEIs and resulted in better improvement in Alzheimer's Disease Assessment Scale-Cognitive subscale (P = .027) and Mini-Mental State Examination (P = .012). Further study is required to replicate the finding, and it might be useful for clinicians to decide the medication based on the patients' CYP genotypes. (Medline Ovid 21/09/2022) 361","RAYYAN-INCLUSION: {""Frank""=>""Excluded"", ""Sarah ""=>""Excluded"", ""Xuan""=>""Excluded"", ""Alexis""=>""Excluded""} | RAYYAN-EXCLUSION-REASONS: Study design (not randomised) | USER-NOTES: {""Frank""=>[""Not randomised""]}",https://dx.doi.org/10.1177/1533317519848237,"Aged;Aged, 80 and over;*Alzheimer Disease/dt [Drug Therapy];Cholinesterase Inhibitors/ae [Adverse Effects];*Cholinesterase Inhibitors/pd [Pharmacology];Cytochrome P-450 CYP2C9/ge [Genetics];*Cytochrome P-450 CYP2D6/ge [Genetics];*Cytochrome P-450 CYP3A/ge [Genetics];Donepezil/ae [Adverse Effects];*Donepezil/pd [Pharmacology];Female;Follow-Up Studies;Galantamine/pd [Pharmacology];Genotype;Hong Kong;Humans;Male;*Pharmacogenetics;Pharmacogenomic Testing;Rivastigmine/pd [Pharmacology];0 (Cholinesterase Inhibitors);0D3Q044KCA (Galantamine);8SSC91326P (Donepezil);Alzheimer Disease;Cytochrome P-450 CYP2D6;Cholinesterase Inhibitors",,
rayyan-883472537,RANDOMIZED AND CONTROLLED CLINICAL TRIAL TO EVALUATE A BRAZILIAN OUTPATIENT VERSION OF THE TAP METHOD (TAILORED ACTIVITY PROGRAM) FOR THE TREATMENT OF NEUROPSYCHIATRIC SYMPTOMS IN INDIVIDUALS WITH DEMENTIA,2019,,,Alzheimer's and Dementia,1552-5260 1552-5279,15,7,P578-P579,"Oliveira, A. M. and Radanovic, M. and Homem de Mello, P. C. and Buchain, P. C. and Vizzotto, A. D. and Harder, J. and Stella, F. and Piersol, C. V. and Gitlin, L. N. and Valiengo, L. L. C. and Forlenza, O. V.",http://ovidsp.ovid.com/ovidweb.cgi?T=JS&PAGE=reference&D=emed20&NEWS=N&AN=2003374242,English,,,"Background: Neuropsychiatric symptoms (NPS) such as aggression, apathy, agitation, wandering may occur in up to 90% of dementia cases. International guidelines have suggested that non-pharmacological interventions are as effective as pharmacological treatments, however without the side effects and risks of medications. An Occupational Therapy method, called Tailored Activity Program (TAP), was developed with the objective of reducing and preventing NPS in the elderly with moderate to severe dementia and, according to published studies, has shown to be effective. In Brazil, there are few studies on non-pharmacological approaches in the treatment of NPSs in individuals with dementia. So, we evaluated the efficacy of the TAP (Brazilian outpatient version) method in the treatment of NPS in individuals with moderate to severe dementia and in the burden reduction of their caregivers. Method(s): This is a randomized, double-blind, controlled clinical trial for the treatment of NPS in elderly with moderate to severe dementia using the transcultural translation and adaptation of the outpatient TAP method. The experimental group received eight sessions based on the TAP, on an outpatient basis, and the control group received eight sessions based on a psychoeducational program with orientations about dementia. Outcome measures consisted of assessing the NPS of individuals with dementia, through the Neuropsychiatric Inventory-Clinician rating scale (NPI-C), and assessing the burden on their caregivers, using the Zarit Scale. All the participants were evaluated at pre (T0) and post-intervention (T1). Result(s): 54 individuals with dementia and caregivers were allocated to the experimental (n=28) and control (n=26) groups. There was improvement of the following NPS in the experimental group: delusions (p=0.05), agitation (p=0.001), aggressiveness (p=0.007), depression (p=0.008), anxiety (p=0.006), euphoria (p=0.007), apathy (p=0.02), disinhibition (p=0.03), irritability (p=0.03), motor disturbance (p=0.007) and aberrant vocalization (p=0.03). No improvement was observed in the following NPS: hallucinations (p=0.06), sleep disturbances (p=0.06) and appetite disorders (p=0.5). The TAP method for outpatient use was also clinically effective in reducing burden in the caregivers of the experimental group (p=0.01). Conclusion(s): The results showed that the use of personalized prescribed activities, coupled with the caregiver training, may be a clinically effective approach to reduce NPS and caregiver burden of individuals with dementia.Copyright © 2019 (Embase Ovid 21/09/2022) 2308","RAYYAN-INCLUSION: {""Frank""=>""Included"", ""Sarah ""=>""Included"", ""Xuan""=>""Included"", ""Alexis""=>""Included""} | RAYYAN-LABELS: conference abstract",https://dx.doi.org/10.1016/j.jalz.2019.06.1244,aged;aggressiveness;agitation;anxiety;apathy;appetite disorder;Brazil;caregiver burden;comparative effectiveness;controlled study;*delusion;*dementia;double blind procedure;euphoria;female;hallucination;human;irritability;major clinical study;male;motor dysfunction;neuropsychiatric inventory;occupational therapy;outcome assessment;*outpatient;practice guideline;prevention;randomized controlled trial;rating scale;side effect;sleep disorder;vocalization;conference abstract;Dementia,,
rayyan-883472538,Effect of donepezil on cognitive deficits associated with electroconvulsive therapy: A randomized triple-blind clinical trial,2019,,,Clinical Neuropharmacology,0362-5664,42,2,27-31,"Shams-Alizadeh, Narges and Maroufi, Azad and Sofla, Akbar Qanbarzadeh Chelan and Ghaderi, Ebrahim and Hassanzadeh, Kambiz",http://ovidsp.ovid.com/ovidweb.cgi?T=JS&PAGE=reference&D=psyc16&NEWS=N&AN=2019-17603-002,English,,,"Objectives: Despite the effectiveness of electroconvulsive therapy (ECT) in a wide range of psychiatric disorders, the role of memory-enhancing agents in post-ECT cognitive disturbances has remained controversial. In this study, we aimed to assess the effect of donepezil on improving the cognitive performance of patients undergoing ECT. Methods: In a psychiatry hospital, patients who were admitted for ECT underwent a triple-blind randomized controlled trial. After randomizing the participants into 2 groups, 1 group received ECTwith placebo, whereas the other group received ECT plus 5 mg/d donepezil during the ECT period. The patients in both groups were cognitively assessed using the Mini Mental Status Evaluation and Wechsler Memory Scale, 24 hours before ECT and 48 hours after the end of the ECT sessions. Results: The results of Mini Mental Status Evaluation scores did not show any significant difference in memory performance between the 2 groups before and after ECT (F = 0.108, P = 0.743). Moreover, the intervention and placebo groups did not have any significant difference in the scores of the 7 subscales of the Wechsler Memory Scale after ECT (P = 0.07). In addition, the patients on donepezil group tolerated the drug well and did not differ significantly compared with the control group in this regard. Conclusions: Despite a few evidence confirming the effect of acetylcholinesterase inhibitors in improving cognitive defects related to ECT, this study did not find such an effect in patients under ECT. Further studies are required to reach a clear conclusion. (PsycInfo Database Record (c) 2021 APA, all rights reserved) (PsycINFO Ovid 21/09/2022) 3124","RAYYAN-INCLUSION: {""Frank""=>""Excluded"", ""Sarah ""=>""Excluded"", ""Xuan""=>""Excluded"", ""Alexis""=>""Excluded""} | RAYYAN-EXCLUSION-REASONS: Population (not people with dementia or mild cognitive impairment or their carers)",https://dx.doi.org/10.1097/WNF.0000000000000323,*Cognitive Impairment;*Electroconvulsive Shock Therapy;*Nootropic Drugs;*Treatment Effectiveness Evaluation;Electroconvulsive Therapy;Cognition,,
rayyan-883472539,The effectiveness of computer-based cognitive rehabilitation in executive functions in patients with multiple sclerosis,2019,,,Journal of Kermanshah University of Medical Sciences,2588-2562 2588-2570,23,1,e83092,"Sharifi, A. and Yazdanbakhsh, K. and Momeni, K.",https://neoscriber.org/cdn/dl/90803d98-5d62-11e9-af2e-87d30155f712 http://ovidsp.ovid.com/ovidweb.cgi?T=JS&PAGE=reference&D=emed20&NEWS=N&AN=2002062212,English,,,"Background: Multiple sclerosis (MS) is a common chronic disease of the nervous system. A problem facing MS patients is cognitive impairments, including executive functions as the most major deficiency. Objective(s): The present study was conducted to investigate the effectiveness of cognitive rehabilitation in executive functions in MS patients. Method(s): The present controlled quasi-experimental study was conducted on a population comprising all MS patients who were members of the MS Society in Kermanshah, Iran using a pretest-posttest approach. The computerized form of Wisconsin card sorting test (WCST) was administered on 60 patients, of whom 20 were selected and randomly assigned to an experimental group (n = 10) and a control group (n = 10). The experimental group participated in twelve 50-minute sessions of computer-based cognitive rehabilitation intervention, whereas the controls did not undergo any interventions. After completing the intervention, the posttest was performed in both groups, and the data were analyzed using ANCOVA. Result(s): The findings suggested significant statistical differences (P < 0.001) in the posttest results of the patients' performance compared to the pretest stage in the experimental and control groups. Conclusion(s): The findings obtained suggest that cognitive rehabilitation improves executive functions in MS patients. This method is recommended to be used in rehabilitation centers and psychological clinics to improve cognitive problems in MS patients.Copyright © 2019, Journal of Kermanshah University of Medical Sciences. (Embase Ovid 21/09/2022) 1817","RAYYAN-INCLUSION: {""Frank""=>""Excluded"", ""Sarah ""=>""Excluded"", ""Xuan""=>""Excluded"", ""Alexis""=>""Excluded""} | RAYYAN-EXCLUSION-REASONS: Population (not people with dementia or mild cognitive impairment or their carers) | USER-NOTES: {""Frank""=>[""Not randomised""]}",https://dx.doi.org/10.5812/jkums.83092,adult;article;cognitive defect;cognitive function test;*cognitive rehabilitation;*computer analysis;controlled study;Expanded Disability Status Scale;human;major clinical study;mental disease;middle aged;*multiple sclerosis;psychologic assessment;randomized controlled trial;recognition;rehabilitation center;Wisconsin Card Sorting Test;Multiple Sclerosis,,
rayyan-883472540,The effects of poco-poco dance on the executive functions of type 2 diabetes mellitus patients with mild cognitive impairment achieved through improvements in neuronal functions and plasticity,2019,,,International Journal of Pharmaceutical Research,0975-2366 (electronic) 0975-2366,11,2,595-601,"Theresa, R. M. and Nasrun, M. W. and Soejono, C. H. and Trih and ini, I.",http://www.ijpronline.com/Default.aspx http://ovidsp.ovid.com/ovidweb.cgi?T=JS&PAGE=reference&D=emed20&NEWS=N&AN=2002249119,English,,,"Increased production of ROS in T2DM patients causes neuronal cell destruction which reduces cognitive function, especially the executive function which are necessary for completing normal daily activities. Poco-poco dance as a popular folk dance is easy to do, inexpensive, and adheres to Indonesian cultural norms can directly or indirectly achieve this by improving neuroplasticity. This research randomized 32 T2DM patients with mild cognitive impairment, aged 45-59 years old, with more than 9 years of education into two groups, each consisting of 16 patients. This research was performed in Depok between December 2013-July 2014. The intervention group received a 30 minutes biweekly dance therapy for 12 weeks. Both groups received the standard therapy for T2DM. Mild cognitive impairment was assessed using the NDVCI-T2DM form. The patient's executive function was assessed by the TMT-B. All patients were evaluated for their HbA1c, LDL, triglycerides, total cholesterol, and F2 isoprostane levels. Neuroplasticity was measured by the NAA/Cr ratio through MRS at the beginning and the end of the research. The intervention group experienced significant differences in their executive function (p = 0.016), the neuroplasticity of the right prefrontal (p = 0.001), left prefrontal (p = 0.001), left parietal (p = 0.007), right hippocampus (p = 0.003) and HbA1c (p = 0.02), LDL (p = 0.005), triglycerides (p = 0.002) and F2 isoprostane (0.001) levels. Although the HbA1c (p = 0.001) and F2 isoprostane (p = 0.001) levels decreased, there were no significant decreases in the NAA/Cr ratio of all lobes. The ABI was 37.5% and the NNT was 3. 37.5% of patients experienced improvements in their executive functions, either by directly or indirectly improving the brains' neuroplasticity.Copyright © 2019, Advanced Scientific Research. All rights reserved. (Embase Ovid 21/09/2022) 2043","RAYYAN-INCLUSION: {""Frank""=>""Included"", ""Sarah ""=>""Included"", ""Xuan""=>""Included"", ""Alexis""=>""Included""}",https://dx.doi.org/10.31838/ijpr/2019.11.02.097,adult;art therapy;article;clinical article;controlled study;*dancing;education;executive function;female;general condition improvement;glycemic control;human;male;middle aged;*mild cognitive impairment/th [Therapy];nerve cell plasticity;nerve function;*non insulin dependent diabetes mellitus;nuclear magnetic resonance spectroscopy;outcome assessment;physical activity;psychometry;quality of life;questionnaire;randomized controlled trial;trail making test;cholesterol/ec [Endogenous Compound];creatine/ec [Endogenous Compound];hemoglobin A1c/ec [Endogenous Compound];high density lipoprotein cholesterol/ec [Endogenous Compound];isoprostane derivative/ec [Endogenous Compound];low density lipoprotein cholesterol/ec [Endogenous Compound];n acetylaspartic acid/ec [Endogenous Compound];reactive oxygen metabolite/ec [Endogenous Compound];triacylglycerol/ec [Endogenous Compound];*poco poco dance;Dancing,,
rayyan-883472541,A phase II randomized trial of sodium oligomannate in Alzheimer's dementia,2020,10,9,Alzheimer's Research & Therapy,1758-9193,12,1,110,"Wang, T. and Kuang, W. and Chen, W. and Xu, W. and Zhang, L. and Li, Y. and Li, H. and Peng, Y. and Chen, Y. and Wang, B. and Xiao, J. and Li, H. and Yan, C. and Du, Y. and Tang, M. and He, Z. and Chen, H. and Li, W. and Lin, H. and Shi, S. and Bi, J. and Zhou, H. and Cheng, Y. and Gao, X. and Guan, Y. and Huang, Q. and Chen, K. and Xin, X. and Ding, J. and Geng, M. and Xiao, S.",https://ovidsp.ovid.com/ovidweb.cgi?T=JS&CSC=Y&NEWS=N&PAGE=fulltext&D=med18&AN=32928279http://pmt-eu.hosted.exlibrisgroup.com/openurl/44LSE/44LSE_services_page?sid=OVID:medline&id=pmid:32928279&id=doi:10.1186%2Fs13195-020-00678-3&issn=1758-9193&isbn=&volume=12&issue=1&spage=110&pages=110&date=2020&title=Alzheimer%27s+Research+%26+Therapy&atitle=A+phase+II+randomized+trial+of+sodium+oligomannate+in+Alzheimer%27s+dementia.&aulast=Wang,,,,"BACKGROUND: Sodium oligomannate (GV-971), a marine-derived oligosaccharide, is a novel agent that may improve cognition in AD patients. METHODS: The 24-week multicenter, randomized, double-blind, placebo parallel controlled clinical trial was conducted in AD in China between 24 October 2011 and 10 July 2013. The study included a 4-week screening/washout period, followed by a 24-week treatment period. Patients were randomized in a 1:1:1 ratio to receive GV-971 900 mg, 600 mg, or placebo capsule in treatment period, respectively. The primary outcome was cognitive improvement as assessed by changes in Alzheimer's Disease Assessment Scale-cognitive subscale 12-item (ADAS-cog12) scores from baseline to week 24. The secondary efficacy outcomes included CIBIC-Plus, ADCS-ADL, and NPI at 24 weeks after treatment compared with baseline. A subgroup study was assessment of the change in cerebral glucose metabolism by fluorodeoxyglucose positron emission tomography measurements. RESULTS: Comparing with the placebo group (n = 83, change - 1.45), the ADAS-cog12 score change in the GV-971 600-mg group (n = 76) was - 1.39 (p = 0.89) and the GV-971 900-mg group (n = 83) was - 2.58 (p = 0.30). The treatment responders according to CIBIC-Plus assessment were significantly higher in the GV-971 900-mg group than the placebo group (92.77% vs. 79.52%, p < 0.05). The GV-971 900-mg subgroup showed a lower decline of cerebral metabolic rate for glucose than the placebo subgroup at the left precuneus, right posterior cingulate, bilateral hippocampus, and bilateral inferior orbital frontal at uncorrected p = 0.05. The respective rates of treatment-related AEs were 5.9%, 14.3%, and 3.5%. CONCLUSIONS: GV-971 was safe and well tolerated. GV-971 900 mg was chosen for phase III clinical study. TRIAL REGISTRATION: ClinicalTrials.gov, NCT01453569 . Registered on October 18, 2011. (Medline Ovid 21/09/2022) 843","RAYYAN-INCLUSION: {""Frank""=>""Included"", ""Sarah ""=>""Included"", ""Xuan""=>""Included"", ""Alexis""=>""Included""}",https://dx.doi.org/10.1186/s13195-020-00678-3,Alzheimer Disease/dg [Diagnostic Imaging];Alzheimer Disease/dt [Drug Therapy];*Alzheimer Disease;China;Cholinesterase Inhibitors;Double-Blind Method;Humans;Mannose/aa [Analogs & Derivatives];Oligosaccharides;Sodium;Treatment Outcome;0 (Cholinesterase Inhibitors);0 (gv-971);0 (Oligosaccharides);9NEZ333N27 (Sodium);PHA4727WTP (Mannose);Alzheimer Disease;Dementia,,
rayyan-883472542,Clinical study on butylphthalide soft capsules combined with donepezil hydrochloride in treatment of vascular dementia,2020,,,Drugs and Clinic,1674-5515,35,2,258-262,"Wang, XiaoLi and Lu, Mei and Zhang, YanJun",,Chinese,,,"Objective: To explore the effect of Butylphthalide Soft Capsules combined with Donepezil Hydrochloride Tablets in treatment of vascular dementia. Methods: Patients (96 cases) with vascular dementia in Special Medical Center of the People's Armed Police from March 2017 to March 2018 were randomly divided into control and treatment groups, and each group had 48 cases. Patients in the control group were p0 administered with Donepezil Hydrochloride Tablets, starting dosage 1 tablet/time, once daily, after treated for 4 weeks, then according to the treatment effect, increased to 2 tablets/time, once daily. Patients in the treatment group were pa administered with Butylphthalide Soft Capsules 0n the basis of the control group, 2 grains/time, three times daily. Patients in two groups were treated for 8 weeks. After treatment, the clinical efficacies were evaluated, and MOCA scores, serum factors level, hemorheology indexes, and QOL-AD scores in two groups were compared. Results: After treatment, the clinical efficacies in the control and treatment groups were 77408% and 93.75%, respectively. and there was difference between two groups (P < 0.05). Afier treatment, visual space and executive score, attention score, delayed recall score, orientation score and MOCA total score in two groups were significantly increased (P < 0.05). And the MOCA score indexes in the treatment group were significantly higher than those in the control group (P < 0.05). After treatment, the levels of GDNF in two groups were significantly increased, but the levels of IL-6 and TNF-a in two groups were significantly decreased, and the difference was statistically significant in the same group (P < 0.05). And the serum factors levels in the treatment group were significantly better than those in the control group, with significant difference between two groups (P < 0.05). After treatment, whole blood 10w shear viscosity, whole blood medium shear viscosity, and whole blood high shear Viscosity in two groups were significantly decreased, and the difference was statistically significant in the same group (P < 0.05). And the hemorheology indexes in the treatment group were significantly lower than those in the control group (P < 0.05). After treatment, QOL-AD scores in two groups were significantly increased, and the difference was statistically significant in the same group (P < 0.05). And QOL-AD scores in the treatment group were significantly better than those in the control group (P < 0.05). Conclusion: Butylphthalide Soft Capsules combined with Donepezil Hydrochloride Tablets has clinical curative effect in treatment of vascular dementia, can improve the cognitive function of patients, regulate scrum factors and hemorheology indexes, and improve the quality oflife, which has a certain clinical application value. (Global Health Ovid 21/09/2022) 2456","RAYYAN-INCLUSION: {""Frank""=>""Included"", ""Sarah ""=>""Included"", ""Xuan""=>""Included"", ""Alexis""=>""Included""} | RAYYAN-LABELS: foreign language",http://dx.doi.org/10.7501/j.issn.1674-5515202002013,"clinical aspects;dementia;effects;human diseases;interleukin 6;interleukins;mental disorders;orientation;treatment;Dementia, Vascular;Capsules;Dementia",,
rayyan-883472543,"Dietary Melatonin Therapy Alleviates the Lamina Cribrosa Damages in Patients with Mild Cognitive Impairments: A Double-Blinded, Randomized Controlled Study",2020,5,7,Medical Science Monitor,1643-3750,26,,e923232,"Xu, L. and Yu, H. and Sun, H. and Hu, B. and Geng, Y.",https://ovidsp.ovid.com/ovidweb.cgi?T=JS&CSC=Y&NEWS=N&PAGE=fulltext&D=med17&AN=32376818http://pmt-eu.hosted.exlibrisgroup.com/openurl/44LSE/44LSE_services_page?sid=OVID:medline&id=pmid:32376818&id=doi:10.12659%2FMSM.923232&issn=1234-1010&isbn=&volume=26&issue=&spage=e923232&pages=e923232&date=2020&title=Medical+Science+Monitor&atitle=Dietary+Melatonin+Therapy+Alleviates+the+Lamina+Cribrosa+Damages+in+Patients+with+Mild+Cognitive+Impairments%3A+A+Double-Blinded%2C+Randomized+Controlled+Study.&aulast=Xu,,,,"BACKGROUND Alzheimer's disease (AD) is a degenerative disease that is characterized by massive neuron devastations in the hippocampus and cortex. Mild cognitive impairment (MCI) is the transitory stage between normality and AD dementia. This study aimed to investigate the melatonin induced effects on the lamina cribrosa thickness (LCT) of patients with MCI. MATERIAL AND METHODS The LCT data of patients with MCI were compared to LCT data of healthy controls. Subsequently, all MCI patients were randomly assigned into an experimental group (with melatonin treatment) or a placebo group (without any melatonin treatment). RESULTS The LCT of MCI patients decreased significantly compared with healthy controls. The univariate analysis showed that the lower the Mini Mental State Examination (MMSE) score (P=0.038; 95% CI: 0.876, -0.209), the smaller hippocampus volume (P=0.001; 95% CI: -1.594, -2.911), and the upregulated level of cerebrospinal fluid (CSF) T-tau (P=0.036; 95% CI: 2.546, -0.271) were associated significantly with the thinner LCT in MCI patients. There were 40 patients in the experimental group and 39 patients in the placebo group. The mean age of the experimental group was not significantly different from the placebo group (66.3+/-8.8 versus 66.5+/-8.3; P>0.05). The LCT and hippocampus volume of the melatonin treated group were significantly larger compared with the placebo group (P<0.001). On the other hand, the CSF T-tau level of the melatonin treated group was significantly lower compared with the untreated group (P<0.001). CONCLUSIONS LCT assessment might allow early diagnosis of MCI. Dietary melatonin therapy could provide an effective medication for MCI patients with LCT alterations. (Medline Ovid 21/09/2022) 306","RAYYAN-INCLUSION: {""Frank""=>""Included"", ""Sarah ""=>""Included"", ""Xuan""=>""Included"", ""Alexis""=>""Included""}",https://dx.doi.org/10.12659/MSM.923232,"Aged;Aged, 80 and over;Alzheimer Disease/pp [Physiopathology];Amyloid beta-Peptides/me [Metabolism];Biomarkers;China;Cognitive Dysfunction/co [Complications];Cognitive Dysfunction/pp [Physiopathology];Cornea/de [Drug Effects];Cornea/ph [Physiology];*Descemet Membrane/de [Drug Effects];Descemet Membrane/ph [Physiology];Dietary Supplements;Disease Progression;Double-Blind Method;Female;Hippocampus/me [Metabolism];Humans;Male;Melatonin/me [Metabolism];*Melatonin/tu [Therapeutic Use];Middle Aged;Peptide Fragments;Sclera/de [Drug Effects];Sclera/ph [Physiology];tau Proteins/me [Metabolism];0 (Amyloid beta-Peptides);0 (Biomarkers);0 (Peptide Fragments);0 (tau Proteins);JL5DK93RCL (Melatonin);Melatonin;Cognition",,
rayyan-883472544,"Effects of different exercise models on pain, functionality, balance, proprioception and cognition features of patients diagnosed with fibromyalgia",2019,,,Annals of the Rheumatic Diseases,1468-2060,78,,2153,"Yavuz, H. and Sahinkaya, T. and Ketenci, A. and Metin, G.",http://ovidsp.ovid.com/ovidweb.cgi?T=JS&PAGE=reference&D=emed20&NEWS=N&AN=629420275,English,,,"Background: Fibromyalgia syndrome (FMS) is a chronic disease characterized by diffuse pain, fatigue, sleep disturbance, cognitive impairment, and other physical symptoms that adversely affect physical and sensory functions and impair quality of life. Nowadays, in the treatment of FMS, low intensity aerobic exercises and exercise programs combined with other treatment methods are recommended. Objective(s): The aim of this study was to evaluate the effects of aerobic and balance-proprioception exercises on the symptoms of Fibromyalgia (FMS) and the superiority of the two exercise models. Method(s): 51 female patients who adhere to the inclusion criteria were divided into two groups randomly. Aerobic Exercise Group (AEG; n=26) and Balance-Proprioceptive Exercise Group (BPEG; n=25) was applied to the exercise laboratory under the supervision of physiotherapist in Istanbul Medical Faculty, Department of Sports Medicine 3 days a week for 6 weeks. Before and after the program Pain (VAS), functional status (FIQ), postural stability (Biodex balance system), knee joint proprioception (Cybex isokinetic dynamometer) were evaluated. Cognitive status was assessed by Standardized Mini Mental State Examination (SMMSE) only before program. Result(s): There wasnt statistically significant difference between demographic (age, weigh, BMI etc.) and clinic (VAS, FIO, Biodex, Cybex, SMMSE) features of the groups at the beginning (p>0.05). Parameters measured in both groups after exercise programs showed progress compared to initial levels (p<0.05). There aren't superiority between two exercise groups in terms of VAS, FIQ scores (p>0.05). Recovery is found to be superior at BPEG in balance parameters (eyes open overall stability index (EOOSI) and eyes open anterioposterior stability index (EOAPSI)) and some parameters that belongs to proprioception (p<0.05). Conclusion(s): It is determined that aerobic exercise and balance-proprioception exercise programs at/in FMS are effective-in positive way-methods for functionality, pain, proprioception and balance parameter recovery of the patients. Except EOOSI and EOAPSI balance parameter values; according to other parameters it is found that aerobic exercise and balance-proprioception exercises are equal to each other. It is found out that balance-proprioception exercises are superior to aerobic exercises for improving EOOSI and EOAPSI. It is revealed that balance proprioception exercises are more effective for curing proprioception. It is observed that patients with FMS had deterioration in cognitive functions. (Embase Ovid 21/09/2022) 1800","RAYYAN-INCLUSION: {""Frank""=>""Excluded"", ""Sarah ""=>""Excluded"", ""Xuan""=>""Excluded"", ""Alexis""=>""Excluded""} | RAYYAN-EXCLUSION-REASONS: Population (not people with dementia or mild cognitive impairment or their carers) | USER-NOTES: {""Frank""=>[""Not randomised\n""]}",https://dx.doi.org/10.1136/annrheumdis-2019-eular.5682,adult;*aerobic exercise;body mass;*cognitive defect;controlled study;dynamometer;eye;fatigue;female;*fibromyalgia;functional status;human;knee;major clinical study;medical school;mental deterioration;Mini Mental State Examination;physiotherapist;*proprioception;remission;sleep disorder;sports medicine;Turkey (republic);conference abstract;Fibromyalgia,,
rayyan-883472545,Effects of TimeSlips on Depressive Symptoms and Quality of Life in People With Dementia in Day Care Centers,2019,12,,Hu Li Tsa Chih - Journal of Nursing,0047-262X,66,6,54-65,"Yeh, Y. T. and Lin, Y. F. and Liu, M. F.",https://ovidsp.ovid.com/ovidweb.cgi?T=JS&CSC=Y&NEWS=N&PAGE=fulltext&D=med16&AN=31802455http://pmt-eu.hosted.exlibrisgroup.com/openurl/44LSE/44LSE_services_page?sid=OVID:medline&id=pmid:31802455&id=doi:10.6224%2FJN.201912_66%286%29.08&issn=0047-262X&isbn=&volume=66&issue=6&spage=54&pages=54-65&date=2019&title=Hu+Li+Tsa+Chih+-+Journal+of+Nursing&atitle=%5BEffects+of+TimeSlips+on+Depressive+Symptoms+and+Quality+of+Life+in+People+With+Dementia+in+Day+Care+Centers%5D.&aulast=Yeh,,,,"BACKGROUND: Day care centers provide supportive services to older individuals with disability and dementia. Those who suffer from cognitive impairment typically also suffer from depression. PURPOSE: To explore whether TimeSlips, a reminiscence creative storytelling approach, improves depressive symptoms and quality of life (QoL) in older individuals of day care centers who have mild to moderate cognitive impairment. METHODS: A randomized non-blind controlled trial design was conducted. A total of 20 older individuals who met the inclusion criteria were recruited and randomly assigned to the experimental group and control group using the Internet randomization system, with 10 subjects in each group. The experimental group participated in the one-hour TimeSlips intervention once a week for six consecutive weeks, while the control group maintained their normal daily activities. We used the Cornell Scale for Depression in Dementia (CSDD) to measure depressive symptoms and used EQ-5D (EuroQol-5 dimensions) VAS (visual analogue scale) and utility values to measure QoL. RESULTS: (1) With the exception of age, there were no significant differences in the demographic data between two groups. (2) Under ANCOVA, when age was used as the covariate and the change in CSDD before and after the intervention was used as the dependent variable, the score of the experimental group was significant lower than that of the control group (p < .05). The interaction between group and age was also a significant difference in the change of CSDD before and after the intervention (p < .05). In terms of QoL, the EQ-5D VAS and EQ-5D utility value both decreased after the intervention in the experimental group. ANCOVA was performed separately using the change of EQ-5D VAS and the ranked change of EQ-5D utility values as dependent variables, with no significant differences found between the groups (p = .37 and p = .20, respectively). CONCLUSIONS: The results indicate that using TimeSlips may significantly improve depressive symptoms in mild to moderate cognitively impaired older individuals of day care centers. However, no evidence was found to support an effect of TimeSlips on QoL. Our findings provide information to help day care centers staffs design related activities. (Medline Ovid 21/09/2022) 477","RAYYAN-INCLUSION: {""Frank""=>""Excluded"", ""Sarah ""=>""Excluded"", ""Xuan""=>""Excluded"", ""Alexis""=>""Excluded""} | RAYYAN-EXCLUSION-REASONS: Setting (not low- and middle-income country) | USER-NOTES: {""Frank""=>[""Taiwan""]}",https://dx.doi.org/10.6224/JN.201912_66(6).08,"Aged;Day Care, Medical;*Dementia/px [Psychology];*Dementia/th [Therapy];*Depression/px [Psychology];Humans;*Narration;*Quality of Life;Treatment Outcome;Quality of Life;Dementia;Day Care",,
rayyan-883472546,"Shenmayizhi Formula Combined with Ginkgo Extract Tablets for the Treatment of Vascular Dementia: A Randomized, Double-Blind, Controlled Trial",2020,,,Evidence-Based Complementary & Alternative Medicine: eCAM,1741-427X,2020,,8312347,"Zhang, H. and Cao, Y. and Pei, H. and Wang, H. and Ma, L. and Wang, Z. and Diao, X. and Yang, Y. and Liu, N. and Wei, Y. and Li, H.",https://ovidsp.ovid.com/ovidweb.cgi?T=JS&CSC=Y&NEWS=N&PAGE=fulltext&D=pmnm5&AN=32774430http://pmt-eu.hosted.exlibrisgroup.com/openurl/44LSE/44LSE_services_page?sid=OVID:medline&id=pmid:32774430&id=doi:10.1155%2F2020%2F8312347&issn=1741-427X&isbn=&volume=2020&issue=&spage=8312347&pages=8312347&date=2020&title=Evidence-Based+Complementary+%26+Alternative+Medicine%3A+eCAM&atitle=Shenmayizhi+Formula+Combined+with+Ginkgo+Extract+Tablets+for+the+Treatment+of+Vascular+Dementia%3A+A+Randomized%2C+Double-Blind%2C+Controlled+Trial.&aulast=Zhang,,,,"Shenmayizhi formula (SMYZF) has been shown to have an effect on vascular dementia (VaD) in previous studies. The aim of this study was to evaluate whether a combination of SMYZF with Ginkgo extract tablets improves mild-to-moderate VaD. In this 12-week, randomized, double-blind, controlled study, we randomly assigned 196 patients with VaD (aged 50-85 years) to either the SMYZF group (n = 98) or the Ginkgo group (n = 98). All patients received Ginkgo extract tablets as a basic treatment, while the SMYZF group also received SMYZF treatment. We evaluated the participants at baseline and after 12 weeks of the intervention for the following: the Mini-Mental State Examination (MMSE), National Institutes of Health Stroke Scale (NIHSS), activities of daily living (ADL), Chinese Medicine Symptom Scale (CM-SS) scores, serum endothelin-1 (ET-1), nitric oxide (NO), vascular endothelial growth factor (VEGF), von Willebrand factor (vWF), neuron-specific enolase (NSE), brain-derived neurotrophic factor (BDNF), and homocysteine (Hcy) serum levels. Both interventions significantly increased MMSE scores and decreased NIHSS, ADL, and CM-SS scores. The SMYZF group showed greater improvement in MMSE, NIHSS, and CM-SS scores. Both groups showed a significant decrease in serum ET-1 and an increase in serum VEGF. Furthermore, serum NO increased, and vWF decreased significantly in the SMYZF group. Changes in serum ET-1 and NO were greater in the SMYZF group. Both groups showed a significant increase in serum BDNF and a decrease in serum NSE and Hcy. Improvement in serum NSE and BDNF was greater in the SMYZF group. SMYZF combined with Ginkgo extract tablets improved vascular endothelial and cognitive functions, as well as the syndromes diagnosed based on the traditional Chinese medicine in patients with VaD. Copyright © 2020 Huiqin Zhang et al. (Medline Ovid 21/09/2022) 1006","RAYYAN-INCLUSION: {""Frank""=>""Included"", ""Sarah ""=>""Included"", ""Xuan""=>""Included"", ""Alexis""=>""Included""}",https://dx.doi.org/10.1155/2020/8312347,"Dementia, Vascular;Ginkgo biloba;Dementia",,
rayyan-883472547,Clinical research of yindanxinnaotong combined with huperzine A tablets for the treatment in the elderly patients with vascular dementia,2019,,,Practical Geriatrics,1003-9198,33,5,453-456,"Zhang, XiaoHong and Zhang, ShuQin and Wu, XiaoMu",http://www.sylnyx.com,Chinese,,,"Objective: To investigate the clinical efficacy and safety of yindanxinnaotong combined with huperzine A tablets for the treatment in the elderly patients with vascular dementia. Methods: Ninty-five cases of elderly patients with vascular dementia in our hospital from May 2015 to May 2017 were divided into the control group (n=47) and the research group (n=48) randomly. The control group was treated with huperzine A tablets, and the research group was treated with yindanxinnaotong combined with huperzine A tablets. The two groups were all treated for 6 months consecutively. The clinical efficacy and the scores of Mini-Mental State Examination (MMSE) and Brief Screening Scale for Dementia (BSSD) were evaluated and compared in the two groups. The levels of whole blood viscosity (WBV), hematocrit (HCT) and fibrinogen (FIB) in the two groups before and after treatment were detected and compared. The incidence of adverse reaction in the two groups during the treatment were observed. Results The total effective rate of the research group and the control group was 97.92% and 85.11% respectively, and the difference between the two groups was statistically significant (X2=5.053, P=0.025). After treatment, the scores of MMSE and BSSD in the two groups were significantly increased than those before treatment, especially in the research group (P<0.05). The levels of WBV, HCT, FIB in the two groups were significantly decreased than those before treatment (P<0.05), especially in the research group (P<0.05). During the treatment, the incidence rate of adverse reactions in the research group and the control group was 8.33% and 12.77% respectively, and there was no significant difference between the two groups (X2=0.495, P>0.05). Conclusions: Yindanxinnaotong combined with huperzine A tablets is effective in treating vascular dementia in the elderly patients, which can significantly improve the patient's cognitive function and blood rheology indexes. (Global Health Ovid 21/09/2022) 2743","RAYYAN-INCLUSION: {""Frank""=>""Included"", ""Sarah ""=>""Included"", ""Xuan""=>""Included"", ""Alexis""=>""Included""} | RAYYAN-LABELS: foreign language",,"brain diseases;dementia;elderly;elderly patients;herb-drug interactions;herbal drugs;human diseases;medicinal properties;pharmacology;traditional Chinese medicines;Dementia, Vascular;Dementia",,
rayyan-883472548,Physical Activity for Executive Function and Activities of Daily Living in AD Patients: A Systematic Review and Meta-Analysis,2020,,,Frontiers in Psychology,1664-1078,11,,560461,"Zhu, L. and Li, L. and Wang, L. and Jin, X. and Zhang, H.",https://ovidsp.ovid.com/ovidweb.cgi?T=JS&CSC=Y&NEWS=N&PAGE=fulltext&D=pmnm5&AN=33343442http://pmt-eu.hosted.exlibrisgroup.com/openurl/44LSE/44LSE_services_page?sid=OVID:medline&id=pmid:33343442&id=doi:10.3389%2Ffpsyg.2020.560461&issn=1664-1078&isbn=&volume=11&issue=&spage=560461&pages=560461&date=2020&title=Frontiers+in+Psychology&atitle=Physical+Activity+for+Executive+Function+and+Activities+of+Daily+Living+in+AD+Patients%3A+A+Systematic+Review+and+Meta-Analysis.&aulast=Zhu,,,,"Objectives: The present study aimed to systematically analyze the effects of physical activity on executive function, working memory, cognitive flexibility, and activities of daily living (ADLs) in Alzheimer's disease (AD) patients and to provide a scientific evidence-based exercise prescription. Methods: Both Chinese and English databases (PubMed, Web of Science, the Cochrane Library, EMBASE, VIP Database for Chinese Technical Periodicals, China National Knowledge Infrastructure, and Wanfang) were used as sources of data to search for randomized controlled trials (RCTs) published between January 1980 and December 2019 relating to the effects of physical activity on executive function, working memory, cognitive flexibility, and ADL issues in AD patients. Sixteen eligible RCTs were ultimately included in the meta-analysis. Results: Physical activity had significant benefits on executive function [standard mean difference (SMD) = 0.42, 95% confidence interval (CI) 0.22-0.62, p < 0.05], working memory (SMD = 0.28, 95% CI 0.11-0.45, p < 0.05), cognitive flexibility (SMD = 0.23, 95% CI -0.02 to 0.47, p < 0.01), and ADLs (SMD = 0.68, 95% CI 0.19-1.16, p < 0.05) among AD patients. Subgroup analysis indicated that, for executive function issues, more than 60 min per session for 16 weeks of moderate-to-high-intensity dual-task exercises or multimodal exercise had a greater effect on AD patients. For working memory and cognitive flexibility issues, 60-90 min of moderate-intensity dual-task exercises 1-4 times/week was more effective. For ADL issues, 30-90 min of multimodal exercise at 60-79% of maximal heart rate (MHR) 3-4 times/week had a greater effect on AD patients. Conclusions: Physical activity was found to lead to significant improvements in executive function, working memory, cognitive flexibility, and ADLs in AD patients and can be used as an effective method for clinical exercise intervention in these patients. However, more objective, scientific, and effective RCTs are needed to confirm this conclusion. Copyright © 2020 Zhu, Li, Wang, Jin and Zhang. (Medline Ovid 21/09/2022) 845","RAYYAN-INCLUSION: {""Andra""=>""Excluded"", ""Frank""=>""Excluded"", ""Sarah ""=>""Excluded"", ""Xuan""=>""Excluded"", ""Alexis""=>""Excluded""} | RAYYAN-EXCLUSION-REASONS: Publication type (systematic review and meta-analysis)",https://dx.doi.org/10.3389/fpsyg.2020.560461,Motor Activity,,
rayyan-883472549,Effects of Physical Activity Program on cognitive function and sleep quality in elderly with mild cognitive impairment: A randomized controlled trial,2019,,,Perspectives in Psychiatric Care,0031-5990,55,3,401-408,"Bademli, Kerime and Lok, Neslihan and Canbaz, Muammer and Lok, Sefa",http://ovidsp.ovid.com/ovidweb.cgi?T=JS&PAGE=reference&D=psyc16&NEWS=N&AN=2018-58445-001,English,,,"Aim: The aim of this study is to determine the effect of a 20-week Physical Activity Program for elderly individuals with mild cognitive impairment (MCI) on their cognitive functions and sleep quality. Methods: A randomized controlled trial research design was used in this experimental pretest-posttest study. The data were analyzed using SPSS 21.0. Results: This study showed that the Physical Activity Program improved the cognitive functions and sleep quality of elderly individuals (p < 0.05). Conclusion and Practice Implications: The findings of this study showed that the cognitive functions and sleep quality of elderly individuals improved thanks to a 20-week Physical Activity Program. It is recommended that physical activities should be included in nursing interventions for elderly people with MCI. (PsycInfo Database Record (c) 2021 APA, all rights reserved) (PsycINFO Ovid 21/09/2022) 3156","RAYYAN-INCLUSION: {""Jess""=>""Included"", ""Komal""=>""Included"", ""Zijie""=>""Included"", ""Juliana""=>""Included""}",https://dx.doi.org/10.1111/ppc.12324,*Aging;*Cognitive Ability;*Cognitive Impairment;*Physical Activity;*Sleep;Experimental Design;Intervention;Nursing;Randomized Controlled Trials;Mild Cognitive Impairment;Sleep Quality;Motor Activity;Cognition,,
rayyan-883472550,Effects of an Interdisciplinary Care Team on the Management of Alzheimer's Disease in China,2019,5,1,Journal of Gerontological Nursing,0098-9134,45,5,39-45,"Chen, C. and Huang, Y. and Liu, C. and Xu, Y. and Zheng, L. and Li, J.",https://ovidsp.ovid.com/ovidweb.cgi?T=JS&CSC=Y&NEWS=N&PAGE=fulltext&D=med16&AN=31026331http://pmt-eu.hosted.exlibrisgroup.com/openurl/44LSE/44LSE_services_page?sid=OVID:medline&id=pmid:31026331&id=doi:10.3928%2F00989134-20190318-01&issn=0098-9134&isbn=&volume=45&issue=5&spage=39&pages=39-45&date=2019&title=Journal+of+Gerontological+Nursing&atitle=Effects+of+an+Interdisciplinary+Care+Team+on+the+Management+of+Alzheimer%27s+Disease+in+China.&aulast=Chen,,,,"The current study aimed to evaluate the multidimensional effects of an interdisciplinary care team in patients with Alzheimer's disease (AD). A total of 129 patients with AD were randomly assigned to an interdisciplinary care group (n = 69) or usual care group (n = 60). Behavioral and psychological symptoms of patients with AD were measured during a 6-month treatment period. No differences were found in the baseline characteristics between the interdisciplinary care and usual care groups. Compared to usual care, interdisciplinary care greatly increased patients' activities of daily living (ADL) scores when measured at 3 and 6 months (p < 0.001). Findings provide evidence that an interdisciplinary care team approach is beneficial in improving ADL performance; thus, an interdisciplinary care team should be implemented in the care arrangements for patients with AD. [Journal of Gerontological Nursing, 45(5), 39-45.]. Copyright 2019, SLACK Incorporated. (Medline Ovid 21/09/2022) 429","RAYYAN-INCLUSION: {""Huseyin""=>""Excluded"", ""Jess""=>""Maybe"", ""Komal""=>""Maybe"", ""Zijie""=>""Maybe"", ""Juliana""=>""Maybe""} | RAYYAN-EXCLUSION-REASONS: full text not available",https://dx.doi.org/10.3928/00989134-20190318-01,"*Activities of Daily Living;Aged;Aged, 80 and over;*Alzheimer Disease/nu [Nursing];China;*Disease Progression;Female;*Geriatric Nursing/og [Organization & Administration];Humans;Interdisciplinary Studies;Male;*Patient Care Team/og [Organization & Administration];*Psychiatric Nursing/og [Organization & Administration];*Treatment Outcome;Alzheimer Disease",,
rayyan-883472551,Efficacy of cognitive rehabilitation on functional outcomes & quality of life in parkinson's patients,2020,,,International Journal of Pharmaceutical Research,0975-2366 (electronic) 0975-2366,12,,1305-1309,"El Semary, M. M. and Abdelmageed, S. M. and El-Serougy, H. R. and Elzanaty, M. Y. and Ragab, W. M. and Salama, A. M. and Sheha, S. M. and Elheneidi, E. I. and Taha, S. I.",http://www.ijpronline.com/DownloadFile.aspx?SpecialFilePath=3af7142d-1b1e-44f8-a40f-d8b6510ea4f6.pdf http://ovidsp.ovid.com/ovidweb.cgi?T=JS&PAGE=reference&D=emed21&NEWS=N&AN=2005193435,English,,,"Background: Cases with Parkinson's disease (PD) manifest cognitive dysfunction and concerned with debilitated life qualities and functional deterioration. Complaints progress till dementia reached. Many randomized clinical trials were published evaluating efficiency of cognitive rehabilitation on optimizing cognition, functional outcomes, and resulting in alterations in life qualities. Objective(s): our study aimed to assess efficacy of cognitive rehabilitation maneuver on functional outcomes, cognition, life qualities aspects in PD cases. Subjects and methods: Thirty male literate PD cases participated in our investigation. The cases divided to 2 groups; study group (A) received cognitive rehabilitation via Rehacom for 60 min and selected physical therapy program including trunk rotation & extension, weight shifting, and reciprocal motion exercises for 30 min, every other day for 36 sessions, total duration of session (90 min). control group (B) received, the same selected physical therapy program for 60 min, with three intermittent rest (30 minutes) every other day for 36 sessions total duration of session (90 min). Result(s): The results revealed that, in study group (A) there was significant improvement of functional outcomes and life qualities for PD cases compared to control (B). Improving of score in objective tools of assessment (Neuropsychological battery, Unified PD rating Scale, Perceived Deficits Questionnaire (PDQ-39) and W H O Disability Assessment Schedule II. post treatment in study group(A) comparing to control (B). Conclusion(s): Cognitive behavioral therapy can improve functional outcomes and life qualities for PD cases.Copyright © 2020, Advanced Scientific Research. All rights reserved. (Embase Ovid 21/09/2022) 1450","RehaCom | RAYYAN-INCLUSION: {""Jess""=>""Excluded"", ""Komal""=>""Excluded"", ""Zijie""=>""Excluded"", ""Juliana""=>""Excluded""} | RAYYAN-EXCLUSION-REASONS: Population (not people with dementia or mild cognitive impairment or their carers)",https://dx.doi.org/10.31838/ijpr/2020.SP2.123,aged;article;attention;behavior assessment;clinical article;*clinical outcome;cognition;cognition assessment;cognitive function test;*cognitive rehabilitation;controlled study;disability;executive function;exercise;Hopkins verbal learning test;human;language;Luria-Nebraska neuropsychological battery;male;memory;Mini Mental State Examination;outcome assessment;*Parkinson disease/dm [Disease Management];*Parkinson disease/dt [Drug Therapy];*Parkinson disease/rh [Rehabilitation];physiotherapy;*quality of life;questionnaire;randomized controlled trial;social cognition;Stroop test;theory of mind;Unified Parkinson Disease Rating Scale;verbal memory;visual memory;levodopa/dt [Drug Therapy];levodopa/pv [Special Situation for Pharmacovigilance];brief visual memory test;Disability Assessment Schedule II;Happe test;RehaCom;Quality of Life,,
rayyan-883472552,Effect of aerobic exercise training on cognitive function of patients with Alzheimer's disease: a meta-analysis,2019,,,Chinese Preventive Medicine,1009-6639,20,9,808-811,"Fu, JuPing and Xu, XiaoHong and Wang, ShengDong",,Chinese,,,"Objective: To assess the effect of aerobic exercise training on cognitive function in patients with Alzheimer's disease (AD) via a meta-analysis. Methods: Literatures published before October 2017 were searched in the databases of PubMed, Embase, CNKI, WANGFANG DATA, and VIP for randomized case- control trials that evaluated the effect of aerobic exercise en cognitive function in patients with AD. Revman 4.2 software was used to conduct the meta-analysis, and the mini-mental state examination (MMSE) score was used as the major outcome index of AD patients. Results: Total 9 literatures with 348 AD patients (178 in training group and 170 in control group) were included in the analysis. Before the aerobic training interventions, the differences in MMSE scores between the two groups were not statistically significant. However, after the interventions, the MMSE scores were significantly higher in the training groups compared to those in the control group with the pooled WMD of 3.78 (95% CI: 2.62~4.94). Conclusions: This meta-analysis reveals that aerobic exercise interventions improve the cognitive function in patients with AD; Which may be used as a potential non-drug therapy for AD patients. (Global Health Ovid 21/09/2022) 2667","RAYYAN-INCLUSION: {""Jess""=>""Excluded"", ""Komal""=>""Excluded"", ""Zijie""=>""Excluded"", ""Juliana""=>""Excluded""} | RAYYAN-EXCLUSION-REASONS: Publication type (systematic review and meta-analysis)",http://dx.doi.org/10.'16506/j. 1009-6639. 2019. 09. 009,meta-analysis;human diseases;mental disorders;Alzheimer's disease;brain diseases;exercise;physical activity;recreational activities;Alzheimer Disease,,
rayyan-883472553,Clinical study of Bushen Qingnao Broken Decoction in treating type 2 diabetes with mild cognitive dysfunction,2020,,,Chinese Journal of Integrated Traditional and Western Medicine,1003-5370,40,4,422-426,"Gan, PanPan and Wu, DongNan and Ji, Ke and Liu, Ling",http://www.cjim.cn/zxyjhcn/zxyjhcn/ch/reader/view_abstract.aspx?file_no=2020040422&flag=1,Chinese,,,"Objective: To investigate the clinical efficacy and mechanism of Bushen Qingnao Broken Decoction in improving type 2 diabetes (T2DM) with mild cognitive impairment (MCI). Methods: 52 patients with T2DM combined with MCI diagnosis were randomly divided into a control group (26 cases) and a treatment group (26 cases) according to the number table. The two groups were on the basis of conventional treatment, and the control group was given oral donepezil hydrochloride tablets (5 mg/time, 1 time/d). On the basis of the control group, the treatment group was given kidney-clearing brain broken decoction pieces (from Taizishen decoction pieces 6 g Danshen decoction pieces 4 g Tianma decoction pieces 2 g Schisandra decoction pieces 4 g Ligustrum lucidum broken wall decoction pieces) (6 g) were taken, 150 mL each time, 2 times a day, and both groups were treated for 12 weeks. Before and after treatment, observe the two groups of Montreal Cognitive Assessment Scale (MoCA), homocysteine Hcy, blood sugar levels, inflammatory factors, blood lipid levels and adverse reactions. Results Compared with before treatment, the total scores of the MoCA scale increased (P<0.05, P < 0.01) and Hcy decreased (P < 0.05) in the two groups after treatment; the hypersensitivity C-reactive protein (hs-CRP) in the treatment group decreased (P < 0.01), triglycerides (TG), low-density lipoprotein cholesterol (LDL-C) decreased (P < 0.05); compared with the control group, the total cholesterol (TC), TG, LDL-C in the treatment group after treatment There were statistically significant differences in the changes of high-density lipoprotein cholesterol (HDL-C) (P < 0.05). In the control group, there were 2 cases of gastrointestinal discomfort and 1 case of dizziness and headache. Conclusion: Bushen Qingnao broken wall decoction can effectively relieve the clinical symptoms of patients with T2DM combined with MCI, improve cognitive function, inhibit inflammation, and regulate lipid metabolism. (Global Health Ovid 21/09/2022) 2441","RAYYAN-INCLUSION: {""Jess""=>""Included"", ""Komal""=>""Included"", ""Zijie""=>""Included"", ""Juliana""=>""Included""} | RAYYAN-LABELS: foreign language",http://dx.doi.org/10.7661/j.cjim.20190905.282,adverse effects;blood sugar;brain;cholesterol;clinical aspects;diabetes;headaches;herbal drugs;human diseases;hypersensitivity;inflammation;lipoproteins;medicinal plants;mental ability;metabolism;symptoms;traditional Chinese medicine;traditional Chinese medicines;traditional medicines;triacylglycerols;type 2 diabetes;Cognition,,
rayyan-883472554,Effects of Candesartan vs Lisinopril on Neurocognitive Function in Older Adults With Executive Mild Cognitive Impairment: A Randomized Clinical Trial,2020,10,8,JAMA Network Open,2574-3805,3,8,e2012252,"Hajjar, I. and Okafor, M. and McDaniel, D. and Obideen, M. and Dee, E. and Shokouhi, M. and Quyyumi, A. A. and Levey, A. and Goldstein, F.",https://ovidsp.ovid.com/ovidweb.cgi?T=JS&CSC=Y&NEWS=N&PAGE=fulltext&D=med18&AN=32761160http://pmt-eu.hosted.exlibrisgroup.com/openurl/44LSE/44LSE_services_page?sid=OVID:medline&id=pmid:32761160&id=doi:10.1001%2Fjamanetworkopen.2020.12252&issn=2574-3805&isbn=&volume=3&issue=8&spage=e2012252&pages=e2012252&date=2020&title=JAMA+Network+Open&atitle=Effects+of+Candesartan+vs+Lisinopril+on+Neurocognitive+Function+in+Older+Adults+With+Executive+Mild+Cognitive+Impairment%3A+A+Randomized+Clinical+Trial.&aulast=Hajjar,,,,"Importance: Observational studies have suggested that angiotensin receptor blockers are associated with a unique cognitive protection. It is unclear if this is due to reduced blood pressure (BP) or angiotensin receptors type 1 blockade. Objective: To determine neurocognitive effects of candesartan vs lisinopril in older adults with mild cognitive impairment (MCI). Design, Setting, and Participants: This randomized clinical trial included participants aged 55 years or older with MCI and hypertension. Individuals were withdrawn from prior antihypertensive therapy and randomized in a 1 to 1 ratio to candesartan or lisinopril from June 2014 to December 2018. Participants underwent cognitive assessments at baseline and at 6 and 12 months. Brain magnetic resonance images were obtained at baseline and 12 months. This intent-to-treat study was double-blind and powered for a sample size accounting for 20% dropout. Data were analyzed from May to October 2019. Interventions: Escalating doses of oral candesartan (up to 32 mg) or lisinopril (up to 40 mg) once daily. Open-label antihypertensive drug treatments were added as needed to achieve BP less than 140/90 mm Hg. Main Outcomes and Measures: The primary outcome was executive function (measured using the Trail Making Test, Executive Abilities: Measures and Instruments for Neurobehavioral Evaluation and Research tool) and secondary outcomes were episodic memory (measured using the Hopkins Verbal Learning Test-Revised) and microvascular brain injury reflected by magnetic resonance images of white matter lesions. Results: Among 176 randomized participants (mean [SD] age, 66.0 [7.8] years; 101 [57.4%] women; 113 [64.2%] African American), 87 were assigned to candesartan and 89 were assigned to lisinopril. Among these, 141 participants completed the trial, including 77 in the candesartan group and 64 in the lisinopril group. Although the lisinopril vs candesartan groups achieved similar BP (12-month mean [SD] systolic BP: 130 [17] mm Hg vs 134 [20] mm Hg; P = .20; 12-month mean [SD] diastolic BP: 77 [10] mm Hg vs 78 [11] mm Hg; P = .52), candesartan was superior to lisinopril on the primary outcome of executive function measured by Trail Making Test Part B (effect size [ES] = -12.8 [95% CI, -22.5 to -3.1]) but not Executive Abilities: Measures and Instruments for Neurobehavioral Evaluation and Research score (ES = -0.03 [95% CI, -0.08 to 0.03]). Candesartan was also superior to lisinopril on the secondary outcome of Hopkins Verbal Learning Test-Revised delayed recall (ES = 0.4 [95% CI, 0.02 to 0.8]) and retention (ES = 5.1 [95% CI, 0.7 to 9.5]). Conclusions and Relevance: These findings suggest that in older adults with MCI, 1-year treatment with candesartan had superior neurocognitive outcomes compared with lisinopril. These effects are likely independent of the BP-lowering effect of candesartan. Trial Registration: ClinicalTrials.gov Identifier: NCT01984164. (Medline Ovid 21/09/2022) 431","RAYYAN-INCLUSION: {""Jess""=>""Excluded"", ""Komal""=>""Excluded"", ""Zijie""=>""Excluded"", ""Juliana""=>""Excluded""} | RAYYAN-EXCLUSION-REASONS: Setting (not low- and middle-income country)",https://dx.doi.org/10.1001/jamanetworkopen.2020.12252,"Administration, Oral;Aged;Antihypertensive Agents/ad [Administration & Dosage];Antihypertensive Agents/pd [Pharmacology];*Antihypertensive Agents/tu [Therapeutic Use];Benzimidazoles/ad [Administration & Dosage];Benzimidazoles/pd [Pharmacology];*Benzimidazoles/tu [Therapeutic Use];Biphenyl Compounds;Blood Pressure/de [Drug Effects];Brain/dg [Diagnostic Imaging];Cognitive Dysfunction/dg [Diagnostic Imaging];*Cognitive Dysfunction/dt [Drug Therapy];Female;Humans;Hypertension/dt [Drug Therapy];Lisinopril/ad [Administration & Dosage];Lisinopril/pd [Pharmacology];*Lisinopril/tu [Therapeutic Use];Magnetic Resonance Imaging;Male;Middle Aged;Tetrazoles/ad [Administration & Dosage];Tetrazoles/pd [Pharmacology];*Tetrazoles/tu [Therapeutic Use];0 (Antihypertensive Agents);0 (Benzimidazoles);0 (Biphenyl Compounds);0 (Tetrazoles);E7199S1YWR (Lisinopril);S8Q36MD2XX (candesartan);Lisinopril;Cognition",,
rayyan-883472555,Sixteen-Week Interventional Study to Evaluate the Clinical Effects and Safety of Rivastigmine Capsules in Chinese Patients with Alzheimer's Disease,2019,,,Journal of Alzheimer's Disease,1875-8908,72,4,1313-1322,"Jia, J. and Ji, Y. and Feng, T. and Ye, Q. and Peng, D. and Kuang, W. and Ning, Y. and Liang, Z. and Fan, D. and Wei, W. and Li, Y. and Xiao, S.",https://ovidsp.ovid.com/ovidweb.cgi?T=JS&CSC=Y&NEWS=N&PAGE=fulltext&D=med16&AN=31744005http://pmt-eu.hosted.exlibrisgroup.com/openurl/44LSE/44LSE_services_page?sid=OVID:medline&id=pmid:31744005&id=doi:10.3233%2FJAD-190791&issn=1387-2877&isbn=&volume=72&issue=4&spage=1313&pages=1313-1322&date=2019&title=Journal+of+Alzheimer%27s+Disease&atitle=Sixteen-Week+Interventional+Study+to+Evaluate+the+Clinical+Effects+and+Safety+of+Rivastigmine+Capsules+in+Chinese+Patients+with+Alzheimer%27s+Disease.&aulast=Jia,,,,"BACKGROUND: Rivastigmine is a cholinesterase inhibitor, approved for the treatment of mild-to-moderate dementia of Alzheimer's type. OBJECTIVE: To explore the efficacy and safety of the maximal tolerated dose of rivastigmine capsules in Chinese patients with mild-to-moderate Alzheimer's disease (AD). METHODS: The study was a multicenter, open-label, single-arm, phase IV clinical study in mild-to-moderate drug-naive AD patients treated with rivastigmine capsules. The primary endpoint was the changes in the total scores of Alzheimer's Disease Assessment Scale-Cognitive subscale (ADAS-Cog) from baseline to week 16. Secondary endpoints included changes in the scores of the following assessment scales and safety: Alzheimer's Disease Cooperative Study; Activities of Daily Living; Mini-Mental Status Examination (MMSE); Neuropsychiatry Index (NPI), and Caregiver Burden Inventory. RESULTS: 222 patients were enrolled. Of these, 136 (75.1%) patients received and maintained the effective dose (>=6 mg/d) of rivastigmine for at least 4 weeks. The ADAS-Cog scale score improved in rivastigmine-treated patients at week 16 compared with baseline (p < 0.001) by 2.0 (95% CI: -3.0 to -1.1) points, which met the pre-defined superiority criteria. NPI-10 and NPI-12 scores improved by 3.6 and 4.0 points at week 16 (p = 0.001, p < 0.001), respectively. A total of 107 patients (59.1%) experienced adverse effects (AEs) during the study; common AEs included nausea (20.5%), vomiting (16.6%), anorexia (7.8%), dizziness (7.7%), and diarrhea (7.2%). CONCLUSION: This was the first phase IV study on rivastigmine in mainland China. The study preliminarily demonstrated that rivastigmine capsules showed good tolerability and efficacy in mild-to-moderate AD patients with the maximal tolerated dose. (Medline Ovid 21/09/2022) 1013","RAYYAN-INCLUSION: {""Huseyin""=>""Excluded"", ""Jess""=>""Maybe"", ""Komal""=>""Maybe"", ""Zijie""=>""Maybe"", ""Juliana""=>""Maybe""} | RAYYAN-EXCLUSION-REASONS: full text not available",https://dx.doi.org/10.3233/JAD-190791,"Activities of Daily Living;Aged;Aged, 80 and over;Alzheimer Disease/di [Diagnosis];*Alzheimer Disease/dt [Drug Therapy];Cholinesterase Inhibitors/ae [Adverse Effects];*Cholinesterase Inhibitors/tu [Therapeutic Use];Female;Humans;Male;Middle Aged;*Nausea/ci [Chemically Induced];Rivastigmine/ae [Adverse Effects];*Rivastigmine/tu [Therapeutic Use];Severity of Illness Index;Treatment Outcome;*Vomiting/ci [Chemically Induced];0 (Cholinesterase Inhibitors);PKI06M3IW0 (Rivastigmine);Alzheimer Disease;Intervention Studies",,
rayyan-883472556,SAFETY OF DONEPEZIL HYDROCHLORIDE 10MG/DAY IN CHINESE MILD TO MODERATE ALZHEIMER'S DISEASE PATIENTS,2019,,,Alzheimer's and Dementia,1552-5260 1552-5279,15,7,P1378-P1379,"Jia, J. and Wei, C. and Zhou, A. and Wang, F. and Tang, Y.",http://ovidsp.ovid.com/ovidweb.cgi?T=JS&PAGE=reference&D=emed20&NEWS=N&AN=2003376185,English,,,"Background: Donepezil has been widely used to treat AD and the dose-effect relationship has been proved. However, few studies focused on the safety of donepezil particularly in Chinese patients. Genotype of APOE was also reported as influencing the therapeutic response of donepezil. This study was to assess the safety of donepezil 10 mg/day in Chinese patients and the impact by APOE genotypes. Method(s): A single-armed, prospective, multicenter, open labeling clinical trial conducted in China. 241 patients (aged 50-85 years) with mild to moderate AD were included to take donepezil hydrochloride 5mg/ day for at least 4 weeks prior to entering the group. All patients had been treated with donepezil 10 mg/day for 20 weeks. There will be a visiting at week 0, week 4, and week 20, respectively. Primary outcome measures were the incidence of adverse events (AEs), which were evaluated by means of physical examinations, vital signs, weight, clinical laboratory tests, and electrocardiograms, correlation analysis between AEs and APOE genotypes. Result(s): 93 (38.59%) patients experienced at least 1 AE, but most AEs were mild to moderate. There were 48 patients (19.92%) who discontinued due to AEs. Diarrhea, vomiting, nausea were the most frequently reported AEs and judged to be drug-related side effects. The incidence of AEs was significantly affected by combination of drugs for cardiovascular and cerebrovascular diseases (HR=2.334), and there was no significant correlation with age, body weight, and gender. Mean changes in heart rate and QTc interval relative to baseline were -1.48 beat/min(p=0.0028)and -0.66ms(p=0.6561), respectively. There were no significant changes in other vital sign parameters compared with baseline. Patient's distributions for APOE allele polymorphism were as follows: epsilon2/epsilon2-0.87%, epsilon3/epsilon3-50.43%, epsilon4/epsilon4-6.09%, epsilon2/epsilon3-9.57%, epsilon2/epsilon4-0.87%, epsilon3/epsilon4-32.17%. The significant difference of MMSE scores before and after treatment was shown (p=0.0038), especially for APOE-epsilon4/epsilon4 allele carriers and less older patients (<75 years). Conclusion(s): These findings support the good safety and tolerability of 10mg/day donepezil for AD patients in China. There is no correlation between with APOE genotypes and AEs, but a correlation between APOE genotypes and efficacy of donepezil.Copyright © 2019 (Embase Ovid 21/09/2022) 2263","RAYYAN-INCLUSION: {""Huseyin""=>""Excluded"", ""Jess""=>""Maybe"", ""Komal""=>""Maybe"", ""Zijie""=>""Maybe"", ""Juliana""=>""Maybe""} | RAYYAN-EXCLUSION-REASONS: Publication type (conference abstract)",https://dx.doi.org/10.1016/j.jalz.2019.06.3925,adult;adverse drug reaction;age;aged;*Alzheimer disease;body weight;cerebrovascular disease;China;clinical laboratory;controlled study;correlation analysis;diarrhea;drug combination;drug efficacy;*drug safety;drug therapy;female;gender;gene frequency;genetic association;genetic polymorphism;genetic susceptibility;genotype;heart rate;human;incidence;major clinical study;male;middle aged;Mini Mental State Examination;multicenter study;nausea;outcome assessment;pharmacokinetics;physical examination;prospective study;QTc interval;side effect;vital sign;vomiting;apolipoprotein E;*donepezil;endogenous compound;conference abstract;Alzheimer Disease,,
rayyan-883472557,Acupuncture for patients with mild cognitive impairment: a pilot study,2020,,,Integrative Medicine Research,2213-4220 2213-4239,9,,100587,"Kim, P. W. and Kwon, O. J. and Seo, B. N. and Kim, A. R. and Park, H. J. and Kim, J. H.",http://ovidsp.ovid.com/ovidweb.cgi?T=JS&PAGE=reference&D=emed21&NEWS=N&AN=2007697680,English,,,"Purpose: Mild cognitive impairment (MCI) is a pre-dementia state; 10-15% of cases per year evolve into dementia. Early detection and treatment of MCI are important to delay the progression of MCI to dementia. Acupuncture has been reported as a potential treatment for MCI. This study aimed to investigate the efficacy and safety of acupuncture for MCI. Method(s): Thirty subjects aged 50 years or over with a diagnosis of MCI were randomly assigned to acupuncture (n = 15) or sham-acupuncture (n = 15) groups. All subjects received 24 acupuncture sessions (30 min/time, 2 times/week) for 12 weeks. Acupuncture was given at 14 acupoints (GV20, EX-HN1, CV12, ST36, HT7, KI3, and SP6). In sham-acupuncture group, Park sham device was used at 14 non-acupoints. The primary outcome was Alzheimer's Disease Assessment Scale-Cognitive subscale (ADAS-cog) change at 13 weeks after randomization. Secondary outcomes included Montreal Cognitive Assessment(MoCA), Seoul Neuropsychological Screening Battery (SNSB) and Patient Global Impression of Change (PGIC). Result(s): A total of 29 participants (14 in acupuncture group; 15 in sham-acupuncture group) completed the whole sessions. ADAS-cog score at 13 weeks improved significantly, decreasing by 4.57 and 4.93 compared with the baseline in acupuncture and sham-acupuncture group, respectively (all p < 0.001), however, the difference between two groups was not statistically significant (p = 0.75). MoCA also significantly changed at 13 weeks in both groups (all p < 0.05). But, in inter-group comparison, changes of MoCA, all domains of SNSB, and PGIC showed no significant difference between both groups (p > 0.05). No adverse event was reported during the study. Conclusion(s): Acupuncture and sham-acupuncture can improve the cognitive decline of MCI; sham acupuncture was as efficacious as real acupuncture. However, the small sample size and short-term observation exist as limits in this pilot study. Additional trial with long-term follow-up and the larger population is required.Copyright © 2020 (Embase Ovid 21/09/2022) 1748","RAYYAN-INCLUSION: {""Jess""=>""Excluded"", ""Komal""=>""Excluded"", ""Zijie""=>""Excluded"", ""Juliana""=>""Excluded""} | RAYYAN-EXCLUSION-REASONS: Setting (not low- and middle-income country)",https://dx.doi.org/10.1016/j.imr.2020.100587,adult;Alzheimer Disease Assessment Scale;*baihui acupoint;clinical article;conference abstract;controlled study;drug safety;female;follow up;human;male;middle aged;*mild cognitive impairment;Montreal cognitive assessment;outcome assessment;*pilot study;randomization;randomized controlled trial;sample size;sanyinjiao acupoint;shenmen acupoint;South Korea;taixi acupoint;zhongwan acupoint;zusanli acupoint;Pilot Projects;Cognition,,
rayyan-883472558,Comparative efficacy of non-pharmacological interventions on agitation in people with dementia: A systematic review and Bayesian network meta-analysis,2020,2,,International Journal of Nursing Studies,1873-491X,102,,103489,"Leng, M. and Zhao, Y. and Wang, Z.",https://ovidsp.ovid.com/ovidweb.cgi?T=JS&CSC=Y&NEWS=N&PAGE=fulltext&D=med17&AN=31862527http://pmt-eu.hosted.exlibrisgroup.com/openurl/44LSE/44LSE_services_page?sid=OVID:medline&id=pmid:31862527&id=doi:10.1016%2Fj.ijnurstu.2019.103489&issn=0020-7489&isbn=&volume=102&issue=&spage=103489&pages=103489&date=2020&title=International+Journal+of+Nursing+Studies&atitle=Comparative+efficacy+of+non-pharmacological+interventions+on+agitation+in+people+with+dementia%3A+A+systematic+review+and+Bayesian+network+meta-analysis.&aulast=Leng,,,,"BACKGROUND: Agitation in people with dementia is common and distressing and can lead to increased caregiver burden. However, medications often have adverse reactions and limited effectiveness. Thus, non-pharmacological interventions are being increasingly implemented. OBJECTIVES: To compare and rank the efficacy of different non-pharmacological interventions in the management of agitation in people with dementia. DESIGN: Bayesian network meta-analysis. METHODS: A comprehensive electronic literature search was performed in five English databases and three Chinese databases to identify relevant randomized controlled trials (RCTs) that were published up to January 2019. A random-effects model was selected to conduct traditional meta-analysis to directly examine the efficacy of different non-pharmacological interventions. The consistency model was selected to conduct a network meta-analysis to evaluate the relative effects and rank probability of different non-pharmacological interventions. RESULTS: A total of 65 RCTs were included in this network meta-analysis involving 11 different non-pharmacological interventions. Network meta-analysis showed that massage therapy, animal-assisted intervention, and personally tailored intervention were associated with more substantial reductions in agitation compared with other interventions and controls. CONCLUSIONS: Our study confirmed the effectiveness of non-pharmacological interventions for ameliorating agitation in people with dementia and recommended several interventions for clinical practice. Healthcare professionals should be encouraged to apply promising non-pharmacological interventions (e.g. massage therapy, animal-assisted intervention and personally tailored intervention) for people with dementia during routine care. Copyright © 2019. Published by Elsevier Ltd. (Medline Ovid 21/09/2022) 231","RAYYAN-INCLUSION: {""Jess""=>""Excluded"", ""Komal""=>""Excluded"", ""Zijie""=>""Excluded"", ""Juliana""=>""Excluded""} | RAYYAN-EXCLUSION-REASONS: Publication type (systematic review and meta-analysis)",https://dx.doi.org/10.1016/j.ijnurstu.2019.103489,Animal Assisted Therapy;Bayes Theorem;Dementia/px [Psychology];*Dementia/th [Therapy];Humans;Massage;*Mental Disorders/th [Therapy];Precision Medicine;Dementia,,
rayyan-883472559,Computerized cognitive training for Chinese mild cognitive impairment patients: A neuropsychological and fMRI study,2019,,,NeuroImage Clinical,2213-1582,22,,101691,"Li, B. Y. and He, N. Y. and Qiao, Y. and Xu, H. M. and Lu, Y. Z. and Cui, P. J. and Ling, H. W. and Yan, F. H. and Tang, H. D. and Chen, S. D.",https://ovidsp.ovid.com/ovidweb.cgi?T=JS&CSC=Y&NEWS=N&PAGE=fulltext&D=med16&AN=30708349http://pmt-eu.hosted.exlibrisgroup.com/openurl/44LSE/44LSE_services_page?sid=OVID:medline&id=pmid:30708349&id=doi:10.1016%2Fj.nicl.2019.101691&issn=2213-1582&isbn=&volume=22&issue=&spage=101691&pages=101691&date=2019&title=NeuroImage+Clinical&atitle=Computerized+cognitive+training+for+Chinese+mild+cognitive+impairment+patients%3A+A+neuropsychological+and+fMRI+study.&aulast=Li,,,,"BACKGROUND: Computerized multi-model training has been widely studied for its effect on delaying cognitive decline. In this study, we designed the first Chinese-version computer-based multi-model cognitive training for mild cognitive impairment (MCI) patients. Neuropsychological effects and neural activity changes assessed by functional MRI were both evaluated. METHOD: MCI patients in the training group were asked to take training 3-4 times per week for 6months. Neuropsychological and resting-state fMRI assessment were performed at baseline and at 6months. Patients in both groups were continuously followed up for another 12months and assessed by neuropsychological tests again. RESULTS: 78 patients in the training group and 63 patients in the control group accomplished 6-month follow-up. Training group improved 0.23 standard deviation (SD) of mini-mental state examination, while control group had 0.5SD decline. Addenbrooke's cognitive examination-revised scores in attention (p=0.002) and memory (p=0.006), as well as stroop color-word test interference index (p=0.038) and complex figure test-copy score (p=0.035) were also in favor of the training effect. Difference between the changes of two groups after training was not statistically significant. The fMRI showed increased regional activity at bilateral temporal poles, insular cortices and hippocampus. However, difference between the changes of two groups after another 12months was not statistically significant. CONCLUSIONS: Multi-model cognitive training help MCI patients to gained cognition benefit, especially in memory, attention and executive function. Functional neuroimaging provided consistent neural activation evidence. Nevertheless, after one-year follow up after last training, training effects were not significant. The study provided new evidence of beneficial effect of multi-model cognitive training. Copyright © 2019. Published by Elsevier Inc. (Medline Ovid 21/09/2022) 253","RAYYAN-INCLUSION: {""Jess""=>""Included"", ""Komal""=>""Included"", ""Zijie""=>""Included"", ""Juliana""=>""Included""}",https://dx.doi.org/10.1016/j.nicl.2019.101691,"Aged;Cerebral Cortex/dg [Diagnostic Imaging];*Cerebral Cortex/pp [Physiopathology];China;Cognitive Dysfunction/dg [Diagnostic Imaging];*Cognitive Dysfunction/pp [Physiopathology];*Cognitive Dysfunction/rh [Rehabilitation];*Cognitive Remediation/mt [Methods];Female;Follow-Up Studies;Humans;Magnetic Resonance Imaging;Male;Middle Aged;Pilot Projects;*Therapy, Computer-Assisted/mt [Methods];Treatment Outcome;Cognition",,
rayyan-883472560,Effects of creative expression therapy on Chinese elderly patients with dementia: an exploratory randomized controlled trial,2019,,,Neuropsychiatric Disease & Treatment,1176-6328,15,,2171-2180,"Lin, R. and Chen, H. Y. and Li, H. and Li, J.",https://ovidsp.ovid.com/ovidweb.cgi?T=JS&CSC=Y&NEWS=N&PAGE=fulltext&D=pmnm4&AN=31440055http://pmt-eu.hosted.exlibrisgroup.com/openurl/44LSE/44LSE_services_page?sid=OVID:medline&id=pmid:31440055&id=doi:10.2147%2FNDT.S200045&issn=1176-6328&isbn=&volume=15&issue=&spage=2171&pages=2171-2180&date=2019&title=Neuropsychiatric+Disease+%26+Treatment&atitle=Effects+of+creative+expression+therapy+on+Chinese+elderly+patients+with+dementia%3A+an+exploratory+randomized+controlled+trial.&aulast=Lin,,,,"Purpose: This study aimed to evaluate the effect of creative expression (CE) therapy on cognition, communication, emotion, and quality-of-life in people with dementia. Methods: One hundred individuals were included in this study, of whom 91 completed the study (mean age=84.33). The participants were randomly assigned to an intervention group (n=43) and a control group (n=48), and received the CE program or standard cognitive (SC) training twice a week for 6 weeks, respectively. Both groups were submitted to extensive neuropsychological tests, as follows - Mini-Mental State Examination (MMSE), Quality of Life-Alzheimer's Disease (QOL-AD), Cornell Scale for Depression in Dementia (CSDD), Functional Assessment of Communication Skills (FACS) at baseline, 1-, and 4 -weeks post-intervention, and the Observed Emotion Rating Scale (OERS) was measured during the intervention period at weeks 3 and 6. Results: The participants demonstrated significant improvements in cognitive function, quality-of-life, depression degree, communication ability, and emotion status (P<0.05) at post-intervention, which were maintained at 1-month follow-up. Conclusion: This study provides preliminary evidence that CE therapy developed in the study benefits elderly Chinese with dementia. The findings indicated that non-pharmacological intervention programs - CE therapy - can be applied in the management of neuropsychiatric symptoms of dementia. (Medline Ovid 21/09/2022) 436","RAYYAN-INCLUSION: {""Jess""=>""Included"", ""Komal""=>""Included"", ""Zijie""=>""Included"", ""Juliana""=>""Included""}",https://dx.doi.org/10.2147/NDT.S200045,Dementia,,
rayyan-883472561,Melissa officinalis and rosmarinic acid in management of memory functions and Alzheimer disease,2019,,,Asian Pacific Journal of Tropical Biomedicine,2221-1691,9,2,47-52,"Mahboubi, M.",,English,,,"Alzheimer disease (AD) as worldwide progressive neurodegenerative disease is prevalent disease among elderly population. Due to limitation in chemical drugs along with their adverse effects of these treatments, research for finding more effective natural drugs, is one of interesting subjects among the scientists. Melissa officinalis (M. officinalis) has a long history of use in treatment of nervous system diseases. This review article evaluates the potency of M. officinalis in treatment of AD by review of experimental and clinical documents on the efficacy, safety and its mechanisms of action in management of AD. The information is extracted from electronic resources (PubMed, Wiley, Springer and Science Direct), English and Persian scientific books. In spite of different scientific and non-scientific reports on the use of M. officinalis and its main component of rosmarinic acid in neurodegenerative diseases, there is only one clinical trial on the efficacy of M. officinalis ethanol extract in management of AD. Different mechanisms of action for M. officinalis, including inhibitory effects against amyloid beta, reactive oxygen species, and acetylcholine esterase, are involved. Larger clinical trials are recommended to confirm the efficacy and safety of M. officinalis extracts in treatment of AD patients. (Global Health Ovid 21/09/2022) 2711","RAYYAN-INCLUSION: {""Jess""=>""Excluded"", ""Komal""=>""Excluded"", ""Zijie""=>""Excluded"", ""Juliana""=>""Excluded""} | RAYYAN-EXCLUSION-REASONS: Publication type (systematic review and meta-analysis)",http://dx.doi.org/10.4103/2221-1691.250849,adverse effects;Alzheimer's disease;clinical trials;drugs;effects;enzymes;esterases;ethanol;extracts;inhibition;nervous system;nervous system diseases;plant extracts;reactive oxygen species;reviews;Alzheimer Disease,,
rayyan-883472562,Development and analysis of group intervention in occupational therapy for elderly with mild neurocognitive disorder,2020,,,Brazilian Journal of Occupational Therapy / Cadernos Brasileiros de Terapia Ocupacional,2526-8910,28,1,187-206,"Maria Carolina Almeida, Alves and Maria Helena Morgani de, Almeida and Exner, Camila and Rosé Colom, Toldrá and Marina Picazzio Perez, Batista",https://search.ebscohost.com/login.aspx?direct=true&db=rzh&AN=143434469&site=ehost-live,,,,"Introduction: The rapid advance of the aging process contributes to the increase of chronic-degenerative diseases, such as Mild Neurocognitive Disorder (MND). Elderly with MND may present difficulties in performing instrumental activities of daily living and social participation, in addition to a higher conversion rate for dementias, compared to healthy elderly individuals. Objective: To describe and analyze a group intervention in Occupational Therapy with elderly with probable MND. Method: Prospective, quantitative, quasi-experimental study of ""before and after"" conception. A total of two interventions were carried out at the University Hospital of the Universidade de São Paulo, in 2014 and 2015. Each intervention covered 8 meetings and had the participation of 11 elderly. Dynamics were used to sensitize the tasks and cognitive abilities most affected in the elderly with MND and to share compensatory mnemonic strategies. For the analysis of the interventions, the instruments were applied before and after: Rivermead Memory Behavior Test; Pfeffer's Questionnaire and Subjective Memory Complaints Questionnaire. For intragroup statistical analysis, we used the Shapiro-Wilk and the non-parametric Wilcoxon tests. Results: There was a statistically significant change in total score of all the instruments applied. Thus, it showed the improvement of cognitive performance, improvement of ability in instrumental activities performance that involve more directly cognitive abilities and reduction of subjective complaints of memory of participants. Conclusion: Intervention is a potent resource for the intervention of the occupational therapist with the elderly with MND, favoring independence in daily occupations, reduction of memory complaints and improvement in cognitive performance. Introdução: O rápido avanço do processo de envelhecimento contribui para o aumento das doenças crônico-degenerativas, como o Transtorno Neurocognitivo Leve (TNL). Idosos com TNL podem apresentar dificuldades no desempenho de atividades instrumentais de vida diária e de participação social, além de índice de conversão maior para demências, comparados a idosos saudáveis. Objetivo: Descrever e analisar intervenção grupal em terapia ocupacional a idosos com provável TNL. Método: Estudo prospectivo, quantitativo, quasi-experimental de concepção ""antes e depois"". Analisaram-se em conjunto duas intervenções realizadas no Hospital Universitário da Universidade de São Paulo, em 2014 e 2015. Cada intervenção abrangeu 8 encontros, com participação de 11 idosos ao todo. Foram utilizadas dinâmicas para sensibilização acerca de tarefas e habilidades cognitivas reconhecidamente mais afetadas em idosos com TNL e compartilhamento de estratégias mnemônicas compensatórias. Para análise das intervenções, aplicaram-se antes e depois os instrumentos: Teste Comportamental de Memória de Rivermead; Questionário de Pfeffer e Questionário de Queixas Subjetivas de Memória. Para análise estatística intragrupo, foram utilizados o teste de Shapiro-Wilk e o teste não-paramétrico de Wilcoxon. Resultados: Houve mudança estatisticamente significativa no escore total de todos os instrumentos aplicados. Assim, houve melhora do desempenho cognitivo, melhora da capacidade no desempenho de atividades instrumentais que envolvem mais diretamente habilidades cognitivas e redução das queixas subjetivas de memória dos participantes. Conclusão: Acredita-se que a intervenção é um potente recurso para atuação do terapeuta ocupacional junto a idosos com TNL por favorecer independência nas ocupações cotidianas, diminuição de queixas de memória e melhora no desempenho cognitivo. (CINAHL 21/09/2022) 3390","RAYYAN-INCLUSION: {""Jess""=>""Excluded"", ""Komal""=>""Excluded"", ""Zijie""=>""Excluded"", ""Juliana""=>""Excluded""} | RAYYAN-EXCLUSION-REASONS: Study design (not randomised)",10.4322/2526-8910.ctoAO1865,"Cognition Disorders;Rehabilitation;In Old Age;Occupational Therapy;Psychotherapy, Group;Human;Prospective Studies;Quantitative Studies;Quasi-Experimental Studies;Clinical Trials;Brazil;Pretest-Posttest Design;Psychological Tests;Questionnaires;Wilcoxon Signed Rank Test;Descriptive Statistics;Activities of Daily Living;Quality of Life;Memory;Academic Medical Centers;Treatment Outcomes;Social Participation;Data Analysis Software;Male;Female;Middle Age;Aged;Aged, 80 and Over",,
rayyan-883472563,Dual-Task Training Affect Cognitive and Physical Performances and Brain Oscillation Ratio of Patients With Alzheimer's Disease: A Randomized Controlled Trial,2020,,,Frontiers in aging neuroscience,1663-4365,12,,605317,"Parvin, E. and Mohammadian, F. and Amani-Shalamzari, S. and Bayati, M. and Tazesh, B.",https://ovidsp.ovid.com/ovidweb.cgi?T=JS&CSC=Y&NEWS=N&PAGE=fulltext&D=pmnm5&AN=33424581http://pmt-eu.hosted.exlibrisgroup.com/openurl/44LSE/44LSE_services_page?sid=OVID:medline&id=pmid:33424581&id=doi:10.3389%2Ffnagi.2020.605317&issn=1663-4365&isbn=&volume=12&issue=&spage=605317&pages=605317&date=2020&title=Frontiers+in+aging+neuroscience&atitle=Dual-Task+Training+Affect+Cognitive+and+Physical+Performances+and+Brain+Oscillation+Ratio+of+Patients+With+Alzheimer%27s+Disease%3A+A+Randomized+Controlled+Trial.&aulast=Parvin,,,,"This study aimed to investigate the effect of 12 weeks of dual-task training on cognitive status, physical performance, and brain oscillation of patients with Alzheimer's disease (AD). Twenty-six AD patients were randomly assigned to two groups, the training group (TG) and control group (CG). TG executed progressive combined exercises with visual stimulation twice a week for 12 weeks. Training included muscle endurance, balance, flexibility, and aerobic exercises with eyes closed and opened. Brain oscillation on electroencephalography (EEG) and a series of physical, cognitive, and mental tests were taken before and post-intervention. There was a significant improvement after training protocol in cognitive function, particularly in short-term and working memory, attention, and executive function (p < 0.01). Besides, there were substantial improvements in depression status (GDS scale), aerobic fitness (6 min walking), flexibility (chair sit and reach) functional ability (chair stand, timed up and go test), strength (knee extensions, preacher biceps curl, handgrip) in TG compared to CG. These signs of progress were associated with a significant increase (p < 0.05) in the frequency of brain oscillation and a decrease in the theta/alpha ratio. In addition to physical performance, the regular combined training with visual stimulation improves brain health as indicated by improving cognitive function and reducing the theta/alpha ratio. Clinical Trial Registration: Iranian Registry of Clinical Trials (IRCT) https://www.irct.ir/, identifier IRCT20190504043468N1-August 5, 2020. Copyright © 2020 Parvin, Mohammadian, Amani-Shalamzari, Bayati and Tazesh. (Medline Ovid 21/09/2022) 330","RAYYAN-INCLUSION: {""Jess""=>""Included"", ""Komal""=>""Included"", ""Zijie""=>""Included"", ""Juliana""=>""Included""}",https://dx.doi.org/10.3389/fnagi.2020.605317,Brain;Alzheimer Disease,,
rayyan-883472564,Tianzhi granule improves cognition and BPSD of vascular dementia: a randomized controlled trial,2020,10,2,Journal of Translational Medicine,1479-5876,18,1,76,"Shi, J. and Wei, M. and Ni, J. and Sun, F. and Sun, L. and Wang, J. and Yu, T. and Wang, K. and Lv, P. and Wang, Y. and Zhang, Y. and Gao, X. and Gao, X. and Luo, B. and Mao, S. and Zhang, B. and Ren, X. and Yu, F. and Hu, W. and Yin, P. and Wu, N. and Liu, X. and Bi, Q. and Wang, Y. and Tian, J. and Group, C. S.",https://ovidsp.ovid.com/ovidweb.cgi?T=JS&CSC=Y&NEWS=N&PAGE=fulltext&D=med17&AN=32054507http://pmt-eu.hosted.exlibrisgroup.com/openurl/44LSE/44LSE_services_page?sid=OVID:medline&id=pmid:32054507&id=doi:10.1186%2Fs12967-020-02232-z&issn=1479-5876&isbn=&volume=18&issue=1&spage=76&pages=76&date=2020&title=Journal+of+Translational+Medicine&atitle=Tianzhi+granule+improves+cognition+and+BPSD+of+vascular+dementia%3A+a+randomized+controlled+trial.&aulast=Shi,,,,"BACKGROUND AND PURPOSE: Tianzhi granule (TZ) is usually used for patients with vascular dementia (VaD) in China. The aim was to assess the effect of TZ by a randomized clinical trial (RCT). METHODS: A 24-week RCT was conducted in 16 centres. Participants were grouped into TZ, donepezil or placebo. The co-primary outcomes were the Vascular Dementia Assessment Scale-cognitive subscale (VADAS-cog) and Clinician's Interview-based Impression of Change-plus caregiver information (CIBIC-plus). RESULTS: A total of 543 patients with mild to moderate VaD were enrolled, of whom 242 took TZ granules, 241 took donepezil, and 60 took placebo. The least-squares mean changes from baseline and 95% CI were 6.20 (5.31, 7.09) (TZ group), 6.53 (5.63, 7.42) (donepezil group) and 3.47 (1.76, 5.19) (placebo group), both TZ and donepezil showed small but significantly improvement compared with placebo group. The percent of improvement on the global impression which was measured by CIBIC-plus was 73.71% in TZ and 58.18% in placebo, there was significant different between TZ and placebo group (P = 0.004). No significant differences were observed between TZ and donepezil. No significant differences of adverse events were found. CONCLUSIONS: TZ and donepezil could bring symptomatic benefit for mild to moderate VaD. Trial registration The protocol had retrospectively registered at clinical trial.gov, Unique identifier: NCT02453932, date of registration: May 27, 2015; https://www.clinicaltrials.gov/ct2/show/NCT02453932?term=NCT02453932&rank=1. (Medline Ovid 21/09/2022) 1071","RAYYAN-INCLUSION: {""Jess""=>""Included"", ""Komal""=>""Included"", ""Zijie""=>""Included"", ""Juliana""=>""Included""}",https://dx.doi.org/10.1186/s12967-020-02232-z,"*Alzheimer Disease;China;Cognition;Dementia, Vascular/dt [Drug Therapy];*Dementia, Vascular;Double-Blind Method;Humans;Indans/tu [Therapeutic Use];Piperidines/pd [Pharmacology];Piperidines/tu [Therapeutic Use];Treatment Outcome;0 (Indans);0 (Piperidines);Dementia, Vascular;Dementia",,
rayyan-883472565,Effects of walking on sundown syndrome in community-dwelling people with Alzheimer's disease,2020,6,,International Journal of Older People Nursing,1748-3743,15,2,e12292,"Shih, Y. H. and Pai, M. C. and Lin, H. S. and Sung, P. S. and Wang, J. J.",https://ovidsp.ovid.com/ovidweb.cgi?T=JS&CSC=Y&NEWS=N&PAGE=fulltext&D=med17&AN=31814316http://pmt-eu.hosted.exlibrisgroup.com/openurl/44LSE/44LSE_services_page?sid=OVID:medline&id=pmid:31814316&id=doi:10.1111%2Fopn.12292&issn=1748-3735&isbn=&volume=15&issue=2&spage=e12292&pages=e12292&date=2020&title=International+Journal+of+Older+People+Nursing&atitle=Effects+of+walking+on+sundown+syndrome+in+community-dwelling+people+with+Alzheimer%27s+disease.&aulast=Shih,,,,"BACKGROUND: Sundown syndrome is an important care issue for people with dementia (PwD) and for family caregivers. Walking is a safe and simple physical activity for most PwD, yet no research has explored the effects of different long-term walking periods on sundown syndrome. OBJECTIVES: This study aimed to determine the effects of walking on sundown syndrome, and to identify whether different walking time periods would show different effects on sundown syndrome in community-dwelling people with Alzheimer's disease. METHODS: A quasi-experimental designed study with repeated measurements was conducted. Sixty PwD were recruited and assigned to either the control group or the morning or afternoon walking group according to their caregiver's preference. The participants in the two walking groups completed an average of 120-min walking per week, accompanied by their caregivers. Forty-six achieved the 6-month intervention. Four measurements were taken, one at the pretest and one at weeks 8, 16 and 24. The Chinese version of the Cohen-Mansfield Agitation Inventory, community form (C-CMAI) was used to assess the severity of the sundown syndrome. The generalised estimating equation (GEE) was applied for the longitudinal data analysis. RESULTS: There was a significant change across the study period (p = .048) in the morning walking group, indicating that the score for sundown syndrome decreased when PwD walked in the morning. Considering group effects, compared to the control group, the C-CMAI scores significantly decreased after 16 weeks of walking in the afternoon walking group (p = .001) and after 24 weeks in both the morning and afternoon walking groups (p = .001), indicating that after PwD had walked for 16 weeks, sundown syndrome ameliorated in the afternoon group and continually decreased after 24 weeks in both the morning and afternoon groups. However, there was no significant group difference between the morning and afternoon walking groups during the 24-week walking intervention. CONCLUSIONS: The results indicated that both morning walking and afternoon walking are beneficial for ameliorating the symptoms of sundown syndrome; however, walking in the afternoon may have a faster effect on the symptoms than walking in the morning. Walking is a safe, simple, feasible and effective intervention to benefit individuals with sundown syndrome. IMPLICATIONS FOR PRACTICE: Regularly walking for 30 min a day, four times a week, is beneficial to alleviate sundown syndrome among PwD living in the community. Either morning or afternoon walking is effective for decreasing sundown syndrome, and the longer the walking time, the greater the impact on sundown syndrome. Copyright © 2019 John Wiley & Sons Ltd. (Medline Ovid 21/09/2022) 479","RAYYAN-INCLUSION: {""Jess""=>""Excluded"", ""Komal""=>""Excluded"", ""Zijie""=>""Excluded"", ""Juliana""=>""Excluded""} | RAYYAN-EXCLUSION-REASONS: Study design (not randomised)",https://dx.doi.org/10.1111/opn.12292,"Aged;Aged, 80 and over;*Alzheimer Disease/px [Psychology];*Anxiety/pc [Prevention & Control];*Confusion/pc [Prevention & Control];*Exercise;Female;Humans;Independent Living;Male;Syndrome;Taiwan/ep [Epidemiology];Time Factors;*Walking;*Wandering Behavior/px [Psychology];Alzheimer Disease",,
rayyan-883472566,"Assessment of neuropsychological outcomes using a new multiple source, constant-current rechargeable deep brain stimulation system for the treatment of Parkinson's Disease-INTREPID study",2019,,,Movement Disorder,1531-8257,34,,S90,"Troster, A. and Jain, R. and Chen, L. and Study Group, I. and Okun, M.",http://ovidsp.ovid.com/ovidweb.cgi?T=JS&PAGE=reference&D=emed20&NEWS=N&AN=631399855,English,,,"Objective: To evaluate neuropsychological outcomes in subjects participating in the INTREPID randomized controlled trial (RCT). Background(s): Neuropsychological evaluation in the context of Deep Brain Stimulation (DBS) for Parkinson's disease (PD) is important for the following: a) pre-operative screening and b) assessment of the potential effect of DBS on cognitive and emotional symptoms. The INTREPID RCT sought to evaluate the improvement in motor function and quality of life in patients with advanced, levodopa-responsive PD following bilateral subthalamic nucleus (STN) DBS using a new device equipped with multiple current sources. In this report, neuropsychological outcomes from subjects participating in the INTREPID RCT will be specifically described. These outcomes are of particular interest and novel because the multiple current source device offers the potential for current steering and shaping. Method(s): INTREPID (ClinicalTrials.gov Identifier: NCT01839396) is a multi-center, prospective, double-blind,randomized controlled trial (RCT) sponsored by Boston Scientific. Subjects with advanced PD were implanted bilaterally in the STN with a multiple-source, constant current DBS System (Vercise, Boston Scientific). Subjects were evaluated by a neuropsychologist before and after implantation in the meds on condition. A battery of neuropsychological assessments were collected, specifically the following: Mattis Dementia Rating Scale (DRS-2) Starkstein Apathy Scale (SAS), Beck Depression Inventory (BDI-II, and the Columbia Suicide Severity Scale (CSSRS). Result(s): Data collection and analysis is currently still ongoing. Analyzed results derived from neuropsychological assessments are to be presented. Conclusion(s): Studies of neuropsychological outcomes of STN-DBS generally support the safety of the procedure from a neuropsychological standpoint, though a minority of patients experience cognitive or emotional adverse events within 6 months of surgery and verbal fluency declines are common. The INTREPID trial provides an opportunity to enhance the existing literature by reporting neuropsychological DBS outcomes using a multiple current source device. (Embase Ovid 21/09/2022) 2180","RAYYAN-INCLUSION: {""Jess""=>""Excluded"", ""Komal""=>""Excluded"", ""Zijie""=>""Excluded"", ""Juliana""=>""Excluded""} | RAYYAN-EXCLUSION-REASONS: Setting (not low- and middle-income country)",,adult;apathy;Beck Depression Inventory;*clinical assessment;Colombia;conference abstract;controlled study;*deep brain stimulator;double blind procedure;drug safety;female;human;implantation;male;Massachusetts;Mattis Dementia Rating Scale;*Parkinson disease;prospective study;randomized controlled trial (topic);subthalamic nucleus;suicide;systematic review;Parkinson Disease;Brain,,
rayyan-883472567,Effectiveness and Safety of Acupuncture for the Treatment of Alzheimer's Disease: A Systematic Review and Meta-Analysis,2020,,,Frontiers in aging neuroscience,1663-4365,12,,98,"Wang, Y. Y. and Yu, S. F. and Xue, H. Y. and Li, Y. and Zhao, C. and Jin, Y. H.",https://ovidsp.ovid.com/ovidweb.cgi?T=JS&CSC=Y&NEWS=N&PAGE=fulltext&D=pmnm5&AN=32435187http://pmt-eu.hosted.exlibrisgroup.com/openurl/44LSE/44LSE_services_page?sid=OVID:medline&id=pmid:32435187&id=doi:10.3389%2Ffnagi.2020.00098&issn=1663-4365&isbn=&volume=12&issue=&spage=98&pages=98&date=2020&title=Frontiers+in+aging+neuroscience&atitle=Effectiveness+and+Safety+of+Acupuncture+for+the+Treatment+of+Alzheimer%27s+Disease%3A+A+Systematic+Review+and+Meta-Analysis.&aulast=Wang,,,,"Background: The effects of acupuncture on Alzheimer's disease (AD) outcomes remain controversial. The aim of this review was to evaluate the effectiveness and safety of acupuncture for the treatment of AD. Methods: PubMed, Embase, Web of Science, the Cochrane Central Register of Controlled Trials, Chinese BioMedical Literature Database, VIP Database for Chinese Technical Periodicals, China National Knowledge Infrastructure, and Wanfang Data were searched to identify relevant randomized controlled trials from inception to January 19, 2019. Data were extracted and evaluated by two authors independently. The data analysis was conducted using R (version 3.6.0) and RStudio (version 1.2.1335) software. Results: Thirty trials involving 2,045 patients were included. Acupuncture plus drug therapy may have been more beneficial for general cognitive function in AD patients than drug therapy alone (short-term treatment: MD, mean difference = 1.94, 95% CI: 1.11, 2.77; p < 0.01; medium-term treatment: MD = 4.41, 95% CI: 1.83, 7.00; p < 0.01). People who received acupuncture plus drug therapy attained higher ADL (Activities of Daily Living) scores than patients who received drug therapy alone for medium-term treatment duration (MD = -2.14; 95% CI: -3.69, -0.59; p < 0.01). However, there is no statistically significant difference in subgroup effect on MMSE (Mini-mental Status Examination) and ADLs (p > 0.05) when comparing acupuncture treatment with drug therapy (such as Donepezil hydrochloride, Nimodipine, or Yizhijiannao), or acupuncture plus drug therapy (such as Donepezil hydrochloride, Dangguishaoyaosan, or Jiannaosan) with drug therapy alone. There was also no significant difference in general cognitive function, ADLs, or incidence of adverse events between acupuncture treatment and drug therapy (p > 0.05). Conclusions: This review indicates that acupuncture plus drug therapy may have a more beneficial effect for AD patients than drug therapy alone on general cognitive function in the short and medium term and on ADLs in the medium term. Acupuncture alone may not have superior effects compared with drug therapy on global cognitive function, ADLs, and incidence of adverse events. Duration of treatment may not modify the effect of acupuncture in comparison with drug therapy. Additional large-scale and high-quality clinical trials are needed. Copyright © 2020 Wang, Yu, Xue, Li, Zhao and Jin. (Medline Ovid 21/09/2022) 398","RAYYAN-INCLUSION: {""Jess""=>""Excluded"", ""Komal""=>""Excluded"", ""Zijie""=>""Excluded"", ""Juliana""=>""Excluded""} | RAYYAN-EXCLUSION-REASONS: Publication type (systematic review and meta-analysis)",https://dx.doi.org/10.3389/fnagi.2020.00098,Alzheimer Disease,,
rayyan-883472568,"Kihito, a Traditional Japanese Kampo Medicine, Improves Cognitive Function in Alzheimer's Disease Patients",2019,,,Evidence-Based Complementary & Alternative Medicine: eCAM,1741-427X,2019,,4086749,"Watari, H. and Shimada, Y. and Matsui, M. and Tohda, C.",https://ovidsp.ovid.com/ovidweb.cgi?T=JS&CSC=Y&NEWS=N&PAGE=fulltext&D=pmnm&AN=31217803http://pmt-eu.hosted.exlibrisgroup.com/openurl/44LSE/44LSE_services_page?sid=OVID:medline&id=pmid:31217803&id=doi:10.1155%2F2019%2F4086749&issn=1741-427X&isbn=&volume=2019&issue=&spage=4086749&pages=4086749&date=2019&title=Evidence-Based+Complementary+%26+Alternative+Medicine%3A+eCAM&atitle=Kihito%2C+a+Traditional+Japanese+Kampo+Medicine%2C+Improves+Cognitive+Function+in+Alzheimer%27s+Disease+Patients.&aulast=Watari,,,,"BACKGROUND AND AIMS: We previously reported that the administration of traditional Japanese medicines, kihito (Gui-Pi-Tang in Chinese) and kamikihito (Jia-Wei-Gui-Pi-Tang in Chinese), to Alzheimer's disease (AD) model mice improved memory impairment. There are a few reports that show kihito and kamikihito have a beneficial effect on the cognitive function of AD patients in clinical studies. However, these studies are not comparative and are retrospective studies; thus, more evidence is needed. Therefore, we conducted an open-label, crossover designed clinical trial to investigate the effect of kihito on cognitive function of AD patients. METHODS: The inclusion criteria for eligible patients were as follows: (1) imaging diagnosis (magnetic resonance imaging and single-photon emission computed tomography) of AD, (2) a treatment regimen including acetylcholinesterase inhibitors (ChEIs), and (3) a Mini-Mental State Examination (MMSE) score >=15. The exclusion criteria were as follows: (1) change in ChEI dosage, (2) memantine usage, and (3) MMSE score < 15. To prevent bias in age and baseline cognitive function, patients were divided into two groups: the first group received 2.5 g of kihito extract 3 times/day during the first half of the study (weeks 0-16) and the second group received the same dose of kihito during the second half of the study (weeks 17-32). ChEI dosage did not change during the study period. Patients underwent a cognitive function test during weeks 0, 16, and 32. Cognitive function was evaluated by Japanese versions of the Mini-Mental State Examination (MMSE-J) and the Repeatable Battery for the Assessment of Neuropsychological Status (RBANS-J) test. RESULTS: Ten patients completed the clinical trial (4 males, 6 females, average age 71.7 years). MMSE-J scores significantly increased during the kihito intake period. RBANS-J test scores had a slight improvement during the kihito intake period compared with the ChEI alone treatment period, but no significant changes were observed. CONCLUSION: Kihito improves cognitive function in AD patients. (Medline Ovid 21/09/2022) 685","RAYYAN-INCLUSION: {""Jess""=>""Excluded"", ""Komal""=>""Excluded"", ""Zijie""=>""Excluded"", ""Juliana""=>""Excluded""} | RAYYAN-EXCLUSION-REASONS: Study design (not randomised)",https://dx.doi.org/10.1155/2019/4086749,Alzheimer Disease,,
rayyan-883472569,The efficacy of statins in the treatment of Alzheimer's disease: a meta-analysis of randomized controlled trial,2020,6,,Neurological Sciences,1590-3478,41,6,1391-1404,"Xuan, K. and Zhao, T. and Qu, G. and Liu, H. and Chen, X. and Sun, Y.",https://ovidsp.ovid.com/ovidweb.cgi?T=JS&CSC=Y&NEWS=N&PAGE=fulltext&D=med17&AN=31930449http://pmt-eu.hosted.exlibrisgroup.com/openurl/44LSE/44LSE_services_page?sid=OVID:medline&id=pmid:31930449&id=doi:10.1007%2Fs10072-020-04243-6&issn=1590-1874&isbn=&volume=41&issue=6&spage=1391&pages=1391-1404&date=2020&title=Neurological+Sciences&atitle=The+efficacy+of+statins+in+the+treatment+of+Alzheimer%27s+disease%3A+a+meta-analysis+of+randomized+controlled+trial.&aulast=Xuan,,,,"OBJECTIVE: Alzheimer's disease (AD) is a common type of dementia, which has caused heavy global economic and health burden, and the using of statins to treat AD has caused widely debated. The purpose of this meta-analysis is to explore the effect of statins in the treatment of Alzheimer's disease. METHODS: Studies were retrieved by searching PubMed, Embase, Cochrane library, OvisdSP, Web of Science, Chinese Nation Knowledge Infrastructure (CNKI) and Chinese Biomedical Database (CBM) databases before March 31, 2019. We extracted the Mini-Mental State Examination (MMSE), Alzheimer's Disease Assessment Scale-cognitive (ADAS-Cog), Neuropsychiatric Inventory (NPI), Activities of Daily Living (ADL) scale score, and other information. The pooled Weighted Mean Difference (WMD) and their 95% confidence intervals (95% CI) were calculated with random effect model or fixed random effect model. RESULTS: A total of nine randomized controlled trials were included that contained 1489 patients; of them, 742 patients in the statins group, 747 patients in the control group. There were nine studies used the MMSE scale, five studies used the ADAS-Cog scale, four studies used the NPI scale, and six studies used the ADL scale. Meta-analysis of the nine studies that reported the MMSE scale scores indicated that there is no significant effect of statins as compared with control group (the pooled WMD = 1.09, 95% CI, - 0.00, 2.18, p = 0.05, I2 = 87.9%). Meta-analysis of the five studies that reported the ADAS-Cog scale scores also indicated that there is no significant effect of statins as compared with control group (the pooled WMD = - 0.16, 95% CI, - 2.67, 2.36, p = 0.90, I2 = 80.1%). Meta-analysis of the four studies that reported the NPI scale scores indicated that treatment with statins could slow the rise in the NPI scale scores (the pooled WMD = - 1.16, 95% CI, - 1.88, - 0.44, p = 0.002, I2 = 45.4%). Meta-analysis of the six studies that reported the ADL scale scores indicated that treatment with statins could improve patients' daily living ability (the pooled WMD = - 4.06, 95% CI, - 6.88, - 1.24, p = 0.005, I2 = 86.7%). Results of subgroup analysis indicated that the use of statins in the short term (<= 12 months) associated with the change of the MMSE scale scores (the pooled WMD = 1.78, 95% CI, 0.53, 3.04, p = 0.005, I2 = 79.6%). Sensitivity analysis and publication bias test were both negative, and the results were relatively reliable and stable. CONCLUSION: Statins used in AD patients had beneficial effects on the scores of MMSE scale in the short term (<= 12 months), and statins could slow the deterioration of neuropsychiatric status and significantly improve activities of daily living ability in AD patients, but statins did not show an advantage in the change of the ADAS-Cog scale scores. (Medline Ovid 21/09/2022) 502","RAYYAN-INCLUSION: {""Jess""=>""Excluded"", ""Komal""=>""Excluded"", ""Zijie""=>""Excluded"", ""Juliana""=>""Excluded""} | RAYYAN-EXCLUSION-REASONS: Publication type (systematic review and meta-analysis)",https://dx.doi.org/10.1007/s10072-020-04243-6,"*Alzheimer Disease/dt [Drug Therapy];Humans;*Hydroxymethylglutaryl-CoA Reductase Inhibitors/pd [Pharmacology];*Outcome Assessment, Health Care;*Randomized Controlled Trials as Topic;*Severity of Illness Index;0 (Hydroxymethylglutaryl-CoA Reductase Inhibitors);Alzheimer Disease",,
rayyan-883472570,"A Multicenter, Randomized Clinical Trial to Assess the Efficacy of a Therapeutic Intervention Program for Caregivers of People with Dementia",2019,4,,Journal of Clinical Neurology,1738-6586,15,2,235-242,"Yoo, R. and Yeom, J. and Kim, G. H. and Park, H. K. and Kang, Y. and Hwang, J. and Choi, S. H. and Na, H. R. and Cho, S. J. and Yu, K. H. and Kim, D. H. and Lee, J. H. and Jeong, J. H.",https://ovidsp.ovid.com/ovidweb.cgi?T=JS&CSC=Y&NEWS=N&PAGE=fulltext&D=pmnm4&AN=30938110http://pmt-eu.hosted.exlibrisgroup.com/openurl/44LSE/44LSE_services_page?sid=OVID:medline&id=pmid:30938110&id=doi:10.3988%2Fjcn.2019.15.2.235&issn=1738-6586&isbn=&volume=15&issue=2&spage=235&pages=235-242&date=2019&title=Journal+of+Clinical+Neurology&atitle=A+Multicenter%2C+Randomized+Clinical+Trial+to+Assess+the+Efficacy+of+a+Therapeutic+Intervention+Program+for+Caregivers+of+People+with+Dementia.&aulast=Yoo,,,,"BACKGROUND AND PURPOSE: Caregivers experience tremendous social, financial, physical, and psychological burdens in caring for people with dementia. This study aimed to determine the efficacy of a multicomponent therapeutic intervention program for the caregivers of people with dementia (CGPWD) through a multicenter clinical trial: the intervention program-caregivers of people with dementia study. METHODS: The 38 caregivers of dementia patients at 8 sites were randomized into 2 groups: treatment (n=19) and control (n=19). The treatment group received the intervention program for 8-10 weeks, including one group session for dementia education and three individual sessions (on cognitive behavioral therapy, coping with stress, and stress management) and single targeted training for daily activities. The Korean version of the Zarit Burden Interview (ZBI-K) and the Geriatric Depression Scale (GDS) were evaluated at pre- and postintervention as primary efficacy measures. RESULTS: The treatment group displayed significant improvements in scores on the ZBI-K and GDS. The ZBI-K score at postintervention was significantly reduced in the treatment group compared to that in the control group [6.2-point decrease vs. 3.7-point increase, t(37)=-2.9, p<0.01]. There was a significant difference in the GDS score between the treatment and control groups [2.2-point decrease vs. 1.3-point increase, t(18)=2.5, p<0.05]. CONCLUSIONS: The findings of this study imply that a multicomponent therapeutic intervention program is effective in reducing the burden experienced by and depression among CGPWD. Further research is warranted to investigate the long-term effects of the intervention program for CGPWD. Copyright © 2019 Korean Neurological Association. (Medline Ovid 21/09/2022) 759","RAYYAN-INCLUSION: {""Jess""=>""Excluded"", ""Komal""=>""Excluded"", ""Zijie""=>""Excluded"", ""Juliana""=>""Excluded""} | RAYYAN-EXCLUSION-REASONS: Setting (not low- and middle-income country)",https://dx.doi.org/10.3988/jcn.2019.15.2.235,Dementia,,
rayyan-883472571,Meta-Analysis on the Efficacy and Safety of Hyperbaric Oxygen as Adjunctive Therapy for Vascular Dementia,2019,,,Frontiers in aging neuroscience,1663-4365,11,,86,"You, Q. and Li, L. and Xiong, S. Q. and Yan, Y. F. and Li, D. and Yan, N. N. and Chen, H. P. and Liu, Y. P.",https://ovidsp.ovid.com/ovidweb.cgi?T=JS&CSC=Y&NEWS=N&PAGE=fulltext&D=pmnm4&AN=31057392http://pmt-eu.hosted.exlibrisgroup.com/openurl/44LSE/44LSE_services_page?sid=OVID:medline&id=pmid:31057392&id=doi:10.3389%2Ffnagi.2019.00086&issn=1663-4365&isbn=&volume=11&issue=&spage=86&pages=86&date=2019&title=Frontiers+in+aging+neuroscience&atitle=Meta-Analysis+on+the+Efficacy+and+Safety+of+Hyperbaric+Oxygen+as+Adjunctive+Therapy+for+Vascular+Dementia.&aulast=You,,,,"Background: Vascular dementia (VD) is a common type of disease in the elderly. Numerous clinical trials have suggested that hyperbaric oxygen is an effective and safe complementary therapy for aging-related disorders. However, there is no reliable systematic evidence regarding hyperbaric oxygen therapy (HBOT) for the treatment of VD. Therefore, we performed a meta-analysis to evaluate the clinical efficacy and safety of HBOT in treating VD. Methods: We methodically retrieved the clinical studies from eight databases (PubMed, Cochrane Library, Embase, Web of Science, Sino-Med, China National Knowledge Infrastructure (CNKI), China Science and Technology Journal Database (VIP), and WanFang) from their inception to November 2018. RevMan 5.3.5 was used for quality assessment and data analysis. Stata 15.1 was employed for publication bias detection and sensitivity analysis. Results: Twenty-five randomized clinical trials (RCTs) involving 1,954 patients met our inclusion criteria. These articles researched the HBOT + oxiracetam + conventional therapy (CT) vs. oxiracetam + CT (n = 13), HBOT + butylphthalide +CT vs. butylphthalide + CT (n = 5), HBOT + donepezil + CT vs. donepezil + CT (n = 4), HBOT + nicergoline + CT vs. nicergoline + CT (n = 2) and HBOT + CT vs. CT (n = 1). The results indicated that additional HBOT strikingly improved the Mini-Mental State Examination (MMSE) (MD = 4.00; 95% CI = 3.28-4.73; P < 0.00001), activities of daily living (ADL) (MD = -5.91; 95% CI = -6.45, -5.36; P < 0.00001) and ADL by Barthel index (BADL) (MD = 13.86; 95% CI = 5.63-22.10; P = 0.001) and increased the total efficacy rate (TEF) (OR = 4.84, 95% CI = 3.19-7.33, P < 0.00001). The adverse events rates were not statistically significant between the HBOT and CT groups (OR = 0.85, 95% CI = 0.26-2.78, P = 0.79). Conclusion: In view of the effectiveness and safety of HBOT, the present meta-analysis suggested that HBOT can be recommended as an effective and safe complementary therapy for the treatment of VD. Protocol Registration: PROSPERO (ID: CRD42019117178). Available online at: http://www.crd.york.ac.uk/PROSPERO/display_record.asp?ID=CRD42019117178. (Medline Ovid 21/09/2022) 737","RAYYAN-INCLUSION: {""Jess""=>""Excluded"", ""Komal""=>""Excluded"", ""Zijie""=>""Excluded"", ""Juliana""=>""Excluded""} | RAYYAN-EXCLUSION-REASONS: Publication type (systematic review and meta-analysis)",https://dx.doi.org/10.3389/fnagi.2019.00086,"Dementia, Vascular;Hyperbaric Oxygenation;Oxygenators;Dementia",,
rayyan-883472572,"A newly designed intensive caregiver education program reduces cognitive impairment, anxiety, and depression in patients with acute ischemic stroke",2019,,,Brazilian Journal of Medical & Biological Research,1414-431X,52,9,e8533,"Zhang, L. and Zhang, T. and Sun, Y.",https://ovidsp.ovid.com/ovidweb.cgi?T=JS&CSC=Y&NEWS=N&PAGE=fulltext&D=med16&AN=31483000http://pmt-eu.hosted.exlibrisgroup.com/openurl/44LSE/44LSE_services_page?sid=OVID:medline&id=pmid:31483000&id=doi:10.1590%2F1414-431X20198533&issn=0100-879X&isbn=&volume=52&issue=9&spage=e8533&pages=e8533&date=2019&title=Brazilian+Journal+of+Medical+%26+Biological+Research&atitle=A+newly+designed+intensive+caregiver+education+program+reduces+cognitive+impairment%2C+anxiety%2C+and+depression+in+patients+with+acute+ischemic+stroke.&aulast=Zhang,,,,"This study aimed to evaluate the effect of a newly designed intensive caregiver education program (ICEP) on reducing cognitive impairment, anxiety, and depression in acute ischemic stroke (AIS) patients. One hundred and ninety-six AIS patients were divided into ICEP group and Control group in a 1:1 ratio using blocked randomization method. In the ICEP group, the caregivers received ICEP, while in the Control group caregivers received usual education and guidance. All patients received conventional rehabilitation treatment. Cognitive impairment (assessed by Mini Mental State Examination (MMSE) score and Montreal Cognitive Assessment (MoCA) score), anxiety (assessed by Hospital Anxiety and Depression Scale (HADS)-A score and Self-rating Anxiety Scale (SAS) score), and depression (assessed by HADS-D score and Self-rating Depression Scale (SDS) score) were assessed at baseline (M0), 3 months (M3), 6 months (M6), and 12 months (M12). Cognitive impairment score at M12 and cognitive impairment score change (M12-M0) were increased, while cognitive impairment rate at M12 was reduced in the ICEP group compared with the Control group. Anxiety score change (M12-M0), anxiety score at M12, and anxiety rate at M12 were decreased in the ICEP group compared with the Control group. Depression score change (M12-M0), depression score at M12, and depression rate at M12 were lower in the ICEP group compared with the Control group. Further subgroup analysis based on baseline features also provided similar results. In conclusion, ICEP effectively reduced cognitive impairment, anxiety, and depression in AIS patients. (Medline Ovid 21/09/2022) 798","RAYYAN-INCLUSION: {""Jess""=>""Excluded"", ""Komal""=>""Excluded"", ""Zijie""=>""Excluded"", ""Juliana""=>""Excluded""} | RAYYAN-EXCLUSION-REASONS: Population (not people with dementia or mild cognitive impairment or their carers)",https://dx.doi.org/10.1590/1414-431X20198533,Adult;Anxiety/et [Etiology];*Anxiety/pc [Prevention & Control];Anxiety Disorders/et [Etiology];*Anxiety Disorders/pc [Prevention & Control];*Caregivers;Case-Control Studies;Cognitive Dysfunction/et [Etiology];*Cognitive Dysfunction/pc [Prevention & Control];Depressive Disorder/et [Etiology];*Depressive Disorder/pc [Prevention & Control];Female;*Health Education/mt [Methods];Humans;Male;Middle Aged;Neuropsychological Tests;Stroke/co [Complications];*Stroke/nu [Nursing];Stroke/px [Psychology];Stroke Rehabilitation;Anxiety;Stroke,,
rayyan-883472573,Chinese herbal medicines on cognitive function and activity of daily living in senior adults with Alzheimer's disease: a systematic review and meta-analysis,2019,6,,Integrative Medicine Research,2213-4220,8,2,92-100,"Zhang, Y. and Noh, K. and Song, W.",https://ovidsp.ovid.com/ovidweb.cgi?T=JS&CSC=Y&NEWS=N&PAGE=fulltext&D=pmnm&AN=31193415http://pmt-eu.hosted.exlibrisgroup.com/openurl/44LSE/44LSE_services_page?sid=OVID:medline&id=pmid:31193415&id=doi:10.1016%2Fj.imr.2019.04.006&issn=2213-4220&isbn=&volume=8&issue=2&spage=92&pages=92-100&date=2019&title=Integrative+Medicine+Research&atitle=Chinese+herbal+medicines+on+cognitive+function+and+activity+of+daily+living+in+senior+adults+with+Alzheimer%27s+disease%3A+a+systematic+review+and+meta-analysis.&aulast=Zhang,,,,"BACKGROUND: This systematic review was performed to investigate the effects of Chinese herbal nedicine (CHM) on cognitive function and activity of daily living (ADL) in individuals with Alzheimer's disease. METHODS: Five electronic databases (Medline, Embase, Cinahl, PsycArticles, and CNKI) were searched from inception to January 2019. Randomized controlled trials (RCTs) assessing the effect of CHM on cognition and activity of daily living in adults with Alzheimer's disease were included. We pooled the effects size using the Comprehensive Meta-Analysis Software. Cochrane risk of bias tool was used to evaluate the study quality. RESULTS: Twenty-five RCTs (1855 individuals with AD) were included in this review. Overall findings of this meta-analysis indicated that CHM improved the cognitive function (SMD = 0.66, 95% CI [0.44, 0.89], I 2 = 77.9%, p < 0.001) and ADL (SMD = 0.38, 95% CI [0.25, 0.49], I 2 = 35.3%, p < 0.001) compared with conventional drugs. No publication biases were observed on both cognitive function and ADL. CONCLUSION: CHM may have potential effects for improving cognitive function and ADL for individuals with AD compared with conventional drug therapies. However, the evidence is limited because of high risk of bias of the included trials. (Medline Ovid 21/09/2022) 161","RAYYAN-INCLUSION: {""Jess""=>""Excluded"", ""Komal""=>""Excluded"", ""Zijie""=>""Excluded"", ""Juliana""=>""Excluded""} | RAYYAN-EXCLUSION-REASONS: Publication type (systematic review and meta-analysis)",https://dx.doi.org/10.1016/j.imr.2019.04.006,Alzheimer Disease,,
rayyan-883472574,Effect of apolipoprotein E genotype on magnetic resonance spectrum in amnestic mild cognitive impairment and Alzheimer's disease patients,2019,4,16,Chung-Hua i Hsueh Tsa Chih [Chinese Medical Journal],0376-2491,99,15,1156-1161,"Zhu, X. Q. and Zhou, X. and Zhao, W. and Zhang, Y. M. and Liu, F. J. and Cao, J. and Sun, Z. W.",https://ovidsp.ovid.com/ovidweb.cgi?T=JS&CSC=Y&NEWS=N&PAGE=fulltext&D=med16&AN=31006219http://pmt-eu.hosted.exlibrisgroup.com/openurl/44LSE/44LSE_services_page?sid=OVID:medline&id=pmid:31006219&id=doi:10.3760%2Fcma.j.issn.0376-2491.2019.15.008&issn=0376-2491&isbn=&volume=99&issue=15&spage=1156&pages=1156-1161&date=2019&title=Chung-Hua+i+Hsueh+Tsa+Chih+%5BChinese+Medical+Journal%5D&atitle=%5BEffect+of+apolipoprotein+E+genotype+on+magnetic+resonance+spectrum+in+amnestic+mild+cognitive+impairment+and+Alzheimer%27s+disease+patients%5D.&aulast=Zhu,,,,"Objective: To explore the relationship between apolipoprotein E (ApoE) gene polymorphism and hydrogen proton magnetic resonance spectroscopy ((1)H-MRS) in patients with Alzheimer's disease (AD) and amnestic mild cognitive impairment(aMCI). Methods: The cognitive function of 35 AD patients (AD group), 35 aMCI patients (aMCI group) and 36 normal controls (NC group) were evaluated by neuropsychological scales, including Mini-mental State Examination (MMSE) and Cambridge Cognitive Examination-Chinese version (CAMCOG-C). The genotypes of ApoE were analyzed by high-resolution melting assay. Brain regional metabolites were measured via (1)H-MRS technique with the regions of interest (ROIs) located in the left frontal lobe and left hippocampus. Results: The CAMCOG-C (NC group 94.00 (8.50);aMCI group 86.00(8.00);AD group 61.00(18.0)) and MMSE (NC group 29.00 (2.00);aMCI group 26.00(2.00);AD group 13.00(9.5)) scores in AD and aMCI group were significantly lower in comparison with that in NC group (P<0.05). There was multi-domain cognitive impairment both in AD and aMCI. The CAMCOG-C (epsilon4 carriers 76.00(28.00);no-epsilon4 carriers 89.00 (17.00)) and MMSE (epsilon4 carriers 23.00(16.00);no-epsilon4 carriers (27.00 (6.00))scores in epsilon4 carriers were significantly lower than those in no-epsilon4 carriers (P<0.05). The AD and aMCI groups showed decreased NAA/Cr ratio in the left hippocampus as well as elevated Cho/Cr ratio and MI/Cr in the left frontal lobe compared to the NC group (P<0.05). This change was even more pronounced in AD group when compared to aMCI group. The NAA/Cr ratio and Cho/Cr ratio in the left hippocampus in epsilon4 carriers were lower, the MI/Cr ratio in left frontal lobe in epsilon4 carriers was higher (P<0.05). Conclusions: ApoE gene polymorphism affects the alteration of (1)H-MRS in AD and aMCI patients. The combination of ApoE gene polymorphism and (1)H-MRS may be more useful to differentiate and diagnose AD and aMCI early. (Medline Ovid 21/09/2022) 355","RAYYAN-INCLUSION: {""Huseyin""=>""Excluded"", ""Jess""=>""Maybe"", ""Komal""=>""Maybe"", ""Zijie""=>""Maybe"", ""Juliana""=>""Maybe""} | RAYYAN-EXCLUSION-REASONS: Intervention (no intervention evaluated)",https://dx.doi.org/10.3760/cma.j.issn.0376-2491.2019.15.008,Alzheimer Disease/ge [Genetics];*Alzheimer Disease;*Apolipoproteins E/ge [Genetics];Cognitive Dysfunction/ge [Genetics];*Cognitive Dysfunction;Genotype;Humans;Magnetic Resonance Spectroscopy;Neuropsychological Tests;0 (Apolipoproteins E);Alzheimer Disease;Apoprotein(a);Apolipoproteins;Apolipoprotein C-I;Apolipoproteins D;Apolipoprotein A-I;Apolipoproteins A,,
rayyan-883472575,The influence of the association between non-invasive cerebral stimulation and physical exercises with high cognitive demand in cognitive and functional variables of the elderly with light cognitive commitment,2020,,,A influencia da associacao entre estimulacao cerebral nao invasiva e exercicios fisicos com alta demanda cognitiva em variaveis cognitivas e funcionais de idosos com comprometimento cognitivo leve.,2236-8868 1982-5501,10,34,29-30,"Barcelos, E. V. and Pelliciari, B. C. and Morales, A. P. and Calomeni, M. R.",https://ojs3.perspectivasonline.com.br/biologicas_e_saude/article/view/2183,Portuguese,,,"To verify the effect of a non-invasive brain activity modulation technique associated with exercise with high cognitive demand on cognitive variables and brain activity in the elderly with mild cognitive impairment. n = 18 elderly people of both genders, aged 60 or over, associated with the Alzheimer's and Parkinson's Disease Center in the city of Campos dos Goytacazes/RJ and diagnosed with mild cognitive decline. Control Group (CG, n = 8); Experimental Group (EG, n=10). The participants were evaluated with the Digit Spam and Motor Reaction Time tests and the relative power of the Teta, Delta and Alpha brain waves at points F7, F8, P3 and P4 through an electroencephalogram. The CG continued to attend the cognitive stimulation group meetings normally. The EG was conducted to an appropriate space where alpha brain waves were stimulated through a binaural beating protocol associated with motor activities that exercised different cognitive functions. The intervention was carried out in weekly 40-minute sessions (15 min of brain stimulation + 25 min of cognitive function training) for 7 weeks. After this period, the individuals in the CG and EG groups had the variables evaluated again. In the Digit Spam test, the experimental group improved 15.1% in the post-intervention assessment, while in the control group the improvement was 11.03%. Both groups registered an increase in the speed of motor reaction. However, unlike the working memory test, the difference between the groups was more pronounced (56.6%), with the worst performance being in the control group with an increase of 87.4%, while in the experimental group the increase was 37.9%. The participants in the control group registered an increase in theta power in the parietal areas (19.1%), and in the Delta wave power both in the parietal areas (75.6%) and in the frontal areas (26.6%). The experimental group had a decrease in the Theta wave power in the parietal areas (-1.8%), and also in the frontal areas (-7.6%), and the increases recorded in the Delta wave power were smaller than those recorded on the power of that same wave in the experimental group. In both groups the power of the Alpha wave decreased. However, the reduction in power in the control group in the parietal (- 25.8%) and frontal (-14%) areas was greater than that recorded in the experimental group in the same areas, -4.2% and -7.3%, respectively. It is concluded that, although not conclusive and statistically insignificant, the results of the EG were descriptively better than those of the CG and corroborate with other studies that point to greater efficiency of the associated physical and cognitive stimulation. (Global Health Ovid 21/09/2022) 2494","RAYYAN-INCLUSION: {""Andra""=>""Excluded"", ""Huseyin""=>""Excluded"", ""Marta""=>""Excluded"", ""Sophie""=>""Excluded"", ""Jessica""=>""Excluded""} | RAYYAN-EXCLUSION-REASONS: Publication type (conference abstract) | USER-NOTES: {""Sophie""=>[""Paper not retrievable => immediate exclusion?"", ""Chinese""]}",http://dx.doi.org/10.25242/8868103420202183,brain;brain diseases;cognition;elderly;human diseases;Alzheimer's disease;Parkinson's disease;memory;exercise;physical activity;Physical Stimulation;Cognition,,
rayyan-883472576,Effects of hand exercise on eating action in patients with Alzheimer's disease,2019,,,American Journal of Alzheimer's Disease and Other Dementias,1533-3175,34,1,57-62,"Chen, Li-Li and Li, Hong and Chen, Xiao-Huan and Jin, Shuang and Chen, Qiu-Hua and Chen, Mei-Rong and Li, Na",http://ovidsp.ovid.com/ovidweb.cgi?T=JS&PAGE=reference&D=psyc16&NEWS=N&AN=2019-04281-007,English,,,"We aim to investigate whether a popular hand exercise could be used to improve the action of eating in patients with Alzheimer's disease (AD). A 6-month intervention was conducted in 60 patients with AD who live in a nursing home. They were divided into hand exercise and control groups. Patients of the control group maintained their daily routine. The improvement of Edinburgh Feeding Evaluation in Dementia scale in hand exercise group was significantly greater than in the control group (P = .003). Significant differences in time of autonomous eating and time of simulated eating between patients in the hand exercise and control groups (P < .05) were noted. The improvements in accuracy of eating action and coordination of eating action from baseline were significant in hand exercise group compared to the control group (P = .020 and .014, respectively). Hand exercise is a safe and effective intervention to improve the feeding and eating of people with AD. (PsycInfo Database Record (c) 2021 APA, all rights reserved) (PsycINFO Ovid 21/09/2022) 3141","RAYYAN-INCLUSION: {""Marta""=>""Included"", ""Sophie""=>""Included"", ""Jessica""=>""Included""}",https://dx.doi.org/10.1177/1533317518803722,*Alzheimer's Disease;*Dementia;*Eating Behavior;*Exercise;*Nursing Homes;Hand (Anatomy);Intervention;Alzheimer Disease,,
rayyan-883472577,Accelerometer-measured daily steps and subjective cognitive ability in older adults: A two-year follow-up study,2020,10,5,Experimental Gerontology,1873-6815,133,,110874,"Chen, S. T. and Stevinson, C. and Tian, T. and Chen, L. J. and Ku, P. W.",https://ovidsp.ovid.com/ovidweb.cgi?T=JS&CSC=Y&NEWS=N&PAGE=fulltext&D=med17&AN=32057824http://pmt-eu.hosted.exlibrisgroup.com/openurl/44LSE/44LSE_services_page?sid=OVID:medline&id=pmid:32057824&id=doi:10.1016%2Fj.exger.2020.110874&issn=0531-5565&isbn=&volume=133&issue=&spage=110874&pages=110874&date=2020&title=Experimental+Gerontology&atitle=Accelerometer-measured+daily+steps+and+subjective+cognitive+ability+in+older+adults%3A+A+two-year+follow-up+study.&aulast=Chen,,,,"There is still a paucity of longitudinal studies examining the relationships between objectively-assessed daily steps and cognitive performance in older adults. The current study aimed to explore whether there is a dose-response relationship between accelerometer-measured daily steps and subjective cognitive decline rate after 2 years in older adults. A total of 285 community-dwelling older adults (age = 74.52 +/- 6.12 years, female = 55.4%) wore accelerometers for 7 consecutive days measuring daily steps in 2012. Subjective cognitive ability was measured using a Chinese version of the Ascertain Dementia 8-item Questionnaire (AD8). In total 274 (96.1%) participants completed the follow-up study in 2014. Multivariable negative binomial regression adjusted for confounders was undertaken. Daily steps were linearly related to a reduced decline rate in subjective cognitive ability after 2 years. When daily steps were categorized into groups (<3500, 3500-6999, and >=7000 steps/day), taking approximately 3500-6999 steps/day was associated with a reduced subjective cognitive decline rate (RR = 0.57, 95% CI = 0.37-0.89) after 2 years compared with <3500 steps/day. When accruing >=7000 steps/day, the decline rate progressively decreased further (RR = 0.43, 95% CI = 0.23-0.82). Sensitivity analyses supported the stability of these findings. These results suggest that there is an inverse dose-response association of daily steps with subjective cognitive decline rate. Even as few as 3500-6999 steps/day was associated with a lower subjective cognitive decline rate after 2 years. Accumulating >=7000 steps/day could provide greater protection for subjective cognitive ability. Copyright © 2020 Elsevier Inc. All rights reserved. (Medline Ovid 21/09/2022) 8","RAYYAN-INCLUSION: {""Marta""=>""Excluded"", ""Sophie""=>""Excluded"", ""Jessica""=>""Excluded""} | RAYYAN-EXCLUSION-REASONS: Study design (not randomised)",https://dx.doi.org/10.1016/j.exger.2020.110874,"Accelerometry;Aged;Aged, 80 and over;Cognition;Cognitive Dysfunction/di [Diagnosis];*Cognitive Dysfunction;Female;Follow-Up Studies;Humans;*Independent Living",,
rayyan-883472578,Effectiveness of resilience education in the mental health of family caregivers of elderly patients with Alzheimer's disease,2019,,,Iranian Journal of Psychiatry and Behavioral Sciences,1735-8639 1735-9287,13,3,e69507,"Ghaffari, F. and Rostami, M. and Fotokian, Z. and Hajiahmadi, M.",https://brief.land/ijpbs/ http://ovidsp.ovid.com/ovidweb.cgi?T=JS&PAGE=reference&D=emexb&NEWS=N&AN=629923241,English,,,"Background: Continuing care of an elderly patient with Alzheimer's disease may result in psychosocial and physical disorders in family caregivers, as well as limitations to providing complete care. Objective(s): The aim of the present study was to determine the effectiveness of resilience education in the mental health of family caregivers of elderly patients with Alzheimer's disease. Method(s): This study followed a randomized, clinical trial design. The study population consisted of family caregivers of elderly patients with Alzheimer's disease who referred to hospitals and neurologists' offices located in the western cities of Mazandaran province, Iran. Data were collected between 2016 and 2017. Fifty-four family caregivers were recruited through convenience sampling and randomized into control and intervention groups (27 in each group). Demographic characteristics, Connor-Davidson Resilience Scale, and General Health Questionnaire were used for data collection. Resilience education was provided in eight sessions (45 min each) using PowerPoint presentations and educational pamphlets. The mental health scores were calculated using the indices including normality tests and analyzed using the independent and paired t-tests, analysis of variance (ANOVA), and Bonferroni test. Result(s): An independent t-test showed improvements in the mental health status of those who received the educational intervention (mean difference: 23.8+/-6.4; P < 0.001). The independent t-test also indicated statistically significant differences between the groups' anxiety/insomnia (8.8+/-2.3 versus -0.12+/-2.5), somatic symptoms (7.2+/-2.2 versus -0.9+/-1.03), social dysfunction (4.5+/-2.9 versus 0.2+/-1.3), and depression (3.2+/-2.2 versus -0.08+/-0.6; P < 0.001). Conclusion(s): Resilience education successfully improved the mental health of family caregivers. Therefore, it is suggested that healthcare providers, Alzheimer's associations, andNGOsprovide educational interventions to help promote the caregivers' mental health.Copyright © 2019, Author(s). (Embase Ovid 21/09/2022) 1175","RAYYAN-INCLUSION: {""Marta""=>""Included"", ""Sophie""=>""Included"", ""Jessica""=>""Included""}",https://dx.doi.org/10.5812/ijpbs.69507,adult;*Alzheimer disease;anxiety;article;*caregiver;clinical effectiveness;Connor Davidson resilience scale;controlled study;depression/th [Therapy];educational status;*family;female;General Health Questionnaire;*health education;human;insomnia/th [Therapy];Iran;major clinical study;male;marriage;*mental disease/th [Therapy];mental health;program effectiveness;*psychological resilience;randomized controlled trial;smoking habit;social disability;Alzheimer Disease;Family Health,,
rayyan-883472579,Study the effect of resilience training on reducing stress and communication problems in the primary caregivers of the elderly with Alzheimer disease,2019,,,Salmand: Iranian Journal of Ageing,1735-806X,14,3,284-297,"Ghezelsefloo, Mahdi and Saadati, Nadereh and Yousefi, Zahra and Zamanpour, Malihe",,Farsi (Iranian),,,"Objectives: The caregivers of the family older member with Alzheimer disease face many challenges, sometimes describing as caring ""36 hours a day"". This hard work affects various aspects of the caregivers' life, including health, occupation, and income. The current study was designed to determine the effectiveness of resilience training on reducing stress and communication problems of the primary caregivers of older people with Alzheimer disease. Methods & Materials: The present research was an experimental study with a pre-test-post-test and a control group with two months follow-up. The samples were selected from the primary caregivers of the families who had received services from Tehran Hamraze Zendegi Center for elderly rehabilitation at home, under the supervision of the Welfare Organization, between September 23, 2017, and November 22, 2017. A sample size of 24 (Mean +/- SD: 73.20 +/- 9.09 y) subjects were selected from 47 (Mean +/- SD: 42.41 +/- 7.51 y) older people with Alzheimer requesting services at home. Then, they were randomly divided into experimental and control groups. The data collection tools included ""perceived stress scale"" and ""communication skills"" questionnaire. Results: The variance analysis of repeated measurements showed that the resilience intervention was significantly effective in the experimental group in the post-test and follow-up stages (regarding stress and communication problems scores at the level of P = 0.05). The Bonferroni test results also indicated that the mean differences of stress and communication problems were significant between the pre-test with post-test and the follow-up stages (P = 0.0001). However, the mean difference between post-test and follow-up was not significant in any of the research variables, suggesting no return in the outcomes of the intervention at the follow-up stage. This finding confirmed the sustainability of the intervention effect. Conclusion: Considering older people's need to be supported by their relatives, resilience training appears to be an effective method capable of reducing stress and communication problems in caregivers of older people with Alzheimer disease. (PsycInfo Database Record (c) 2022 APA, all rights reserved) (PsycINFO Ovid 21/09/2022) 3185","RAYYAN-INCLUSION: {""Marta""=>""Excluded"", ""Sophie""=>""Excluded"", ""Jessica""=>""Excluded""} | RAYYAN-EXCLUSION-REASONS: Study design (not randomised) | USER-NOTES: {""Sophie""=>[""Chinese""]}",,"Resilience, Stress, Communication problems, Caregiver;*Alzheimer's Disease;*Caregivers;*Community Mental Health Training;*Resilience (Psychological);*Stress;Aging;Caregiver Burden;Family Members;Interpersonal Communication;Test Construction;Home Care & Hospice [3375];Human Male Female Adulthood (18 yrs & older);Iran;Alzheimer Disease",,
rayyan-883472580,Clinical study on Qingnao Fushen Liquid combined with nimodipine in treatment of vascular cognitive impairment,2019,,,Drugs and Clinic,1674-5515,34,11,3236-3239,"He, Lin and Zhong, Qi and Chen, JinSong",http://www.tiprpress.com/xdywlc/ch/index.aspx,Chinese,,,"Objective: To investigate the effect of Qingnao Fushen Liquid combined with Nimodipine Tablets in treatment of vascular cognitive impairment. Methods: Patients (115 cases) with vascular cognitive impairment in Mianyang Central Hospital from December 2015 to December 2018 were randomly divided into the control group (57 cases) and the treatment group (58 cases). Patients in the control group were po administered with Nimodipine Tablets, 2 tablets/time, twice daily. Patients in the treatment group were po administered with Qingnao Fushen Liquid on the basis of the control group, 10 mL/time, twice daily. Patients in two groups were treated for 8 weeks. After treatment, the clinical efficacies were evaluated, and MoCA score, MMSE score, and serum factors levels in two groups were compared. Results: After treatment, the clinical efficacies in the control and treatment groups were 85.96% and 93.10%, and there was difference between two groups (P<0.05). After treatment, MoCA score and MMSE score in two groups were significantly increased, and the difference was statistically significant in the same group (P<0.05). And the scores in the treatment group were significantly higher than those in the control group (P<0.05). After treatment, the levels of NSE and TXB2 in two groups were significantly decreased, and the difference was statistically significant in the same group (P<0.05). And the serum factors levels in the treatment group were significantly lower than those in the control group (P<0.05). Conclusion: Qingnao Fushen Liquid combined with Nimodipine Tablets has clinical curative effect in treatment of vascular cognitive impairment, can improve the cognitive function of patients, reduce the levels of NSE and TXB2, which has a certain clinical application value. (Global Health Ovid 21/09/2022) 2692","RAYYAN-INCLUSION: {""Andra""=>""Excluded"", ""Huseyin""=>""Excluded"", ""Marta""=>""Maybe"", ""Sophie""=>""Maybe"", ""Jessica""=>""Maybe""} | RAYYAN-EXCLUSION-REASONS: foreign language | USER-NOTES: {""Jessica""=>[""Chinese""], ""Sophie""=>[""Chinese"", ""Chinese""]}",,clinical trials;cognition;dementia;herb-drug interactions;herbal drugs;pharmacology;Nimodipine;Cognition,,
rayyan-883472581,Effects of physical activity and exercise on the cognitive function of patients with Alzheimer disease: a meta-analysis,2019,10,7,BMC Geriatrics,1471-2318,19,1,181,"Jia, R. X. and Liang, J. H. and Xu, Y. and Wang, Y. Q.",https://ovidsp.ovid.com/ovidweb.cgi?T=JS&CSC=Y&NEWS=N&PAGE=fulltext&D=med16&AN=31266451http://pmt-eu.hosted.exlibrisgroup.com/openurl/44LSE/44LSE_services_page?sid=OVID:medline&id=pmid:31266451&id=doi:10.1186%2Fs12877-019-1175-2&issn=1471-2318&isbn=&volume=19&issue=1&spage=181&pages=181&date=2019&title=BMC+Geriatrics&atitle=Effects+of+physical+activity+and+exercise+on+the+cognitive+function+of+patients+with+Alzheimer+disease%3A+a+meta-analysis.&aulast=Jia,,,,"BACKGROUND: Alzheimer's disease (AD), as the most common cause of dementia, brings huge economic burden for patients and social health care systems, which motivates researchers to study multiple protective factors, among which physical activity and exercise have been proven to be both effective and economically feasible. METHODS: A systematic literature search was performed for eligible studies published up to November 1st 2018 on three international databases (PubMed, Cochrane Library, and Embase) and two Chinese databases (Wanfang Data, China National Knowledge Infrastructure). All analyses were conducted using Stata 14.0. Due to heterogeneity between studies, a random-effects model was used for this meta-analysis. Meta-analysis was used to explore if physical activity and exercise can exert positive effects on cognition of elderly with AD and subgroup analyses were conducted to find out if there are dose-response effects. RESULTS: A total of 13 randomized controlled trials were included with a sample size of 673 subjects diagnosed with AD. Intervention groups showed a statistically significant improvement in cognition of included subjects measured by the MMSE score (SMD = 1.12 CI:0.66~1.59) compared to the control groups. Subgroup analyses showed different amounts of physical activity and exercise can generate different effects. CONCLUSIONS: As one of few meta-analyses comparing different quantities of physical activity and exercise interventions for AD in details, our study suggests that physical activity and exercise can improve cognition of older adults with AD. While the concomitant effects on cognition functions of high frequency interventions was not greater than that of low frequency interventions, the threshold remains to be settled. However, more RCTs with rigorous study design are needed to support our findings. (Medline Ovid 21/09/2022) 462","RAYYAN-INCLUSION: {""Marta""=>""Excluded"", ""Sophie""=>""Excluded"", ""Jessica""=>""Excluded""} | RAYYAN-EXCLUSION-REASONS: Publication type (systematic review and meta-analysis) | USER-NOTES: {""Sophie""=>[""Meta-analyses cannot be in our analysis. Meta-analyses are basically done to leverage treatment effect, not to get the nuances of treatment.""]}",https://dx.doi.org/10.1186/s12877-019-1175-2,Aged;Alzheimer Disease/ep [Epidemiology];*Alzheimer Disease/px [Psychology];*Alzheimer Disease/th [Therapy];China/ep [Epidemiology];*Cognition/ph [Physiology];Cognition Disorders/ep [Epidemiology];Cognition Disorders/px [Psychology];Cognition Disorders/th [Therapy];*Exercise/ph [Physiology];*Exercise/px [Psychology];Humans;Randomized Controlled Trials as Topic/mt [Methods];Treatment Outcome;Alzheimer Disease;Motor Activity,,
rayyan-883472582,Repetitive Transcranial Magnetic Stimulation for Improving Cognitive Function in Patients With Mild Cognitive Impairment: A Systematic Review,2020,,,Frontiers in aging neuroscience,1663-4365,12,,593000,"Jiang, L. and Cui, H. and Zhang, C. and Cao, X. and Gu, N. and Zhu, Y. and Wang, J. and Yang, Z. and Li, C.",https://ovidsp.ovid.com/ovidweb.cgi?T=JS&CSC=Y&NEWS=N&PAGE=fulltext&D=pmnm5&AN=33519418http://pmt-eu.hosted.exlibrisgroup.com/openurl/44LSE/44LSE_services_page?sid=OVID:medline&id=pmid:33519418&id=doi:10.3389%2Ffnagi.2020.593000&issn=1663-4365&isbn=&volume=12&issue=&spage=593000&pages=593000&date=2020&title=Frontiers+in+aging+neuroscience&atitle=Repetitive+Transcranial+Magnetic+Stimulation+for+Improving+Cognitive+Function+in+Patients+With+Mild+Cognitive+Impairment%3A+A+Systematic+Review.&aulast=Jiang,,,,"Background: Mild cognitive impairment (MCI) is an early stage of Alzheimer's disease. Repetitive transcranial magnetic stimulation (rTMS) has been widely employed in MCI research. However, there is no reliable systematic evidence regarding the effects of rTMS on MCI. The aim of this review was to evaluate the efficacy and safety of rTMS in the treatment of MCI. Methods: A comprehensive literature search of nine electronic databases was performed to identify articles published in English or Chinese before June 20, 2019. The identified articles were screened, data were extracted, and the methodological quality of the included trials was assessed. The meta-analysis was performed using the RevMan 5.3 software. We used the GRADE approach to rate the quality of the evidence. Results: Nine studies comprising 369 patients were included. The meta-analysis showed that rTMS may significantly improve global cognitive function (standardized mean difference [SMD] 2.09, 95% confidence interval [CI] 0.94 to 3.24, p = 0.0004, seven studies, n = 296; low-quality evidence) and memory (SMD 0.44, 95% CI 0.16 to 0.72, p = 0.002, six studies, n = 204; moderate-quality evidence). However, there was no significant improvement in executive function and attention (p > 0.05). Subgroup analyses revealed the following: (1) rTMS targeting the left hemisphere significantly enhanced global cognitive function, while rTMS targeting the bilateral hemispheres significantly enhanced global cognitive function and memory; (2) high-frequency rTMS significantly enhanced global cognitive function and memory; and (3) a high number of treatments >=20 times could improve global cognitive function and memory. There was no significant difference in dropout rate (p > 0.05) between the rTMS and control groups. However, patients who received rTMS had a higher rate of mild adverse effects (risk ratio 2.03, 95% CI 1.16 to 3.52, p = 0.01, seven studies, n = 317; moderate-quality evidence). Conclusions: rTMS appears to improve global cognitive function and memory in patients with MCI and may have good acceptability and mild adverse effects. Nevertheless, these results should be interpreted cautiously due to the relatively small number of trials, particularly for low-frequency rTMS. Copyright © 2021 Jiang, Cui, Zhang, Cao, Gu, Zhu, Wang, Yang and Li. (Medline Ovid 21/09/2022) 951","RAYYAN-INCLUSION: {""Marta""=>""Excluded"", ""Sophie""=>""Excluded"", ""Jessica""=>""Excluded""} | RAYYAN-EXCLUSION-REASONS: Publication type (systematic review and meta-analysis)",https://dx.doi.org/10.3389/fnagi.2020.593000,Transcranial Magnetic Stimulation,,
rayyan-883472583,Danggui-Shaoyao-San for dementia: A PRISMA-compliant systematic review and meta-analysis,2020,1,,Medicine,1536-5964,99,4,e18507,"Kim, Y. and Cho, S. H.",https://ovidsp.ovid.com/ovidweb.cgi?T=JS&CSC=Y&NEWS=N&PAGE=fulltext&D=med17&AN=31977846http://pmt-eu.hosted.exlibrisgroup.com/openurl/44LSE/44LSE_services_page?sid=OVID:medline&id=pmid:31977846&id=doi:10.1097%2FMD.0000000000018507&issn=0025-7974&isbn=&volume=99&issue=4&spage=e18507&pages=e18507&date=2020&title=Medicine&atitle=Danggui-Shaoyao-San+for+dementia%3A+A+PRISMA-compliant+systematic+review+and+meta-analysis.&aulast=Kim,,,,"BACKGROUND: Although memory loss and other symptoms of dementia pose tremendous burdens on patients and societies, there is currently no cure for dementia. METHODS: We conducted a systematic review and meta-analysis of the anti-dementia effects of Danggui-Shaoyao-San (DSS), which is derived from natural resources. We searched for randomized controlled trials (RCTs) from inception to June 2019. We searched PubMed, Embase, Korean databases (Research Information Service System and Oriental Medicine Advanced Searching Integrated System), Chinese databases (China Knowledge Resource Integrated Database and Wanfang Database), and Japanese databases (CiNii and J-STAGE). Studies were included if they were a RCT, investigated the efficacy of DSS or its modified form, and included participants with dementia. Use of DSS with other treatment (eg, acupuncture, anti-dementia drugs, etc) was included. Items of each trial were evaluated by 2 independent reviewers. Data were pooled by using random-effect models. RESULTS: A total of 482 studies were identified, and 5 eligible studies for Alzheimer disease (AD) and 4 studies for vascular dementia (VD) were included in the final analysis, representing a total of 567 participants. As for AD, pooled results of the Mini-Mental State Examination (MMSE) (mean differences [MD] 4.60; 95% confidence interval [CI] 4.29, 4.91) and activities of daily living (MD 11.40; 95% CI 10.94, 11.86) favored DSS. DSS had synergistic effect with acupuncture over acupuncture alone in MMSE (MD 1.69; 95% CI 1.05, 2.34), Hasegawa Dementia Scale (MD.62; 95% CI -0.20, 1.44), and activities of daily living (MD 2.38; 95% CI 1.92, 2.85). In VD, pooled results showed a significant difference in the score of dementia scales such as MMSE and Hasegawa Dementia Scale compared with nootropic drugs. DSS significantly reduced symptoms (odds ratio 5.02, 95%, CI 2.76-9.11) in patients with VD. The respective size of each RCTs was small and some included studies were of low quality due to their limited description on methodological issues. CONCLUSION: These estimates suggest that DSS provides clinically important reductions in symptoms of AD and VD and can be a promising anti-dementia drug candidate. (Medline Ovid 21/09/2022) 282","RAYYAN-INCLUSION: {""Andra""=>""Excluded"", ""Marta""=>""Excluded"", ""Sophie""=>""Excluded"", ""Jessica""=>""Excluded""} | RAYYAN-EXCLUSION-REASONS: Publication type (systematic review and meta-analysis)",https://dx.doi.org/10.1097/MD.0000000000018507,"Activities of Daily Living;Acupuncture Therapy/mt [Methods];*Alzheimer Disease/dt [Drug Therapy];China;Combined Modality Therapy;*Dementia, Vascular/dt [Drug Therapy];Drugs, Chinese Herbal/ad [Administration & Dosage];*Drugs, Chinese Herbal/tu [Therapeutic Use];Humans;Mental Status and Dementia Tests;Nootropic Agents/tu [Therapeutic Use];Randomized Controlled Trials as Topic;0 (Drugs, Chinese Herbal);0 (Nootropic Agents);0 (danggui-shaoyao-san);Dementia",,
rayyan-883472584,Effects of positive psychological intervention on parkinson's disease patients complicated with depression and cognitive dysfunction,2019,,,Anadolu Psikiyatri Dergisi,1302-6631,20,4,412-417,"Li, J. and Gu, C. and Zhu, M. and Li, D. and Chen, L. and Zhu, X.",https://www.ejmanager.com/mnstemps/91/apd_302643976.pdf?t=1568858520 http://ovidsp.ovid.com/ovidweb.cgi?T=JS&PAGE=reference&D=emed20&NEWS=N&AN=2002690781,English,,,"Objective: We aimed to evaluate the effects of positive psychological intervention on Parkinson's disease (PD) patients complicated with depression and cognitive dysfunction. Method(s): Two hundred and thirty-two PD patients complicated with depression and cognitive dysfunction treated in our hospital were selected and randomly divided into two groups (n=116). The control group was treated routinely and the observation group was additionally subjected to positive psychological intervention for eight consecutive weeks. They were evaluated by the Hamilton Depression Rating Scale (HAMD) and the Montreal Cognitive Assessment Scale in terms of depression and cognitive dysfunction. The numerical data between groups were compared by the chi2 test, and the categorical data were compared by the t test. Changes in the depression and cognitive function scores before and after intervention were compared by analysis of variance for repeated measures. P<0.05 was considered statistically significant. Result(s): Before intervention, the two groups had similar HAMD and cognitive function scores. After intervention, the HAMD score of the observation group was significantly lower than that of the control group. Compared with the control group, the observation group had significantly higher total score of cognitive function (18.49+/-3.58 vs. 25.68+/-2.19), visuospatial executive function (2.18+/-1.45 vs. 4.53+/-0.48), attention (3.43+/-0.77 vs. 5.27+/-0.58), language ability (2.34+/-0.59 vs. 2.41+/-0.49) and orientation (5.16+/-0.76 vs. 5.98+/-0.13) scores. Conclusion(s): Positive psychological intervention can effectively relieve the depression and cognitive dysfunction of PD patients, which is of great significance to improvement of the survival and quality of life..Copyright © 2019, Cukurova University, Faculty of Medicine. All rights reserved. (Embase Ovid 21/09/2022) 1996","RAYYAN-INCLUSION: {""Andra""=>""Excluded"", ""Huseyin""=>""Excluded"", ""Marta""=>""Included"", ""Jessica""=>""Included""} | RAYYAN-EXCLUSION-REASONS: foreign language",https://dx.doi.org/10.5455/apd.302643976,adult;aged;article;attention;circadian rhythm;clinical trial;cognition;cognition assessment;*cognitive defect/co [Complication];comparative study;controlled study;*depression/co [Complication];depth perception;emotion assessment;executive function;female;follow up;Hamilton Depression Rating Scale;home visit;hopelessness;hospital discharge;human;intervention study;language ability;major clinical study;male;mental deficiency;middle aged;Montreal cognitive assessment;morning dosage;observational study;orientation;*Parkinson disease/dt [Drug Therapy];*psychology;quality of life;questionnaire;scoring system;sleep disorder;fluoxetine/ct [Clinical Trial];fluoxetine/dt [Drug Therapy];cognitive function score;Parkinson Disease,,
rayyan-883472585,Treatment of Neurodegenerative Diseases with Bioactive Components of Tripterygium wilfordii,2019,,,American Journal of Chinese Medicine,1793-6853,47,4,769-785,"Li, J. and Hao, J.",https://ovidsp.ovid.com/ovidweb.cgi?T=JS&CSC=Y&NEWS=N&PAGE=fulltext&D=med16&AN=31091976http://pmt-eu.hosted.exlibrisgroup.com/openurl/44LSE/44LSE_services_page?sid=OVID:medline&id=pmid:31091976&id=doi:10.1142%2FS0192415X1950040X&issn=0192-415X&isbn=&volume=47&issue=4&spage=769&pages=769-785&date=2019&title=American+Journal+of+Chinese+Medicine&atitle=Treatment+of+Neurodegenerative+Diseases+with+Bioactive+Components+of+Tripterygium+wilfordii.&aulast=Li,,,,"Tripterygium wilfordii Hook F. (TWHF), a traditional Chinese medicine, has been widely used to treat autoimmune and inflammatory diseases including rheumatoid arthritis, systemic lupus erythematosus and dermatomyositis in China. Recently, studies have demonstrated that the bioactive components of TWHF have effective therapeutic potential for neurodegenerative diseases including Alzheimer's disease, Parkinson's disease and Multiple Sclerosis. In this paper, we summarize the research progress of triptolide and celastrol (the two major TWHF components) as well as their analogues in the treatment of neurodegenerative diseases. In addition, we review and discuss the molecular mechanisms and structure features of those two bioactive TWHF components, highlighting their therapeutic promise in neurodegenerative diseases. (Medline Ovid 21/09/2022) 1100","RAYYAN-INCLUSION: {""Marta""=>""Excluded"", ""Sophie""=>""Excluded"", ""Jessica""=>""Excluded""} | RAYYAN-EXCLUSION-REASONS: Study design (not randomised)",https://dx.doi.org/10.1142/S0192415X1950040X,"Alzheimer Disease/dt [Drug Therapy];Animals;Diterpenes/ch [Chemistry];Diterpenes/ip [Isolation & Purification];Diterpenes/pd [Pharmacology];*Diterpenes/tu [Therapeutic Use];Epoxy Compounds/ch [Chemistry];Epoxy Compounds/ip [Isolation & Purification];Epoxy Compounds/pd [Pharmacology];Epoxy Compounds/tu [Therapeutic Use];Humans;Medicine, Chinese Traditional;Molecular Conformation;*Neurodegenerative Diseases/dt [Drug Therapy];Neuroprotective Agents;Parkinson Disease/dt [Drug Therapy];Pentacyclic Triterpenes;Phenanthrenes/ch [Chemistry];Phenanthrenes/ip [Isolation & Purification];Phenanthrenes/pd [Pharmacology];*Phenanthrenes/tu [Therapeutic Use];*Phytotherapy;*Tripterygium/ch [Chemistry];Triterpenes/ch [Chemistry];Triterpenes/ip [Isolation & Purification];Triterpenes/pd [Pharmacology];*Triterpenes/tu [Therapeutic Use];0 (Diterpenes);0 (Epoxy Compounds);0 (Neuroprotective Agents);0 (Pentacyclic Triterpenes);0 (Phenanthrenes);0 (Triterpenes);19ALD1S53J (triptolide);L8GG98663L (celastrol);Neurodegenerative Diseases",,
rayyan-883472586,Tiaobu Xinshen Recipe () Improved Mild Cognitive Impairment of Alzheimer's Disease Patients with Xin (Heart) and Shen (Kidney) Deficiency,2020,1,,Chinese Journal of Integrative Medicine,1672-0415,26,1,54-58,"Lin, Z. Y. and Huang, T. W. and Huang, J. S. and Zheng, G. Y.",https://ovidsp.ovid.com/ovidweb.cgi?T=JS&CSC=Y&NEWS=N&PAGE=fulltext&D=med17&AN=31776960http://pmt-eu.hosted.exlibrisgroup.com/openurl/44LSE/44LSE_services_page?sid=OVID:medline&id=pmid:31776960&id=doi:10.1007%2Fs11655-019-3073-z&issn=1672-0415&isbn=&volume=26&issue=1&spage=54&pages=54-58&date=2020&title=Chinese+Journal+of+Integrative+Medicine&atitle=Tiaobu+Xinshen+Recipe+%28%29+Improved+Mild+Cognitive+Impairment+of+Alzheimer%27s+Disease+Patients+with+Xin+%28Heart%29+and+Shen+%28Kidney%29+Deficiency.&aulast=Lin,,,,"OBJECTIVE: To observe the intervention effects of Tiaobu Xinshen Recipe (, TXR) on patients with mild cognitive impairment caused by Alzheimer's disease (MCI-AD). METHODS: Totally 88 MCI-AD patients with syndrome of Xin (Heart) and Shen (Kidney) deficiency were assigned to the experimental group (47 cases, treated with TXR) and the control group (41 cases, treated with donepezil hydrochloride) using a random number table. Final recruited qualified patients were 44 cases in the experimental group and 39 cases in the control group. The therapeutic course was 12 weeks. Neuropsychological scales [mini mental state examination (MMSE) and Montreal cognitive assessment (MoCA)], and Chinese medicine (CM) dementia syndromes scales were performed in all patients, and results were compared between groups or intra-group before and after treatment. RESULTS: MMSE and MoCA scores of the two groups were increased after treatment compared with those before treatment (P<0.05). But there was no statistical difference in MMSE or MOCA scores after treatment between the two groups (P>0.05). CM dementia syndrome score was significantly decreased after treatment in the experimental group compared with the control group (P<0.01). Visual spatial and executive function scores and delayed recall scores of the two groups were increased compared with those before treatment (P<0.01). CONCLUSION: TXR could effectively improve cognitive impairment of MCI-AD patients with syndrome of Xin and Shen deficiency. (Medline Ovid 21/09/2022) 1072","RAYYAN-INCLUSION: {""Marta""=>""Included"", ""Sophie""=>""Included"", ""Jessica""=>""Included""}",https://dx.doi.org/10.1007/s11655-019-3073-z,"Aged;*Alzheimer Disease/dt [Drug Therapy];*Cognitive Dysfunction/dt [Drug Therapy];*Drugs, Chinese Herbal/tu [Therapeutic Use];Female;Heart Diseases/co [Complications];Humans;Kidney Diseases/co [Complications];Male;Middle Aged;Surveys and Questionnaires;0 (Drugs, Chinese Herbal);Alzheimer Disease;Kidney",,
rayyan-883472587,Efficacy of multimodal nonpharmacological interventions in mild cognitive impairment: A meta-analysis,2019,,,Chinese Journal of Evidence-Based Medicine,1672-2531,19,2,180-188,"Mei, X. and Zhao, X. and Wang, Y. and Wang, L. and Cao, H.",http://www.cjebm.com/indexAction!downloadPdfByOss.action?id=MjAxODAzMDE1bWVpeGlhb2Zlbmc= http://ovidsp.ovid.com/ovidweb.cgi?T=JS&PAGE=reference&D=emed20&NEWS=N&AN=2002353364,Chinese,,,"Objectives To systematically review the efficacy of multimodal nonpharmacological interventions in mild cognitive impairment (MCI). Methods An electronically search was conducted in PubMed, EMbase, The Cochrane Library, PsycINFO, Web of Science, CINAHL, VIP, CBM, WanFang Data and CNKI databases from inception to November 2017 to collect randomized controlled trials (RCTs) on multimodal nonpharmacological interventions for MCI. Two reviewers independently screened literature, extracted data and assessed the risk of bias of included studies. Then, meta-analysis was performed by RevMan 5.3 software. Results A total of 12 RCTs involving 1 359 patients were included. The results of meta-analysis showed that there were no statistical differences between two groups in MMSE scores (SMD=0.33, 95%CI-0.13 to 0.78, P=0.16). However, the MoCA scores (SMD=0.52, 95%CI 0.38 to 0.67, P<0.000 01) and ADAS-Cog scores (SMD=1.13, 95%CI 0.75 to 1.51, P<0.000 01) in the multimodal nonpharmacological interventions group were better than those in the control group. Additionally, multimodal nonpharmacological interventions produced significant effects on ADL (SMD=-0.64, 95%CI -0.83 to-0.45, P<0.000 01), QOL-AD (MD=3.65, 95%CI 1.03 to 6.27, P=0.006) and depression (SMD=-0.83, 95%CI -1.41 to-0.26, P=0.005). There were no statistical differences between two groups on conversion rate to Alzheimer's disease (RR=0.27, 95%CI 0.06 to 1.26, P=0.10). Conclusions The current evidence shows that multimodal nonpharmacological interventions are feasible for patients with MCI as they have positive effects on overall cognitive abilities, daily living skills, and quality of life and depression. Nevertheless, due to the limited quantity and quality of included studies, more high quality studies are required to verify the conclusion.Copyright © 2019, West China University of Medical Science. All Right reserved. (Embase Ovid 21/09/2022) 2032","RAYYAN-INCLUSION: {""Marta""=>""Excluded"", ""Sophie""=>""Excluded"", ""Jessica""=>""Excluded""} | RAYYAN-EXCLUSION-REASONS: Publication type (systematic review and meta-analysis)",https://dx.doi.org/10.7507/1672-2531.201803015,Alzheimer disease;Alzheimer Disease Assessment Scale;article;cognition;cognition assessment;daily life activity;depression;human;*intervention study;meta analysis;*mild cognitive impairment;Mini Mental State Examination;Montreal cognitive assessment;*non invasive procedure;quality of life;randomized controlled trial (topic);risk assessment;systematic review;*multimodal nonpharmacological intervention;Cognition,,
rayyan-883472588,Clinical study on Peiyuan Tongnao Capsules combined with oxiracetam in treatment of vascular dementia after stroke,2020,,,Drugs and Clinic,1674-5515,35,6,1126-1130,"Meng, XianJu and Cui, Wei and Li, AiHua",,Chinese,,,"Objective: To investigate the clinical effect of Pciyuan Tongnao Capsules combined with Oxiracetam Capsules in treatment of vascular dementia after stroke. Methods: Patients (84 cases) with vascular dementia after stroke in Tianjin Ninghe Hospital from April 2017 to May 2019 were randomly divided into control and treatment groups, and each group had 42 cases. Patients in the control group were po administered with Oxiracetam Capsules, 0.8 g/time, three times daily. Patients in the treatment group were po administered with Peiyuan Tongnao Capsules on the basis of the control group, 3 grains/time, three times daily. Patients in two groups were treated for 12 weeks. After treatment, the clinical efficacies were evaluated, and Mini Mental State Scale (MMSE) scores, Activity of Daily Living (ADL) scores, National Institutes of Health Stroke Scale (NIHSS) scores. Hasegawa Dementia Scale (LIDS) scores, and the levels of serum homocysteine (Hcy), lipoprotein phospholipase A2 (Lp-PLA2), brain derived neurotrophic factor (BDNF), and insulin like growth factor-1 (IGF-1) in two groups were compared. Results: After treatment, the total clinical effective rate of the treatment group was 92.86%, which was higher than 73.81% of the control group (P < 0.05). After treatment, MMSE scores and LIDS scores in two groups were increased, but ADL scores and NIHSS scores in two groups were decreased (P < 0.05). And MMSE scores and HDS scores in the treatment group were higher than those in the control group, but ADL scores and NIHSS scores in the treatment group were lower than those in the control group (P < 0.05). After treatment, the levels of BDNF in two groups were increased, but the levels of Hcy, Lp-PLA2, and IGF-1 in two groups were decreased (P < 0.05). And the levels of BDNF in the treatment group was higher than that in the control group, the levels of Hey, Lp-PLA2, and IGF-1 in the treatment group were lower than that in the control group (P < 0.05). Conclusion: Peiyuan Tongnao Capsules combined with Oxiracetam Capsules has clinical curative effect in treatment of vascular dementia after stroke, can effectively improve the symptoms and quality of life of patients, and regulate the levels of Hcy, Lp-PLA2, IGF-1 and BDNF. (Global Health Ovid 21/09/2022) 2407","RAYYAN-INCLUSION: {""Andra""=>""Excluded"", ""Huseyin""=>""Excluded"", ""Marta""=>""Maybe"", ""Sophie""=>""Maybe"", ""Jessica""=>""Maybe""} | RAYYAN-EXCLUSION-REASONS: foreign language | USER-NOTES: {""Jessica""=>[""Chinese""], ""Sophie""=>[""Chinese""]}",http://dx.doi.org/10.7501/j.issn.1674-5515.2020.06.015,"herbal drugs;human diseases;stroke;brain;dementia;serum;homocysteine;lipoproteins;neurotropic properties;growth factors;symptoms;quality of life;Dementia, Vascular;Capsules;Stroke",,
rayyan-883472589,Efficacy of Bacopa Monnieri (Brahmi) and Donepezil in Alzheimer's Disease and Mild Cognitive Impairment: A Randomized Double-Blind Parallel Phase 2b Study,2020,11,,Annals of Indian Academy of Neurology,0972-2327,23,6,767-773,"Prabhakar, S. and Vishnu, V. Y. and Modi, M. and Mohanty, M. and Sharma, A. and Medhi, B. and Mittal, B. R. and Kh and elwal, N. and Goyal, M. K. and Lal, V. and Singla, R. and Kansal, A. and Avasthi, A.",https://ovidsp.ovid.com/ovidweb.cgi?T=JS&CSC=Y&NEWS=N&PAGE=fulltext&D=pmnm&AN=33688125http://pmt-eu.hosted.exlibrisgroup.com/openurl/44LSE/44LSE_services_page?sid=OVID:medline&id=pmid:33688125&id=doi:10.4103%2Faian.AIAN_610_19&issn=0972-2327&isbn=&volume=23&issue=6&spage=767&pages=767-773&date=2020&title=Annals+of+Indian+Academy+of+Neurology&atitle=Efficacy+of+Bacopa+Monnieri+%28Brahmi%29+and+Donepezil+in+Alzheimer%27s+Disease+and+Mild+Cognitive+Impairment%3A+A+Randomized+Double-Blind+Parallel+Phase+2b+Study.&aulast=Prabhakar,,,,"OBJECTIVES: Alzheimer's disease (AD) is the most common cause of dementia worldwide in the older population. There is no disease-modifying therapy available for AD. The current standard of care drug therapy for AD is cholinesterase inhibitors, including donepezil. Bacopa monnieri or brahmi is used in traditional Indian medicine for memory loss. We conducted a phase 2b randomized controlled trial (RCT) to find out the efficacy of brahmi and donepezil in AD and mild cognitive impairment (MCI). PATIENTS AND METHODS: The study was planned as a 52 week, randomized, double-blind, parallel-group, phase-2 single-center clinical trial comparing the efficacy and safety of Bacopa monnieri (brahmi) 300 mg OD and donepezil 10 mg OD for 12 months in 48 patients with AD and MCI-AD including cognitive and quality of life outcomes. The primary outcome was differences in the change from baseline of the neuropsychological tests [Alzheimer's disease assessment scale-cognitive subscale (ADAS-Cog) and postgraduate institute (PGI) memory scale] at 12 months between the intervention group (brahmi) and active comparison group (donepezil). RESULTS: The study was terminated after 3 years and 9 months, after recruiting 34 patients, because of slow recruitment and a high dropout rate. Intention to treat analysis after adjusting for baseline confounders showed no difference in the rate of change in ADAS-Cog score from baseline at any time point, including the last follow-up. There was no difference in the rate of change in PGI Memory scale (PGIMS) at 3, 6, and 9 months. In the last follow-up, there was a significant difference in the change in total PGIMS score between brahmi and donepezil, while there was no difference in individual scores of the PGI memory scale. CONCLUSION: This phase-2 RCT on the efficacy of brahmi vs. donepezil showed no significant difference between them after 1 year of treatment. Larger phase-3 trials, preferably multicentric, are required to find the superiority of brahmi over donepezil. Copyright: © 2006 - 2020 Annals of Indian Academy of Neurology. (Medline Ovid 21/09/2022) 498","RAYYAN-INCLUSION: {""Marta""=>""Included"", ""Sophie""=>""Included"", ""Jessica""=>""Included""}",https://dx.doi.org/10.4103/aian.AIAN_610_19,Alzheimer Disease,,
rayyan-883472590,Training gains and transfer effects after mnemonic strategy training in mild cognitive impairment: A fMRI study,2020,,,International Journal of Psychophysiology,0167-8760,154,,15-26,"Simon, Sharon S. and Hampstead, Benjamin M. and Nucci, Mariana P. and Duran, Fabio L. S. and Fonseca, Luciana M. and Martin, Maria da Graca M. and Avila, Renata and Porto, Fabio H. G. and Brucki, Sonia M. D. and Martins, Camila B. and Tascone, Lyss and S., ra and Amaro, Edson and Busatto, Geraldo F. and Bottino, Cassio M. C.",http://ovidsp.ovid.com/ovidweb.cgi?T=JS&PAGE=reference&D=psyc17&NEWS=N&AN=2020-44716-005,English,,,"Prior work has revealed that mnemonic strategy training (MST) can enhance memory for specific content and engages regions in the frontoparietal cognitive control network. Evidence of transfer to novel content is less clear. Here, we provide secondary analysis of functional magnetic resonance imaging (fMRI) data acquired during a randomized controlled trial that compared MST to an active education control condition in patients with amnestic mild cognitive impairment (a-MCI). In the trial, thirty participants with a-MCI were randomized to the education program (EP) or MST, where they learned to apply the technique to face-name associations during four intervening hour long training sessions. Participants underwent pre- and post-training fMRI scans, during which they encoded both the trained (i.e., those used during the four training sessions) and untrained ('novel') face-name associations. The primary cognitive outcome measures revealed significantly improved memory for both trained and novel stimuli - effects supporting near transfer of MST. Relative to pre-training, there were significant and highly similar increases in activation for both trained and novel stimuli, especially in regions associated with the frontoparietal cognitive control network bilaterally, but also in temporal areas related to social cognition and emotional processing. Critically, this pattern of activation was notably different from the EP group. Thus, the changes in activation were consistent with the strategies trained and, combined with the cognitively-based near transfer effects, suggest that MST focused on face-name association enhances performance by engaging cognitive control and social/emotional processing. Finally, our data indicated that our MST is a relevant and efficient intervention to a-MCI. (PsycInfo Database Record (c) 2021 APA, all rights reserved) (PsycINFO Ovid 21/09/2022) 2922","RAYYAN-INCLUSION: {""Marta""=>""Included"", ""Sophie""=>""Included"", ""Jessica""=>""Included""}",https://dx.doi.org/10.1016/j.ijpsycho.2019.03.014,*Amnesia;*Cognitive Impairment;*Cognitive Rehabilitation;*Mnemonic Learning;*Functional Magnetic Resonance Imaging;Aging;Education;Memory Training;Neuroimaging;Cognitive Control;Mild Cognitive Impairment;Magnetic Resonance Imaging;Cognition,,
rayyan-883472591,"Effects of white noise in walking on walking time, state anxiety, and fear of falling among the elderly with mild dementia",2020,10,12,Brain and Behavior,2162-3279,10,12,e01874,"Son, S. M. and Kwag, S. W.",https://ovidsp.ovid.com/ovidweb.cgi?T=JS&CSC=Y&NEWS=N&PAGE=fulltext&D=med18&AN=33034429http://pmt-eu.hosted.exlibrisgroup.com/openurl/44LSE/44LSE_services_page?sid=OVID:medline&id=pmid:33034429&id=doi:10.1002%2Fbrb3.1874&issn=2162-3279&isbn=&volume=10&issue=12&spage=e01874&pages=e01874&date=2020&title=Brain+and+Behavior&atitle=Effects+of+white+noise+in+walking+on+walking+time%2C+state+anxiety%2C+and+fear+of+falling+among+the+elderly+with+mild+dementia.&aulast=Son,,,,"OBJECTIVE: This study aimed to analyze the effects of white noise in walking on the walking time, state anxiety, and fear of falling of the elderly with mild dementia. METHODS: Subjects were 32 elderlies with mild dementia, and they divided into experimental group and control group, respectively. In the experimental group, walking program with white noise was applied 3 times a week for 4 weeks. White noise was provided by white noise generator in walking program. In the control group, walking program only was applied. To measure the effect of white noise in walking among the subjects, the walking time, state anxiety, and fear of falling were measured. Walking time was measured by Timed Up and Go test. State anxiety related in walking was measured by Korean version of State-Trait Anxiety Inventory. Fear of falling was used by Korean Falls Efficacy Scale. RESULTS: The results of walking time showed the increase in both groups, but the statistically significant difference was not shown. However, the results of state anxiety and fear of falling showed decrease and the statistically significant difference was shown (p < .01). In comparative analysis, the statistically significant difference in the results of gate velocity between groups was not shown. However, in the results of state anxiety and fear of falling the statistically significant difference between groups was shown (p < .01). CONCLUSIONS: White noise in walking should be induced positively to decrease the state anxiety and fear of falling in walking among elderly with mild dementia. Thus, in their environment, to decrease of state anxiety and fear of falling occurring in walking, the application of white noise in walking situation should be considered to apply for them. Copyright © 2020 The Authors. Brain and Behavior published by Wiley Periodicals LLC. (Medline Ovid 21/09/2022) 480","RAYYAN-INCLUSION: {""Marta""=>""Excluded"", ""Sophie""=>""Excluded"", ""Jessica""=>""Excluded""} | RAYYAN-EXCLUSION-REASONS: Setting (not low- and middle-income country)",https://dx.doi.org/10.1002/brb3.1874,Accidental Falls/pc [Prevention & Control];*Accidental Falls;Aged;Anxiety;*Dementia;Fear;Humans;Postural Balance;Time and Motion Studies;Walking;Dementia;European Continental Ancestry Group,,
rayyan-883472592,Adjunctive Raloxifene and Isradipine Improve Cognitive Functioning in Patients With Schizophrenia: A Pilot Study,2020,9,,Journal of Clinical Psychopharmacology,1533-712X,40,5,457-463,"Vahdani, B. and Armani Kian, A. and Esmaeilzadeh, A. and Zenoozian, S. and Yousefi, V. and Mazloomzadeh, S.",https://ovidsp.ovid.com/ovidweb.cgi?T=JS&CSC=Y&NEWS=N&PAGE=fulltext&D=med18&AN=32796392http://pmt-eu.hosted.exlibrisgroup.com/openurl/44LSE/44LSE_services_page?sid=OVID:medline&id=pmid:32796392&id=doi:10.1097%2FJCP.0000000000001274&issn=0271-0749&isbn=&volume=40&issue=5&spage=457&pages=457-463&date=2020&title=Journal+of+Clinical+Psychopharmacology&atitle=Adjunctive+Raloxifene+and+Isradipine+Improve+Cognitive+Functioning+in+Patients+With+Schizophrenia%3A+A+Pilot+Study.&aulast=Vahdani,,,,"BACKGROUND: Cognitive impairment is the most important feature of schizophrenia leading to severe functional disability. To identify pathways that improve pathophysiological neurocognition in schizophrenia is a current challenge for the development of goal-directed clinical interventions. In the present study, we investigated the effects of raloxifene (a selective estrogen modulator) and isradipine (a voltage-gated L-type calcium channel blocker) on cognitive deficits in patients with schizophrenia. METHOD: We designed a double-blind, randomized, parallel, placebo-controlled trial. We randomized 60 patients with schizophrenia into 3 groups including isradipine 5 mg, raloxifine 60 mg, and placebo for 6 consequent weeks, all in the same shape capsules, 2 times a day, along with treatment as usual. The initial and final results of blood tests, electrocardiograms, and cognitive tests in specific domains, such as attention, processing speed, executive function, and verbal memory were evaluated. RESULTS: Our findings revealed a remarkable association between adjunctive raloxifene treatment and the alleviation of verbal memory deficits. Isradipine treatment significantly improved the verbal memory and attention dysfunction in some variables of the Stroop test, compared with the placebo. However, no effect was observed in processing speed and executive function deficits. CONCLUSIONS: To the best of our knowledge, this study provides the first evidence that isradipine is a novel therapy option improving verbal memory and attention, both related to its activity in the hippocampus and the cerebellum. Further investigations are necessary to elucidate the mechanisms of action for both drugs in schizophrenia. (Medline Ovid 21/09/2022) 17","RAYYAN-INCLUSION: {""Marta""=>""Excluded"", ""Sophie""=>""Excluded"", ""Jessica""=>""Excluded""} | RAYYAN-EXCLUSION-REASONS: Population (not people with dementia or mild cognitive impairment or their carers)",https://dx.doi.org/10.1097/JCP.0000000000001274,"Adult;Antipsychotic Agents/ae [Adverse Effects];*Antipsychotic Agents/tu [Therapeutic Use];Attention/de [Drug Effects];Calcium Channel Blockers/ae [Adverse Effects];*Calcium Channel Blockers/tu [Therapeutic Use];*Cognition/de [Drug Effects];Double-Blind Method;Drug Therapy, Combination;Female;Humans;Iran;Isradipine/ae [Adverse Effects];*Isradipine/tu [Therapeutic Use];Male;Memory/de [Drug Effects];Middle Aged;Pilot Projects;Raloxifene Hydrochloride/ae [Adverse Effects];*Raloxifene Hydrochloride/tu [Therapeutic Use];Schizophrenia/di [Diagnosis];*Schizophrenia/dt [Drug Therapy];*Schizophrenic Psychology;Selective Estrogen Receptor Modulators/ae [Adverse Effects];*Selective Estrogen Receptor Modulators/tu [Therapeutic Use];Time Factors;Treatment Outcome;0 (Antipsychotic Agents);0 (Calcium Channel Blockers);0 (Selective Estrogen Receptor Modulators);4F86W47BR6 (Raloxifene Hydrochloride);YO1UK1S598 (Isradipine);Schizophrenia;Isradipine;Raloxifene",,
rayyan-883472593,The Transfer Effects of Cognitive Training on Working Memory Among Chinese Older Adults With Mild Cognitive Impairment: A Randomized Controlled Trial,2019,,,Frontiers in aging neuroscience,1663-4365,11,,212,"Weng, W. and Liang, J. and Xue, J. and Zhu, T. and Jiang, Y. and Wang, J. and Chen, S.",https://ovidsp.ovid.com/ovidweb.cgi?T=JS&CSC=Y&NEWS=N&PAGE=fulltext&D=pmnm4&AN=31474850http://pmt-eu.hosted.exlibrisgroup.com/openurl/44LSE/44LSE_services_page?sid=OVID:medline&id=pmid:31474850&id=doi:10.3389%2Ffnagi.2019.00212&issn=1663-4365&isbn=&volume=11&issue=&spage=212&pages=212&date=2019&title=Frontiers+in+aging+neuroscience&atitle=The+Transfer+Effects+of+Cognitive+Training+on+Working+Memory+Among+Chinese+Older+Adults+With+Mild+Cognitive+Impairment%3A+A+Randomized+Controlled+Trial.&aulast=Weng,,,,"Objectives: To explore the transfer effects of cognitive training on working memory among older Chinese adults with mild cognitive impairment (MCI). Methods: Sixty-two MCI participants aged more than 60 years old were recruited by holding recruitment sessions in communities in China [33 for cognitive training, and 29 for mental leisure activities (MLA) control]. Cognitive functions, including working memory, execution function, reasoning ability, verbal ability, ability of daily living, were measured at three time-points (baseline, post-training and 3 months after training). Results: Compared to the MLA control, the cognitive training group showed significant effects in both the trained (working memory) and untrained (execution function and ability of daily living) domains. The effects of cognitive training on overall cognitive function, working memory and daily life ability of daily living of MCI could be maintained for at least 3 months, even without the cognitive training. Besides, complete mediating effects of cognitive training were found in executive function through working memory and working memory in ability of daily living though executive function, which suggests the presence of transfer effect of cognitive training. Conclusions: The present study supported that cognitive training could effectively improve working memory in elders with MCI. The training effects on working memory could transfer to other untrained areas (such as executive function), which also improved the comprehensive ability (ability of daily living). And the effects of training could largely persist for 3 months. (Medline Ovid 21/09/2022) 1089","RAYYAN-INCLUSION: {""Marta""=>""Included"", ""Sophie""=>""Included"", ""Jessica""=>""Included""}",https://dx.doi.org/10.3389/fnagi.2019.00212,"Memory, Short-Term;Cognition",,
rayyan-883472594,Clinical research on compound porcine cerebroside and ganglioside injection combined with donepezil hydrochloride on old patients with cognitive impairment after cerebral infarction,2020,,,Chinese Journal of Gerontology,1005-9202,40,11,2258-2261,"Wu, QunQiang and Liao, ChunHua and Jiao, HuiDuo",https://oversea.cnki.net/kcms/detail/detail.aspx?dbcode=CJFD&filename=ZLXZ202011007&dbname=CJFDLAST2020,Chinese,,,"Objective: To investigate the clinical effect of compound brain peptide ganglioside injection combined with donepezil hydrochloride tablets on cognitive impairment after cerebral infarction in the elderly. Methods: 104 elderly patients with cognitive impairment after cerebral infarction were randomly divided into control group and study group with 52 cases each. The control group was treated with donepezil hydrochloride tablets, and the study group was treated with compound brain peptide ganglioside injection combined with donepezil hydrochloride tablets. Both groups were treated for 8 weeks. Evaluate and compare the clinical efficacy of the two groups. The National Institutes of Health Stroke Scale (NIHSS) score, Fugl-meyer scale (Fugl-meyer) score, Montreal Cognitive Assessment Scale (MoCA) score, and serum high sensitivity C-reactive protein (hs-CRP), homocysteine (Hcy), fibrinogen (FIB), D-dimer (DD) levels. Record and compare the occurrence of adverse reactions during the treatment of the two groups. Results: The total effective rate of the study group was significantly higher than that of the control group (P<0.05). After treatment, the NIHSS scores of the two groups were significantly lower than those before treatment, and the Fugl-meyer scores and MoCA scores were significantly greater than those before treatment, and the changes in the NIHSS score, Fugl-meyer score, and MoCA score of the study group were significantly greater than those of the control group (all P <0.05). After treatment, the serum levels of hs-CRP, Hcy, FIB and DD in the two groups were significantly lower than before treatment, and the serum indexes of the study group were lower than those in the control group (all P < 0.05). During the treatment, there was no significant difference in the incidence of adverse reactions between the two groups (P > 0.05). Conclusion: The compound brain peptide ganglioside injection combined with donepezil hydrochloride tablets has a clear clinical effect in the treatment of cognitive impairment after cerebral infarction in the elderly, and it is helpful to the improvement of nerve defects, motor function and cognitive function, and its mechanism of action may be related to the reduction of hs. -CRP, Hcy, FIB and DD levels are related, and the safety is good. (Global Health Ovid 21/09/2022) 2434","RAYYAN-INCLUSION: {""Andra""=>""Excluded"", ""Huseyin""=>""Excluded"", ""Marta""=>""Maybe"", ""Sophie""=>""Maybe"", ""Jessica""=>""Maybe""} | RAYYAN-EXCLUSION-REASONS: foreign language | USER-NOTES: {""Sophie""=>[""Chinese""]}",http://dx.doi.org/10.3969/j.issn.1005-9202.2020.11.006,adverse effects;brain;brain diseases;cerebral infarction;cerebrosides;effects;glycosphingolipids;health;human diseases;injection;mode of action;patients;research;stroke;Cerebral Infarction,,
rayyan-883472595,Efficacy of vortioxetine combined cognitive behaviour intervention therapy on brain-derived neurotrophic factor level on depressive patients,2019,9,,Psychogeriatrics:The Official Journal of the Japanese Psychogeriatric Society,1479-8301,19,5,475-481,"Yan, G. and Zhang, M. and Liu, Y. and Yin, M.",https://ovidsp.ovid.com/ovidweb.cgi?T=JS&CSC=Y&NEWS=N&PAGE=fulltext&D=med16&AN=30780196http://pmt-eu.hosted.exlibrisgroup.com/openurl/44LSE/44LSE_services_page?sid=OVID:medline&id=pmid:30780196&id=doi:10.1111%2Fpsyg.12426&issn=1346-3500&isbn=&volume=19&issue=5&spage=475&pages=475-481&date=2019&title=Psychogeriatrics%3AThe+Official+Journal+of+the+Japanese+Psychogeriatric+Society&atitle=Efficacy+of+vortioxetine+combined+cognitive+behaviour+intervention+therapy+on+brain-derived+neurotrophic+factor+level+on+depressive+patients.&aulast=Yan,,,,"BACKGROUND: To evaluate the effect of vortioxetine combined with cognitive behaviour intervention on the level of brain-derived neurotrophic factor (BDNF) in the serum of patients with depression and its therapeutic effect. METHODS: A total of 82 depressive patients treated at the School of Basic Medicine, Heilongjiang University of Chinese Medicine from January 2017 to June 2017 were randomised into a control group (n = 41) and intervention group (n = 41) according to a random number table. Both groups were given vortioxetine treatment, while the intervention group adopted an additional cognitive-behavioural therapy at the same time. The therapeutic effect was evaluated using the Hamilton Depression Scale (HAMD). The cognitive function was evaluated using continuous performance test (CPT) and Wisconsin card sorting test (WCST). The changes of BDNF level were detected with the use of enzyme-linked immunosorbent assay. RESULTS: The HAMD score of the intervention group was obviously lower than that of the control group after treatment (P < 0.001). WCST test showed that the number of trials, perseverative errors and non-perseverative errors in the intervention group were significantly lower than those in the control group, while the correct matching number and the number of categories achieved were significantly higher than those in the control group (all P < 0.001). Results of CPT showed that the correct number of responses to stimulus, the verbal fluency and the fluency of classification in the intervention group were significantly higher than those in the control group (all P < 0.05). Moreover, after treatment, the serum BDNF level of the intervention group was significantly higher than that in the control group (P < 0.001). CONCLUSIONS: Vortioxetine combined with cognitive behavioural therapy has a good clinical effect and can largely improve the cognitive function of depressive patients. Copyright © 2019 Japanese Psychogeriatric Society. (Medline Ovid 21/09/2022) 504","RAYYAN-INCLUSION: {""Andra""=>""Excluded"", ""Marta""=>""Excluded"", ""Sophie""=>""Excluded"", ""Jessica""=>""Excluded""} | RAYYAN-EXCLUSION-REASONS: Retracted article | USER-NOTES: {""Sophie""=>[""Japan = HIC;  Patients with depression""]}",https://dx.doi.org/10.1111/psyg.12426,"Adult;Brain-Derived Neurotrophic Factor/bl [Blood];*Brain-Derived Neurotrophic Factor/de [Drug Effects];*Cognitive Behavioral Therapy;Cognitive Dysfunction/bl [Blood];Cognitive Dysfunction/dt [Drug Therapy];Cognitive Dysfunction/et [Etiology];*Cognitive Dysfunction/th [Therapy];Combined Modality Therapy;*Depressive Disorder/bl [Blood];Depressive Disorder/co [Complications];Depressive Disorder/dt [Drug Therapy];*Depressive Disorder/th [Therapy];Female;Humans;Male;*Outcome Assessment, Health Care;Serotonin Uptake Inhibitors/ad [Administration & Dosage];*Serotonin Uptake Inhibitors/pd [Pharmacology];Vortioxetine/ad [Administration & Dosage];*Vortioxetine/pd [Pharmacology];0 (Brain-Derived Neurotrophic Factor);0 (Serotonin Uptake Inhibitors);3O2K1S3WQV (Vortioxetine);7171WSG8A2 (BDNF protein, human);Brain;Brain-Derived Neurotrophic Factor;Nerve Growth Factors",,
rayyan-883472596,The effects of an expanded cognitive stimulation therapy model on the improvement of cognitive ability of elderly with mild stage Dementia living in a community - a randomized waitlist controlled trial,2019,10,7,Aging & Mental Health,1364-6915,23,7,855-862,"Young, D. K. and Ng, P. Y. and Kwok, T. and Ho, F. and Cheng, D. and Mak, V. and Lau, A.",https://ovidsp.ovid.com/ovidweb.cgi?T=JS&CSC=Y&NEWS=N&PAGE=fulltext&D=med16&AN=29781725http://pmt-eu.hosted.exlibrisgroup.com/openurl/44LSE/44LSE_services_page?sid=OVID:medline&id=pmid:29781725&id=doi:10.1080%2F13607863.2018.1471586&issn=1360-7863&isbn=&volume=23&issue=7&spage=855&pages=855-862&date=2019&title=Aging+%26+Mental+Health&atitle=The+effects+of+an+expanded+cognitive+stimulation+therapy+model+on+the+improvement+of+cognitive+ability+of+elderly+with+mild+stage+Dementia+living+in+a+community+-+a+randomized+waitlist+controlled+trial.&aulast=Young,,,,"OBJECTIVE: This research study aims to evaluate the effectiveness of an expanded cognitive stimulation therapy (CST) model that combines a CST group and tai chi on improving the cognitive ability of community-dwelling Chinese elderly with mild stage dementia (EwMD). METHOD: A randomized waitlist controlled trial design was adopted in this study. The treatment group participated in a structured CST group followed by tai chi twice a week, with a total of 14 sessions throughout the study period. The waitlist control group received treatment as usual at the initial stage and expanded CST model at a later stage. The Chinese Mattis Dementia Rating Scale (DRS) and the Chinese Mini Mental State Examination (MMSE) were used to assess the cognitive ability of EwMD in the pre- and post- treatment periods. RESULTS: At baseline, the treatment group (n = 51) and control group (n = 50) did not differ significantly in any demographic or clinical variables. Overall, the participants had a mean baseline MMSE score of 20.67 (SD = 2.30). The 2 x 2 repeated measures ANCOVA demonstrated that the treatment group was significantly more effective than the control group in improving the MMSE score (F = 12.31, p< .01) with a moderate effect size (partial eta square = .11) after controlling for group difference in age, gender, education, and having a diagnosis of dementia. CONCLUSION: The present study demonstrates the effectiveness of the expanded CST model on the improvement of cognitive ability of community-dwelling EwMD. More research is needed to further investigate this intervention model across cultures and societies. (Medline Ovid 21/09/2022) 428","RAYYAN-INCLUSION: {""Marta""=>""Excluded"", ""Sophie""=>""Excluded"", ""Jessica""=>""Excluded""} | RAYYAN-EXCLUSION-REASONS: Setting (not low- and middle-income country) | USER-NOTES: {""Sophie""=>[""Hongkong = HIC""]}",https://dx.doi.org/10.1080/13607863.2018.1471586,"Aged;Aged, 80 and over;*Cognitive Remediation;Combined Modality Therapy;*Dementia/rh [Rehabilitation];Female;Humans;Independent Living;Male;Psychotherapy, Group;Severity of Illness Index;*Tai Ji;Treatment Outcome;Waiting Lists;Dementia;Cognition",,
rayyan-883472597,The results of a crossover placebo-controlled study of the effect of lavender oil on behavioral and psychological symptoms of dementia,2019,,,Rejuvenation Research,1549-1684 1557-8577,22,3,246-253,"Zalomonson, S. and Freud, T. and Punchik, B. and Samson, T. and Lebedinsky, S. and Press, Y.",https://www.liebertpub.com/doi/10.1089/rej.2018.2123,English,,,"Studies of the effect of aromatherapy on patients with behavioral and psychological symptoms of dementia (BPSD) have yielded contradictory results. One possible explanation for this lack of consistent results is the site of application of the oil. The aim of the study was to evaluate the effect of lavender oil on the rate of BPSD when applied close to and away from the olfactory system. A crossover placebo-controlled study was conducted in the two psychogeriatric long term care departments. Patients in Department A received lavender oil on their face during the first month and on their foot in the second month, sunflower seed oil on their foot in the third month and on their face in the fourth month. Patients in Department B received sunflower seed oil on their face during the first month and on their foot in the second month, and lavender oil on their foot in the third month and on their face in the fourth month. Forty-two patients completed the study. Their mean age was 76.1+or-11.2 years. After 4 months of treatment, the mean Neuropsychiatric Inventory score in Department A dropped from 13.1+or-8.3 (median 12.0) to 3.5+or-3.8 (median 2.0; p<0.0001) and in Department B it dropped from 9.7+or-9.6 (median 6.0) to 1.4+or-2.5 (median 0; p<0.0001). This reduction was not associated with the type of oil or the site of application. Based on these results, lavender oil has no advantage over sunflower seed oil in the reduction of BPSD, regardless of the place of application. (Global Health Ovid 21/09/2022) 2694","RAYYAN-INCLUSION: {""Marta""=>""Excluded"", ""Sophie""=>""Excluded"", ""Jessica""=>""Excluded""} | RAYYAN-EXCLUSION-REASONS: Study design (not randomised) | USER-NOTES: {""Sophie""=>[""Israël = HiC""]}",,behaviour;dementia;essential oil plants;essential oils;feet;human diseases;long term care;oil plants;olfactory organs;psychology;Dementia,,
rayyan-883472598,Analysis of outcomes of randomized controlled trial on compound Chinese herbal medicine formulas in treatment of vascular cognitive impairment caused by cerebral small vessel,2020,12,,Zhongguo Zhong Yao Za Zhi/Zhongguo Zhongyao Zazhi/China Journal of Chinese Materia Medica,1001-5302,45,23,5804-5818,"Zhang, X. Y. and Liao, X. and Liu, X. M. and Xia, R. Y. and Liang, X. and Xu, Z. M. and Li, X. and Li, N. N. and Chen, Z. G.",https://ovidsp.ovid.com/ovidweb.cgi?T=JS&CSC=Y&NEWS=N&PAGE=fulltext&D=med18&AN=33496122http://pmt-eu.hosted.exlibrisgroup.com/openurl/44LSE/44LSE_services_page?sid=OVID:medline&id=pmid:33496122&id=doi:10.19540%2Fj.cnki.cjcmm.20200908.501&issn=1001-5302&isbn=&volume=45&issue=23&spage=5804&pages=5804-5818&date=2020&title=Zhongguo+Zhong+Yao+Za+Zhi%2FZhongguo+Zhongyao+Zazhi%2FChina+Journal+of+Chinese+Materia+Medica&atitle=%5BAnalysis+of+outcomes+of+randomized+controlled+trial+on+compound+Chinese+herbal+medicine+formulas+in+treatment+of+vascular+cognitive+impairment+caused+by+cerebral+small+vessel%5D.&aulast=Zhang,,,,"The purpose of the study is to analyze the outcomes of randomized controlled trial(RCT) of Chinese herbal medicine formula(CHMF) in the treatment of vascular cognitive impairment caused by cerebral small vessel disease(CSVD-VCI), and provide suggestions for future studies in this field. Three English databases, four Chinese databases, and two online registration websites of clinical trials were searched with use of the search strategy established in advance. Relevant RCTs published in recent ten years were screened, and necessary information was extracted to assess the risk of bias and analyze the outcomes of these RCTs. As a result, a total of 10 461 articles were retrieved, of which 8 681 were kept after de-duplication, and 41 RCTs were included after screening, with a generally higher risk of bias. The outcomes of included RCTs were classified into 9 categories, namely, clinical symptom outcomes, neuroimaging outcomes, neuroelectrophysiological outcomes, blood biochemical outcomes, hemorheology outcomes, physical signs, syndrome scores of traditional Chinese medicine(TCM), clinical effective rate, and safety outcomes. Among them, the most frequently reported outcomes of included RCTs were blood biochemical outcomes, and clinical symptom outcomes showed the highest reporting rate. Besides, 9 RCTs reported syndrome scores of TCM as the outcomes and illustrated corresponding evaluation criteria. The analysis showed that the application of RCT outcomes in this field had clinical rationality and limitations, and there were also some deficiencies in the trial design level, namely, no distinction between primary and secondary outcomes, insufficient blind methods, not detailed description of outcomes, disunity of evaluation tools, and despised endpoint outcomes. These limitations and deficiencies were negatively affecting the quality of RCTs of CHMF in the treatment of CSVD-VCI. Therefore, we suggest that future researchers should be well prepared in the top-level design stage, and actively construct the core outcome set of this field, so as to improve the quality of clinical trials. (Medline Ovid 21/09/2022) 41","RAYYAN-INCLUSION: {""Marta""=>""Excluded"", ""Jessica""=>""Excluded""} | RAYYAN-EXCLUSION-REASONS: Publication type (systematic review and meta-analysis)",https://dx.doi.org/10.19540/j.cnki.cjcmm.20200908.501,"*Cerebral Small Vessel Diseases;*Cognitive Dysfunction;*Drugs, Chinese Herbal;Humans;Medicine, Chinese Traditional;Phytotherapy;0 (Drugs, Chinese Herbal);Herbal Medicine",,
rayyan-883472599,"Assessor- and participant-blinded, randomized controlled trial of dense cranial electroacupuncture stimulation plus body acupuncture for neuropsychiatric sequelae of stroke",2020,,,Psychiatry and Clinical Neurosciences,1323-1316,74,3,183-190,"Zhang, Zhang-Jin and Zhao, Hong and Jin, Gui-Xing and Man, Sui-Cheung and Wang, Yi-Si and Wang, Ying and Wang, Hai-Rong and Li, Meng-Han and Yam, Lo-Lo and Qin, Zong-Shi and Yu, Kim-Kam Teresa and Wu, Jing and Ng, Fung-Leung Bacon and Ziea, Tat-Chi Eric and Rong, Pei-Jing",http://ovidsp.ovid.com/ovidweb.cgi?T=JS&PAGE=reference&D=psyc17&NEWS=N&AN=2019-80377-001,English,,,"Aim: Acupuncture has benefits in the rehabilitation of neuropsychiatric sequelae of stroke. This study was aimed to evaluate the effectiveness of dense cranial electroacupuncture stimulation plus body acupuncture (DCEAS+BA) in treating poststroke depression (PSD), functional disability, and cognitive deterioration. Methods: In this assessor- and participant-blinded, randomized controlled trial, 91 stroke patients who initially had PSD were randomly assigned to either DCEAS+BA (n = 45) or minimum acupuncture stimulation as controls (n = 46) for three sessions per week over 8 consecutive weeks. The primary outcome was baseline-to-end-point change in score of the 17-item Hamilton Depression Rating Scale. Secondary outcomes included the Montgomery-Asberg Depression Rating Scale for depressive symptoms, the Barthel Index for functional disability, and the Montreal Cognitive Assessment for cognitive function. Results: DCEAS+BA-treated patients showed strikingly greater end-point reduction than MAS-treated patients in scores of the three symptom domains. The clinical response rate, defined as an at least 50% baseline-to-end-point reduction in 17-item Hamilton Depression Rating Scale score, was markedly higher in the DCEAS+BA-treated group than that of controls (40.0% vs 17.4%, P = 0.031). Incidence of adverse events was not different in the two groups. Subgroup analysis revealed that DCEAS+BA with electrical stimulation on forehead acupoints was more apparent in reducing Barthel-Index-measured disability than that without electrical stimulation. Conclusion: DCEAS+BA, particularly with electrical stimulation on forehead acupoints, reduces PSD, functional disability, and cognitive deterioration of stroke patients. It can serve as an effective rehabilitation therapy for neuropsychiatric sequelae of stroke. (PsycInfo Database Record (c) 2021 APA, all rights reserved) (PsycINFO Ovid 21/09/2022) 2981","RAYYAN-INCLUSION: {""Marta""=>""Excluded"", ""Sophie""=>""Excluded"", ""Jessica""=>""Excluded""} | RAYYAN-EXCLUSION-REASONS: Setting (not low- and middle-income country) | USER-NOTES: {""Sophie""=>[""Hongkong""]}",https://dx.doi.org/10.1111/pcn.12959,*Acupuncture;*Cerebrovascular Accidents;*Major Depression;*Stimulation;*Sequelae;Electrical Stimulation;Rating Scales;Rehabilitation;Stroke,,
rayyan-883472600,Therapeutic effect of piracetam with nimodipine on vascular dementia after cerebral infarction,2020,9,,Pakistan Journal of Pharmaceutical Sciences,1011-601X,33,5,2405-2411,"Zongfang, Z. and Wenjing, L. and Zhaomin, C. and Lei, Z.",https://ovidsp.ovid.com/ovidweb.cgi?T=JS&CSC=Y&NEWS=N&PAGE=fulltext&D=med18&AN=33832882http://pmt-eu.hosted.exlibrisgroup.com/openurl/44LSE/44LSE_services_page?sid=OVID:medline&id=pmid:33832882&id=doi:&issn=1011-601X&isbn=&volume=33&issue=5&spage=2405&pages=2405-2411&date=2020&title=Pakistan+Journal+of+Pharmaceutical+Sciences&atitle=Therapeutic+effect+of+piracetam+with+nimodipine+on+vascular+dementia+after+cerebral+infarction.&aulast=Zongfang,,,,"This article investigated the clinical effects of piracetam with nimodipine in the treatment of vascular dementia (VD) after cerebral infarction. 98 patients with vascular dementia after cerebral infarction were selected and divided into the control group and the study group according to the treatment method. The control group was treated with nimodipine alone. The study group was treated with piracetam on the basis of this observation, and we test the ADL (life ability score), MoCA(montreal cognitive assessment scale), ADAS-Cog(alzheimer's scale-cognition), MMSE(mental status examination) scores and quality of life scores before and after treatment in the two groups. Before treatment, there were no significant differences in ADL, MoCA, and ADAS-Cog scores between the two groups (P>0.05). After treatment, the ADL, MoCA, and ADAS-Cog scores of the study group were superior to the control group. The difference was statistically significant (P<0.05). There was no significant difference in MMSE scores between the two groups before treatment and 1 month after treatment (P>0.05). The MMSE scores of the study group were better than the control group after 3 months of treatment and half a year after treatment. The difference was statistically significant (P <0.05). Before treatment, there was no significant difference in the quality of life scores between the two groups (P>0.05). After treatment, the quality of life scores was significantly higher than the control group, and the difference was statistically significant (P<0.05). For patients with vascular dementia after cerebral infarction, piracetam combined with nimodipine can improve the cognitive function, improve the quality of life, and have a significant clinical effect. (Medline Ovid 21/09/2022) 1061","RAYYAN-INCLUSION: {""Marta""=>""Excluded"", ""Sophie""=>""Excluded"", ""Jessica""=>""Excluded""} | RAYYAN-EXCLUSION-REASONS: Study design (not randomised) | USER-NOTES: {""Sophie""=>[""Random assignment?""]}",,"Aged;Calcium Channel Blockers/ae [Adverse Effects];*Calcium Channel Blockers/tu [Therapeutic Use];Case-Control Studies;*Cerebral Infarction/co [Complications];Cerebral Infarction/di [Diagnosis];*Cerebrovascular Circulation/de [Drug Effects];*Cognition/de [Drug Effects];*Dementia, Vascular/dt [Drug Therapy];Dementia, Vascular/et [Etiology];Dementia, Vascular/pp [Physiopathology];Dementia, Vascular/px [Psychology];Drug Therapy, Combination;Female;Humans;Male;Middle Aged;Nimodipine/ae [Adverse Effects];*Nimodipine/tu [Therapeutic Use];Nootropic Agents/ae [Adverse Effects];*Nootropic Agents/tu [Therapeutic Use];Piracetam/ae [Adverse Effects];*Piracetam/tu [Therapeutic Use];Quality of Life;Time Factors;Treatment Outcome;0 (Calcium Channel Blockers);0 (Nootropic Agents);57WA9QZ5WH (Nimodipine);ZH516LNZ10 (Piracetam);Dementia, Vascular;Cerebral Infarction;Piracetam;Nimodipine",,
